<?xml version="1.0" encoding="UTF-8"?>
<SUI>
    <property SUICoreVersion="2.0.0"/>
    <property SUIEditorVersion="1.8.0"/>
    <property SUIObjectFactory="SUI Object factory"/>
    <property Height="500"/>
    <property Width="500"/>
    <property SUIVersion="2.0"/>
    <property SUIName="Example SUI"/>
    <property SUIDescription="Example SUI"/>
    <property HasBottomButtonBar="false"/>
    <property HasRightButtonBar="false"/>
    <property HasStatusBar="false"/>
    <widget>
        <property ID="wpg1"/>
        <property ObjectType="WidgetPage"/>
        <property SUICoreVersion=""/>
        <property XPos="4"/>
        <property SUIEditorVersion=""/>
        <property YPos="4"/>
        <property SUIObjectFactory=""/>
        <property MenuItem=""/>
        <property Visible="true"/>
        <property Enable="true"/>
        <property SUIVersion=""/>
        <property SUIName=""/>
        <property SUIDescription=""/>
        <property HasBottomButtonBar=""/>
        <property HasRightButtonBar=""/>
        <property HasStatusBar=""/>
        <property ToolTipEnable="true"/>
        <property ToolTip=""/>
        <property UserControl=""/>
        <property Height="500"/>
        <property Width="500"/>        
    </widget>
</SUI>
