<?xml version="1.0" encoding="UTF-8"?>
<SUI>
    <property SUICoreVersion="2.0.0"/>
    <property SUIEditorVersion="1.8.0"/>
    <property SUIObjectFactory="SUI Object factory"/>
    <property Height="1000"/>
    <property SUIStylesheet="SourceGUI"/>
    <property Width="1550"/>
    <property SUIVersion="2.0"/>
    <property SUIName="Example SUI"/>
    <property SUIDescription="Example SUI"/>
    <property HasBottomButtonBar="false"/>
    <property HasRightButtonBar="false"/>
    <property HasStatusBar="false"/>
    <widget>
        <property ID="wpg1"/>
        <property ObjectType="WidgetPage"/>
        <property UserControl=""/>
        <property XPos="0"/>
        <property YPos="0"/>
        <property Visible="true"/>
        <property Menu=""/>
        <property Enable="true"/>
        <property MenuItem=""/>
        <property Moveable="false"/>
        <property Sizeable="false"/>
        <property ToolTipEnable="true"/>
        <property ToolTip=""/>
        <property StyleSheetClass=""/>
        <property Height="1000"/>
        <property Width="1550"/>
        <widget>
            <property ID="lblADTStatus"/>
            <property ObjectType="Label"/>
            <property XPos="150"/>
            <property YPos="160"/>
            <property Menu=""/>
            <property MenuItem=""/>
            <property Text="ADT Status"/>
            <property StyleSheetClass=""/>
            <property Visible="true"/>
            <property Enable="true"/>
            <property Moveable="true"/>
            <property Sizeable="true"/>
            <property FontSize="Small"/>
            <property Bold="false"/>
            <property ToolTipEnable="true"/>
            <property Color="white"/>
            <property ToolTip=""/>
            <property BGColor="Transparent"/>
            <property PropScientific="false"/>
            <property Alignment="Left"/>
            <property UserControl=""/>
            <property Height="30"/>
            <property Width="340"/>
        </widget>
        <widget>
            <property ID="tawADT"/>
            <property ObjectType="TableWidget"/>
            <property XPos="150"/>
            <property YPos="200"/>
            <property Menu=""/>
            <property MenuItem=""/>
            <property Visible="true"/>
            <property StyleSheetClass=""/>
            <property Enable="true"/>
            <property Moveable="true"/>
            <property Sizeable="true"/>
            <property ColumnCount="1"/>
            <property RowCount="1"/>
            <property ColumnWidths="0,250"/>
            <property ListViewMode="false"/>
            <property BorderWidth="3"/>
            <property BorderOn="false"/>
            <property ToolTipEnable="true"/>
            <property ToolTip=""/>
            <property MultipleRowSelection="false"/>
            <property HeadersOn="false"/>
            <property HorizonHeaderTags=""/>
            <property VerticalHeaderTags=""/>
            <property UserControl=""/>
            <property TabOrder="0"/>
            <property Height="556"/>
            <property Width="700"/>
            <widget>
                <property ID="twi-tawADT:1-1"/>
                <property ObjectType="TableWidgetItem"/>
                <property XPos="0"/>
                <property YPos="0"/>
                <property Menu=""/>
                <property CellName=""/>
                <property MenuItem=""/>
                <property Visible="true"/>
                <property StyleSheetClass=""/>
                <property Enable="false"/>
                <property Moveable="false"/>
                <property Sizeable="false"/>
                <property Bold="false"/>
                <property BorderWidth="3"/>
                <property BorderOn="false"/>
                <property ToolTipEnable="true"/>
                <property ToolTip=""/>
                <property Text="ADT List"/>
                <property Alignment="Center"/>
                <property UserControl=""/>
                <property Height="0:200"/>
                <property Width="0:200"/>
            </widget>
         </widget>         
         <widget>
             <property ID="btnStartADT"/>
             <property ObjectType="Button"/>
             <property XPos="220"/>
             <property YPos="630"/>
             <property Menu=""/>
             <property MenuItem=""/>
             <property Text="Start ADT"/>
             <property StyleSheetClass=""/>
             <property Visible="true"/>
             <property Enable="true"/>
             <property Moveable="true"/>
             <property Sizeable="true"/>
             <property Bold="false"/>
             <property ToolTipEnable="true"/>
             <property ToolTip=""/>
             <property ImageData=""/>
             <property ImageDataPressed=""/>
             <property Alignment="Center"/>
             <property UserControl=""/>
             <property TabOrder="3"/>
             <property Height="40"/>
             <property Width="120"/>
         </widget>
	</widget>
</SUI>
