<?xml version="1.0" encoding="UTF-8"?>
<SUI>
  <property SUICoreVersion="2.46.0" />
  <property SUIEditorVersion="2.46.0" />
  <property SUIObjectFactory="SUI Object factory" />
  <property Height="960" />
  <property SUIStylesheet="SourceGUI" />
  <property Width="1545" />
  <property SUIVersion="2.46" />
  <property SUIName="Example SUI" />
  <property SUIDescription="Example SUI" />
  <property HasBottomButtonBar="false" />
  <property Namespace="NMSP" />
  <property HasRightButtonBar="false" />
  <property ClassName="CLNA" />
  <property HasStatusBar="false" />
  <property Include-UCT-Driver="UCT-Parameter.xml"/>

  <widget>
    <property ID="lblHeader" />
    <property ObjectType="Label" />
    <property XPos="0" />
    <property YPos="40" />
    <property Menu="" />
    <property MenuItem="" />
    <property Visible="true" />
    <property StyleSheetClass="" />
    <property Enable="true" />
    <property Moveable="true" />
    <property Sizeable="true" />
    <property FontSize="Small" />
    <property Bold="false" />
    <property Color="white" />
    <property ToolTipEnable="true" />
    <property BGColor="Transparent" />
    <property ToolTip="" />
    <property PropScientific="false" />
    <property Text="Machine constants" />
    <property Alignment="Left" />
    <property UserControl="" />
    <property Height="30" />
    <property Width="460" />
  </widget>
  <widget>
    <property ID="gbxPageOne" />
    <property ObjectType="GroupBox" />
    <property XPos="0" />
    <property YPos="80" />
    <property Menu="" />
    <property MenuItem="" />
    <property Visible="true" />
    <property StyleSheetClass="page" />
    <property Enable="true" />
    <property Moveable="true" />
    <property HoverBGColor="standard" />
    <property Sizeable="true" />
    <property Bold="true" />
    <property ToolTipEnable="true" />
    <property BGColor="white" />
    <property ToolTip="" />
    <property Hover="false" />
    <property Text="" />
    <property UserControl="" />
    <property Height="880" />
    <property Width="763" />
    <widget>
        <property ID="lneSearchParameterText"/>
        <property ObjectType="LineEdit"/>
        <property XPos="20"/>
        <property YPos="23"/>
        <property Visible="true"/>
        <property StyleSheetClass="searchparameter"/>
        <property Enable="true"/>
        <property Moveable="true"/>
        <property Sizeable="true"/>
        <property RegularExpression=".*"/>
        <property Bold="false"/>
        <property Color="standard"/>
        <property ToolTipEnable="true"/>
        <property BGColor=""/>
        <property Text=""/>
        <property Alignment="Left"/>
        <property TabOrder="0"/>
        <property Height="40"/>
        <property Width="700"/>
    </widget>
    <widget>
        <property ID="btnSearchParameter"/>
        <property ObjectType="Button"/>
        <property XPos="685"/>
        <property YPos="27"/>
        <property Menu=""/>
        <property MenuItem=""/>
        <property Visible="true"/>
        <property StyleSheetClass="searchparameter"/>
        <property Enable="true"/>
        <property Moveable="true"/>
        <property Sizeable="true"/>
        <property Bold="false"/>
        <property ToolTipEnable="true"/>
        <property ToolTip=""/>
        <property ImageData=""/>
        <property ImageDataPressed=""/>
        <property BGColor="blue"/>
        <property Text="search"/>
        <property Alignment="left"/>
        <property UserControl=""/>
        <property TabOrder="1"/>
        <property Height="30"/>
        <property Width="27"/>
    </widget>
    <widget>
        <property ID="btnSearchClear"/>
        <property ObjectType="Button"/>
        <property XPos="685"/>
        <property YPos="27"/>
        <property Menu=""/>
        <property MenuItem=""/>
        <property Visible="true"/>
        <property StyleSheetClass="searchparameter"/>
        <property Enable="true"/>
        <property Moveable="true"/>
        <property Sizeable="true"/>
        <property Bold="false"/>
        <property ToolTipEnable="true"/>
        <property ToolTip=""/>
        <property ImageData=""/>
        <property ImageDataPressed=""/>
        <property BGColor="blue"/>
        <property Text="search"/>
        <property Alignment="left"/>
        <property UserControl=""/>
        <property TabOrder="1"/>
        <property Height="30"/>
        <property Width="27"/>
    </widget>
    <widget>
      <property ID="lblEntriesFound" />
      <property ObjectType="Label" />
      <property XPos="20" />
      <property YPos="65" />
      <property Menu="" />
      <property MenuItem="" />
      <property Visible="true" />
      <property StyleSheetClass="parametersfound" />
      <property Enable="true" />
      <property Moveable="true" />
      <property Sizeable="true" />
      <property FontSize="Small" />
      <property Bold="false" />
      <property Color="" />
      <property ToolTipEnable="true" />
      <property BGColor="white" />
      <property ToolTip="" />
      <property PropScientific="false" />
      <property Text="parameters found" />
      <property Alignment="Left" />
      <property UserControl="" />
      <property Height="20" />
      <property Width="460" />
    </widget>
    <widget>
        <property ID="btnParameterName"/>
        <property ObjectType="Button"/>
        <property XPos="20"/>
        <property YPos="100"/>
        <property Menu=""/>
        <property MenuItem=""/>
        <property Visible="true"/>
        <property StyleSheetClass="parametername"/>
        <property Enable="true"/>
        <property Moveable="true"/>
        <property Sizeable="true"/>
        <property Bold="false"/>
        <property ToolTipEnable="true"/>
        <property ToolTip=""/>
        <property ImageData=""/>
        <property ImageDataPressed=""/>
        <property Text="Parameter name"/>
        <property Alignment="left"/>
        <property UserControl=""/>
        <property TabOrder="1"/>
        <property Height="30"/>
        <property Width="550"/>
    </widget>
    <widget>
          <property ID="lblParameterNameTooltip" />
          <property ObjectType="Label" />
          <property XPos="30" />
          <property YPos="50" />
          <property Menu="" />
          <property MenuItem="" />
          <property Visible="true" />
          <property StyleSheetClass="parametertooltip" />
          <property Enable="true" />
          <property Moveable="true" />
          <property Sizeable="true" />
          <property FontSize="Small" />
          <property Bold="false" />
          <property Color="" />
          <property ToolTipEnable="false" />
          <property BGColor="white" />
          <property ToolTip="" />
          <property PropScientific="false" />
          <property Text="Signal name" />
          <property Alignment="Left" />
          <property UserControl="" />
          <property Height="30" />
          <property Width="100" />
        </widget>
    <widget>
        <property ID="btnParameterValue"/>
        <property ObjectType="Button"/>
        <property XPos="570"/>
        <property YPos="100"/>
        <property Menu=""/>
        <property MenuItem=""/>
        <property Visible="true"/>
        <property StyleSheetClass="parametervalue"/>
        <property Enable="true"/>
        <property Moveable="true"/>
        <property Sizeable="true"/>
        <property Bold="false"/>
        <property ToolTipEnable="true"/>
        <property ToolTip=""/>
        <property ImageData=""/>
        <property ImageDataPressed=""/>
        <property Text="Value"/>
        <property Alignment="left"/>
        <property UserControl=""/>
        <property TabOrder="1"/>
        <property Height="30"/>
        <property Width="150"/>
    </widget>
    <widget>
          <property ID="lblParameterValueTooltip" />
          <property ObjectType="Label" />
          <property XPos="560" />
          <property YPos="50" />
          <property Menu="" />
          <property MenuItem="" />
          <property Visible="true" />
          <property StyleSheetClass="parametertooltip" />
          <property Enable="true" />
          <property Moveable="true" />
          <property Sizeable="true" />
          <property FontSize="Small" />
          <property Bold="false" />
          <property Color="" />
          <property ToolTipEnable="false" />
          <property BGColor="white" />
          <property ToolTip="" />
          <property PropScientific="false" />
          <property Text="Select signals for streaming" />
          <property Alignment="Left" />
          <property UserControl="" />
          <property Height="30" />
          <property Width="200" />
        </widget>
    <widget>
        <property ID="tawParameters" />
        <property ObjectType="TableWidget" />
        <property XPos="20" />
        <property YPos="130" />
        <property Visible="true" />
        <property Enable="true" />
        <property Moveable="true" />
        <property Sizeable="true" />
        <property RowHeights="0,40;" />
        <property ColumnCount="1" />
        <property RowCount="1" />
        <property ColumnWidths="0,700" />
        <property ListViewMode="true" />
        <property BorderWidth="0" />
        <property BorderOn="false" />
        <property ToolTipEnable="true" />
        <property MultipleRowSelection="false" />
        <property HeadersOn="false" />
        <property TabOrder="0" />
        <property Height="720" />
        <property Width="730" />
        <widget>
            <property ID="uct-tawParameters:1-1"/>
            <property ObjectType="UserControl"/>
            <property XPos="0"/>
            <property YPos="0"/>
            <property FileName="UCT-Parameter.xml"/>
            <property Visible="true" />
            <property StyleSheetClass="" />
            <property Enable="true" />
            <property Moveable="false" />
            <property Sizeable="false" />
            <property FontSize="Small" />
            <property Bold="false" />
            <property CellAlignment="stretch" />
            <property BorderWidth="" />
            <property BorderOn="false" />
            <property ToolTipEnable="true" />
            <property ToolTip="" />
            <property Text="Amplification Chain" />
            <property BGColor="green" />
            <property Alignment="left" />
            <property UserControl="UCT-Parameter"/>
            <property Height="60" />
            <property Width="0" />
        </widget>
        <widget>
                  <property ID="scbParametersTable"/>
                  <property ObjectType="ScrollBar"/>
                  <property XPos="713"/>
                  <property YPos="0"/>
                  <property Visible="true"/>
                  <property Enable="true"/>
                  <property Moveable="true"/>
                  <property Sizeable="true"/>
                  <property StepSize="0"/>
                  <property MaxValue="19982"/>
                  <property MinValue="0"/>
                  <property ToolTipEnable="false"/>
                  <property Orientation="Vertical"/>
                  <property Height="720"/>
                  <property Width="20"/>
              </widget>
     </widget>
  </widget>
  <widget>
    <property ID="gbxPageTwo" />
    <property ObjectType="GroupBox" />
    <property XPos="764" />
    <property YPos="80" />
    <property Menu="" />
    <property MenuItem="" />
    <property Visible="true" />
    <property StyleSheetClass="page" />
    <property Enable="true" />
    <property Moveable="true" />
    <property HoverBGColor="standard" />
    <property Sizeable="true" />
    <property Bold="true" />
    <property ToolTipEnable="true" />
    <property BGColor="white" />
    <property ToolTip="" />
    <property Hover="false" />
    <property Text="" />
    <property UserControl="" />
    <property Height="880" />
    <property Width="745" />
  </widget>
</SUI>
