<?xml version="1.0" encoding="UTF-8"?>
<UserControl>
    <property SUIVersion="2.0"/>
    <property SUICoreVersion="2.0.0"/>
    <property SUIEditorVersion="1.8.0"/>
    <property ID="UCT-TopBarItem"/>
    <property ObjectType="UserControl"/>
    <property XPos="0"/>
    <property YPos="0"/>
    <property Menu=""/>
    <property MenuItem=""/>
    <property FileName=""/>
    <property Visible="true"/>
    <property StyleSheetClass=""/>
    <property Enable="false"/>
    <property Moveable="true"/>
    <property Sizeable="false"/>
    <property ToolTipEnable="true"/>
    <property ToolTip=""/>
    <property UserControl="UCT-TopBarItem"/>
    <property Height="35"/>
    <property Width="120"/>
    <widget>
        <property ID="gbxTopBarItem"/>
        <property ObjectType="GroupBox"/>
        <property SUICoreVersion="2.0.0"/>
        <property XPos="0"/>
        <property SUIEditorVersion="1.8.0"/>
        <property YPos="0"/>
        <property SUIObjectFactory="Object factory"/>
        <property Menu=""/>
        <property MenuItem=""/>
        <property Visible="true"/>
        <property StyleSheetClass=""/>
        <property Enable="true"/>
        <property Moveable="false"/>
        <property HoverBGColor="blue"/>
        <property Sizeable="true"/>
        <property SUIVersion="2.0.0"/>
        <property SUIName="System User Interface (SUI)"/>
        <property SUIDescription="SUI"/>
        <property Bold="true"/>
        <property ToolTipEnable="true"/>
        <property BGColor="standard"/>
        <property ToolTip=""/>
        <property Hover="false"/>
        <property Text=""/>
        <property UserControl="UCT-TopBarItem"/>
        <property Height="35"/>
        <property Width="120"/>
        <widget>
            <property ID="imvTopBarItem"/>
            <property ObjectType="GraphicsView"/>
            <property XPos="6"/>
            <property YPos="8"/>
            <property Menu=""/>
            <property MenuItem=""/>
            <property Visible="true"/>
            <property StyleSheetClass=""/>
            <property Enable="false"/>
            <property Moveable="false"/>
            <property Sizeable="true"/>
            <property ScrollBars="false"/>
            <property AutoFitBG="padding"/>
            <property ZoomStyle="Panning"/>
            <property ScrollZoom="true"/>
            <property BorderOn="false"/>
            <property ToolTipEnable="true"/>
            <property ToolTip=""/>
            <property ImageData=""/>
            <property UserControl="UCT-TopBarItem"/>
            <property Height="18"/>
            <property Width="18"/>
        </widget>
        <widget>
            <property ID="lblTopBarItem"/>
            <property ObjectType="Label"/>
            <property XPos="30"/>
            <property YPos="3"/>
            <property Menu=""/>
            <property MenuItem=""/>
            <property Visible="true"/>
            <property StyleSheetClass=""/>
            <property Enable="true"/>
            <property Moveable="false"/>
            <property Sizeable="true"/>
            <property FontSize="Normal"/>
            <property Bold="false"/>
            <property Color="transparent"/>
            <property ToolTipEnable="true"/>
            <property BGColor="transparent"/>
            <property ToolTip=""/>
            <property PropScientific="false"/>
            <property Text=""/>
            <property Alignment="Left"/>
            <property UserControl="UCT-TopBarItem"/>
            <property Height="30"/>
            <property Width="89"/>
        </widget>        
    </widget>
</UserControl>

