<?xml version="1.0" encoding="UTF-8"?>
<SUI>
    <property SUICoreVersion="2.0.0"/>
    <property SUIEditorVersion="1.8.0"/>
    <property SUIObjectFactory="SUI Object factory"/>
    <property Height="768"/>
    <property SUIStylesheet="ADT"/>
    <property Width="1024"/>
    <property SUIVersion="2.0"/>
    <property SUIName="Example SUI"/>
    <property SUIDescription="Example SUI"/>
    <property HasBottomButtonBar="false"/>
    <property HasRightButtonBar="false"/>
    <property HasStatusBar="false"/>
    <widget>
        <property ID="tbw1"/>
        <property ObjectType="TabWidget"/>
        <property SUICoreVersion="2.0.0"/>
        <property XPos="4"/>
        <property SUIEditorVersion="1.8.0"/>
        <property YPos="4"/>
        <property SUIObjectFactory="Object factory"/>
        <property Menu=""/>
        <property MenuItem=""/>
        <property Visible="true"/>
        <property StyleSheetClass=""/>
        <property Enable="true"/>
        <property Moveable="false"/>
        <property Sizeable="false"/>
        <property CurrentTabPage="0"/>
        <property SUIVersion="2.0.0"/>
        <property SUIName="System User Interface (SUI)"/>
        <property SUIDescription="SUI"/>
        <property HasBottomButtonBar="false"/>
        <property HasRightButtonBar="false"/>
        <property HasStatusBar="false"/>
        <property ToolTipEnable="true"/>
        <property ToolTip=""/>
        <property UserControl=""/>
        <property Height="756"/>
        <property Width="1008"/>
        <widget>
            <property ID="tbp2"/>
            <property ObjectType="TabPage"/>
            <property SUICoreVersion="2.0.0"/>
            <property XPos="6"/>
            <property SUIEditorVersion="1.8.0"/>
            <property YPos="36"/>
            <property SUIObjectFactory="Object factory"/>
            <property Menu=""/>
            <property MenuItem=""/>
            <property Visible="true"/>
            <property StyleSheetClass=""/>
            <property Enable="true"/>
            <property Moveable="false"/>
            <property Sizeable="false"/>
            <property SUIVersion="2.0.0"/>
            <property SUIName="System User Interface (SUI)"/>
            <property SUIDescription="SUI"/>
            <property HasBottomButtonBar="false"/>
            <property HasRightButtonBar="false"/>
            <property HasStatusBar="false"/>
            <property ToolTipEnable="true"/>
            <property ToolTip=""/>
            <property ImageData=""/>
            <property Text="Default"/>
            <property UserControl=""/>
            <property Height="714"/>
            <property Width="996"/>
            <widget>
                <property ID="gbxNavigation"/>
                <property ObjectType="GroupBox"/>
                <property SUICoreVersion="2.0.0"/>
                <property XPos="70"/>
                <property SUIEditorVersion="1.8.0"/>
                <property YPos="120"/>
                <property SUIObjectFactory="Object factory"/>
                <property Menu=""/>
                <property MenuItem=""/>
                <property Visible="true"/>
                <property StyleSheetClass=""/>
                <property Enable="true"/>
                <property Moveable="true"/>
                <property HoverBGColor="standard"/>
                <property Sizeable="true"/>
                <property SUIVersion="2.0.0"/>
                <property SUIName="System User Interface (SUI)"/>
                <property SUIDescription="SUI"/>
                <property HasBottomButtonBar="false"/>
                <property HasRightButtonBar="false"/>
                <property HasStatusBar="false"/>
                <property Bold="true"/>
                <property ToolTipEnable="true"/>
                <property BGColor="standard"/>
                <property ToolTip=""/>
                <property Hover="false"/>
                <property Text=""/>
                <property UserControl=""/>
                <property Height="80"/>
                <property Width="110"/>
                <widget>
                    <property ID="imv27"/>
                    <property ObjectType="GraphicsView"/>
                    <property SUICoreVersion="2.0.0"/>
                    <property XPos="30"/>
                    <property SUIEditorVersion="1.8.0"/>
                    <property YPos="10"/>
                    <property SUIObjectFactory="Object factory"/>
                    <property Menu=""/>
                    <property MenuItem=""/>
                    <property Visible="true"/>
                    <property StyleSheetClass=""/>
                    <property Enable="true"/>
                    <property Moveable="true"/>
                    <property Sizeable="true"/>
                    <property SUIVersion="2.0.0"/>
                    <property SUIName="System User Interface (SUI)"/>
                    <property SUIDescription="SUI"/>
                    <property ScrollBars="true"/>
                    <property HasBottomButtonBar="false"/>
                    <property HasRightButtonBar="false"/>
                    <property HasStatusBar="false"/>
                    <property AutoFitBG="padding"/>
                    <property ZoomStyle="Panning"/>
                    <property ScrollZoom="true"/>
                    <property BorderOn="true"/>
                    <property ToolTipEnable="true"/>
                    <property ToolTip=""/>
                    <property ImageData=""/>
                    <property UserControl=""/>
                    <property Height="40"/>
                    <property Width="50"/>
                </widget>
                <widget>
                    <property ID="lblNavigName"/>
                    <property ObjectType="Label"/>
                    <property SUICoreVersion="2.0.0"/>
                    <property XPos="5"/>
                    <property SUIEditorVersion="1.8.0"/>
                    <property YPos="50"/>
                    <property SUIObjectFactory="Object factory"/>
                    <property Menu=""/>
                    <property MenuItem=""/>
                    <property Visible="true"/>
                    <property StyleSheetClass=""/>
                    <property Enable="true"/>
                    <property Moveable="true"/>
                    <property Sizeable="true"/>
                    <property SUIVersion="2.0.0"/>
                    <property SUIName="System User Interface (SUI)"/>
                    <property SUIDescription="SUI"/>
                    <property HasBottomButtonBar="false"/>
                    <property HasRightButtonBar="false"/>
                    <property FontSize="Normal"/>
                    <property HasStatusBar="false"/>
                    <property Bold="false"/>
                    <property Color="transparent"/>
                    <property ToolTipEnable="true"/>
                    <property BGColor="transparent"/>
                    <property ToolTip=""/>
                    <property PropScientific="false"/>
                    <property Text="Maintenance"/>
                    <property Alignment="Center"/>
                    <property UserControl=""/>
                    <property Height="30"/>
                    <property Width="100"/>
                </widget>
            </widget>
        </widget>
    </widget>
</SUI>
