<?xml version="1.0" encoding="UTF-8"?>
<SUI>
    <property SUICoreVersion="2.0.0"/>
    <property SUIEditorVersion="1.8.0"/>
    <property SUIObjectFactory="SUI Object factory"/>
    <property Height="130"/>
    <property SUIStylesheet="SourceGUI"/>
    <property Width="1920"/>
    <property SUIVersion="2.0"/>
    <property SUIName="Example SUI"/>
    <property SUIDescription="Example SUI"/>
    <property HasBottomButtonBar="false"/>
    <property HasRightButtonBar="false"/>
    <property HasStatusBar="false"/>
    <widget>
        <property ID="wpg1"/>
        <property ObjectType="WidgetPage"/>
        <property XPos="0"/>
        <property YPos="0"/>
        <property Menu=""/>
        <property MenuItem=""/>
        <property Visible="true"/>
        <property StyleSheetClass=""/>
        <property Enable="true"/>
        <property Moveable="false"/>
        <property Sizeable="false"/>
        <property ToolTipEnable="true"/>
        <property ToolTip=""/>
        <property UserControl=""/>
        <property Height="130"/>
        <property Width="1920"/>
        <widget>
            <property ID="gbx2"/>
            <property ObjectType="GroupBox"/>
            <property XPos="0"/>
            <property YPos="0"/>
            <property Menu=""/>
            <property MenuItem=""/>
            <property Visible="true"/>
            <property StyleSheetClass="okCancelDialog"/>
            <property Enable="true"/>
            <property Moveable="false"/>
            <property HoverBGColor="standard"/>
            <property Sizeable="false"/>
            <property Bold="true"/>
            <property ToolTipEnable="true"/>
            <property BGColor="standard"/>
            <property ToolTip=""/>
            <property Hover="false"/>
            <property Text=""/>
            <property UserControl=""/>
            <property Height="130"/>
            <property Width="1920"/>
            <widget>
                <property ID="lblTitle"/>
                <property ObjectType="Label"/>
                <property XPos="0"/>
                <property YPos="10"/>
                <property Menu=""/>
                <property MenuItem=""/>
                <property Visible="true"/>
                <property StyleSheetClass=""/>
                <property Enable="true"/>
                <property Moveable="false"/>
                <property Sizeable="false"/>
                <property FontSize="Normal"/>
                <property Bold="true"/>
                <property Color="transparent"/>
                <property ToolTipEnable="true"/>
                <property BGColor="transparent"/>
                <property ToolTip=""/>
                <property PropScientific="false"/>
                <property Text="Label"/>
                <property Alignment="Center"/>
                <property UserControl=""/>
                <property Height="30"/>
                <property Width="1920"/>
            </widget>
            <widget>
                <property ID="lblMessage"/>
                <property ObjectType="Label"/>
                <property XPos="0"/>
                <property YPos="40"/>
                <property Menu=""/>
                <property MenuItem=""/>
                <property Visible="true"/>
                <property StyleSheetClass=""/>
                <property Enable="true"/>
                <property Moveable="false"/>
                <property Sizeable="false"/>
                <property FontSize="Normal"/>
                <property Bold="false"/>
                <property Color="transparent"/>
                <property ToolTipEnable="true"/>
                <property BGColor="transparent"/>
                <property ToolTip=""/>
                <property PropScientific="false"/>
                <property Text="Label"/>
                <property Alignment="Center"/>
                <property UserControl=""/>
                <property Height="30"/>
                <property Width="1920"/>
            </widget>
            <widget>
                <property ID="btnYes"/>
                <property ObjectType="Button"/>
                <property XPos="800"/>
                <property YPos="80"/>
                <property Menu=""/>
                <property MenuItem=""/>
                <property Visible="true"/>
                <property StyleSheetClass=""/>
                <property Enable="true"/>
                <property Moveable="false"/>
                <property Sizeable="false"/>
                <property Bold="false"/>
                <property ToolTipEnable="true"/>
                <property ToolTip=""/>
                <property ImageData=""/>
                <property ImageDataPressed=""/>
                <property Text="Yes"/>
                <property Alignment="center"/>
                <property UserControl=""/>
                <property TabOrder="0"/>
                <property Height="35"/>
                <property Width="150"/>
            </widget>
            <widget>
                <property ID="btnNo"/>
                <property ObjectType="Button"/>
                <property XPos="970"/>
                <property YPos="80"/>
                <property Menu=""/>
                <property MenuItem=""/>
                <property Visible="true"/>
                <property StyleSheetClass=""/>
                <property Enable="true"/>
                <property Moveable="false"/>
                <property Sizeable="false"/>
                <property Bold="false"/>
                <property ToolTipEnable="true"/>
                <property ToolTip=""/>
                <property ImageData=""/>
                <property ImageDataPressed=""/>
                <property Text="No"/>
                <property Alignment="center"/>
                <property UserControl=""/>
                <property TabOrder="1"/>
                <property Height="35"/>
                <property Width="150"/>
            </widget>
        </widget>
    </widget>
</SUI>
