<?xml version="1.0" encoding="UTF-8"?>
<UserControl>
    <property ID="UCT-ADT"/>
    <property ObjectType="UserControl"/>
    <property XPos="0"/>
    <property YPos="0"/>
    <property Menu=""/>
    <property MenuItem=""/>
    <property FileName="/home/adt/Test/UCT-ADT.xml"/>
    <property Visible="true"/>
    <property StyleSheetClass=""/>
    <property Enable="true"/>
    <property Moveable="true"/>
    <property Sizeable="false"/>
    <property ToolTipEnable="true"/>
    <property ToolTip=""/>
    <property UserControl="UCT-ADT"/>
    <property Height="60"/>
    <property Width="550"/>
    <widget>
        <property ID="gbxADTUCT"/>
        <property ObjectType="GroupBox"/>
        <property XPos="2"/>
        <property YPos="2"/>
        <property Menu=""/>
        <property MenuItem=""/>
        <property Visible="true"/>
        <property StyleSheetClass="adttable"/>
        <property Enable="true"/>
        <property Moveable="false"/>
        <property HoverBGColor="black"/>
        <property Sizeable="true"/>
        <property Bold="true"/>
        <property ToolTipEnable="true"/>
        <property BGColor="black"/>
        <property ToolTip=""/>
        <property Hover="false"/>
        <property Text=""/>
        <property UserControl="UCT-ADT"/>
        <property Height="60"/>
        <property Width="550"/>
        <widget>
            <property ID="lblADTName"/>
            <property ObjectType="Label"/>
            <property XPos="0"/>
            <property YPos="0"/>
            <property Menu=""/>
            <property MenuItem=""/>
            <property Visible="true"/>
            <property StyleSheetClass=""/>
            <property Enable="true"/>
            <property Moveable="false"/>
            <property Sizeable="true"/>
            <property FontSize="Small"/>
            <property Bold="false"/>
            <property Color="transparent"/>
            <property ToolTipEnable="true"/>
            <property BGColor="blue"/>
            <property ToolTip=""/>
            <property PropScientific="false"/>
            <property Text="Plasma Generation and Energy Control"/>
            <property Alignment="Left"/>
            <property UserControl="UCT-ADT"/>
            <property Height="30"/>
            <property Width="500"/>
        </widget>
        <widget>
            <property ID="lblADTDescription"/>
            <property ObjectType="Label"/>
            <property XPos="0"/>
            <property YPos="29"/>
            <property Menu=""/>
            <property MenuItem=""/>
            <property Visible="true"/>
            <property StyleSheetClass=""/>
            <property Enable="true"/>
            <property Moveable="false"/>
            <property Sizeable="true"/>
            <property FontSize="Small"/>
            <property Bold="false"/>
            <property Color="transparent"/>
            <property ToolTipEnable="true"/>
            <property BGColor="green"/>
            <property ToolTip=""/>
            <property PropScientific="false"/>
            <property Text="Plasma Generation and Energy Control"/>
            <property Alignment="Left"/>
            <property UserControl="UCT-ADT"/>
            <property Height="40"/>
            <property Width="500"/>
        </widget>
        <widget>
            <property ID="lblArrow"/>
            <property ObjectType="Label"/>
            <property XPos="525"/>
            <property YPos="10"/>
            <property Menu=""/>
            <property MenuItem=""/>
            <property Visible="true"/>
            <property StyleSheetClass=""/>
            <property Enable="true"/>
            <property Moveable="false"/>
            <property Sizeable="true"/>
            <property FontSize="Small"/>
            <property Bold="false"/>
            <property Color="transparent"/>
            <property ToolTipEnable="true"/>
            <property BGColor="red"/>
            <property ToolTip=""/>
            <property PropScientific="false"/>
            <property Text="Plasma Generation and Energy Control"/>
            <property Alignment="Left"/>
            <property UserControl="UCT-ADT"/>
            <property Height="40"/>
            <property Width="150"/>
        </widget>

    </widget>
</UserControl>
