<?xml version="1.0" encoding="UTF-8"?>
<SUI>
    <property SUICoreVersion="2.0.0"/>
    <property SUIEditorVersion="1.8.0"/>
    <property SUIObjectFactory="SUI Object factory"/>
    <property Height="960"/>
    <property SUIStylesheet="SourceGUI"/>
    <property Width="1545"/>
    <property SUIVersion="2.0"/>
    <property SUIName="Example SUI"/>
    <property SUIDescription="Example SUI"/>
    <property HasBottomButtonBar="false"/>
    <property HasRightButtonBar="false"/>
    <property HasStatusBar="false"/>
    <widget>
        <property ID="wpg1"/>
        <property ObjectType="WidgetPage"/>
        <property XPos="0"/>
        <property YPos="0"/>
        <property Menu=""/>
        <property MenuItem=""/>
        <property Visible="true"/>
        <property StyleSheetClass="page"/>
        <property Enable="true"/>
        <property Moveable="false"/>
        <property Sizeable="false"/>
        <property ToolTipEnable="true"/>
        <property BGColor="white"/>
        <property ToolTip=""/>
        <property UserControl=""/>
        <property Height="960"/>
        <property Width="1545"/>
        <widget>
            <property ID="lblHeader"/>
            <property ObjectType="Label"/>
            <property XPos="0"/>
            <property YPos="40"/>
            <property Menu=""/>
            <property MenuItem=""/>
            <property Visible="true"/>
            <property StyleSheetClass=""/>
            <property Enable="true"/>
            <property Moveable="true"/>
            <property Sizeable="true"/>
            <property FontSize="Small"/>
            <property Bold="false"/>
            <property Color="white"/>
            <property ToolTipEnable="true"/>
            <property BGColor="Transparent"/>
            <property ToolTip=""/>
            <property PropScientific="false"/>
            <property Text="Advanced Diagnostic Tools"/>
            <property Alignment="Left"/>
            <property UserControl=""/>
            <property Height="30"/>
            <property Width="460"/>
        </widget>
        <widget>
            <property ID="gbxTable"/>
            <property ObjectType="GroupBox"/>
            <property XPos="0"/>
            <property YPos="80"/>
            <property Menu=""/>
            <property MenuItem=""/>
            <property Visible="true"/>
            <property StyleSheetClass="pagetable"/>
            <property Enable="true"/>
            <property Moveable="true"/>
            <property HoverBGColor="standard"/>
            <property Sizeable="true"/>
            <property Bold="true"/>
            <property ToolTipEnable="true"/>
            <property BGColor="white"/>
            <property ToolTip=""/>
            <property Hover="false"/>
            <property Text=""/>
            <property UserControl=""/>
            <property Height="938"/>
            <property Width="220"/>
            <widget>
                <property ID="lblSubsystem"/>
                <property ObjectType="Label"/>
                <property XPos="10"/>
                <property YPos="20"/>
                <property Menu=""/>
                <property MenuItem=""/>
                <property Visible="true"/>
                <property StyleSheetClass=""/>
                <property Enable="true"/>
                <property Moveable="true"/>
                <property Sizeable="true"/>
                <property FontSize="Small"/>
                <property Bold="false"/>
                <property Color="white"/>
                <property ToolTipEnable="true"/>
                <property BGColor="Transparent"/>
                <property ToolTip=""/>
                <property PropScientific="false"/>
                <property Text="SUBSYSTEMS"/>
                <property Alignment="Left"/>
                <property UserControl=""/>
                <property Height="30"/>
                <property Width="220"/>
            </widget>
            <widget>
                <property ID="tawADTSubsystem"/>
                <property ObjectType="TableWidget"/>
                <property XPos="10"/>
                <property YPos="60"/>
                <property Menu=""/>
                <property MenuItem=""/>
                <property Visible="true"/>
                <property StyleSheetClass="adtsubsystem"/>
                <property Enable="true"/>l
                <property Moveable="true"/>
                <property Sizeable="true"/>
                <property ColumnCount="3"/>
                <property RowCount="1"/>
                <property RowHeights="0,40;"/>
                <property ColumnWidths="0,150;1,40;2,20;"/>
                <property ListViewMode="true"/>
                <property BorderWidth="3"/>
                <property BorderOn="false"/>
                <property ToolTipEnable="true"/>
                <property ToolTip=""/>
                <property MultipleRowSelection="false"/>
                <property HeadersOn="false"/>
                <property HorizonHeaderTags=""/>
                <property VerticalHeaderTags=""/>
                <property UserControl=""/>
                <property TabOrder="0"/>
                <property Height="800"/>
                <property Width="210"/>
                <widget>
                    <property ID="twi-tawADTSubsystem:1-1"/>
                    <property ObjectType="TableWidgetItem"/>
                    <property XPos="0"/>
                    <property YPos="0"/>
                    <property Menu=""/>
                    <property CellName=""/>
                    <property MenuItem=""/>
                    <property Visible="true"/>
                    <property StyleSheetClass="adtsubsystem"/>
                    <property Enable="false"/>
                    <property Moveable="false"/>
                    <property Sizeable="false"/>
                    <property Bold="false"/>
                    <property BorderWidth="3"/>
                    <property BorderOn="false"/>
                    <property ToolTipEnable="true"/>
                    <property ToolTip=""/>
                    <property Text="All ADTs"/>
                    <property Alignment="Left"/>
                    <property UserControl=""/>
                    <property Height="0:40"/>
                    <property Width="0:20"/>
                </widget>
            </widget>
        </widget>             
    </widget>
</SUI>
