<?xml version="1.0" encoding="UTF-8"?>
<SUI>
    <property SUICoreVersion="2.46.0" />
    <property SUIEditorVersion="2.46.0" />
    <property SUIObjectFactory="SUI Object factory" />
    <property Height="251" />
    <property SUIStylesheet="SourceGUI" />
    <property Width="446" />
    <property SUIVersion="2.46" />
    <property SUIName="Example SUI" />
    <property SUIDescription="Example SUI" />
    <property HasBottomButtonBar="false" />
    <property Namespace="NMSP" />
    <property HasRightButtonBar="false" />
    <property ClassName="CLNA" />
    <property HasStatusBar="false" />
    <widget>
        <property ID="lblParameterName" />
        <property ObjectType="Label" />
        <property XPos="20" />
        <property YPos="20" />
        <property StyleSheetClass="topaligndialogtitle" />
        <property Visible="true" />
        <property Enable="true" />
        <property Moveable="true" />
        <property Sizeable="true" />
        <property FontSize="Normal" />
        <property Bold="false" />
        <property ToolTipEnable="true" />
        <property BGColor="" />
        <property PropScientific="false" />
        <property Text="ParameterName" />
        <property Height="65" />
        <property Width="384" />
    </widget>
    <widget>
        <property ID="btnClose" />
        <property ObjectType="Button" />
        <property XPos="404" />
        <property YPos="15" />
        <property Visible="true" />
        <property Enable="true" />
        <property Moveable="true" />
        <property Sizeable="true" />
        <property Bold="false" />
        <property ToolTipEnable="true" />
        <property Text="Button" />
        <property TabOrder="1" />
        <property Height="30" />
        <property Width="30" />
        <property Alignment="top" />
    </widget>
    <widget>
        <property ID="gbxUnrecommendedValue"/>
        <property ObjectType="GroupBox"/>
        <property XPos="87"/>
        <property YPos="24"/>
        <property Menu=""/>
        <property MenuItem=""/>
        <property Visible="false"/>
        <property StyleSheetClass="unrecommendedvalue"/>
        <property Enable="true"/>
        <property Moveable="true"/>
        <property HoverBGColor="standard"/>
        <property Sizeable="true"/>
        <property Bold="true"/>
        <property ToolTipEnable="true"/>
        <property ToolTip=""/>
        <property Hover="false"/>
        <property Text=""/>
        <property BorderWidth="3"/>
        <property BorderOn="true"/>
        <property UserControl=""/>
        <property Height="70"/>
        <property Width="315"/>
        <widget>
            <property ID="lblUnrecommendedValueName" />
            <property ObjectType="Label" />
            <property XPos="15" />
            <property YPos="10" />
            <property Visible="true" />
            <property StyleSheetClass="" />
            <property Enable="true" />
            <property Moveable="true" />
            <property Sizeable="true" />
            <property FontSize="small" />
            <property Bold="true" />
            <property Color="white" />
            <property ToolTipEnable="true" />
            <property PropScientific="false" />
            <property Text="Incorrect value" />
            <property Alignment="Left" />
            <property Height="15" />
            <property Width="295" />
        </widget>
        <widget>
            <property ID="lblUnrecommendedValueDesc" />
            <property ObjectType="Label" />
            <property XPos="15" />
            <property YPos="30" />
            <property Visible="true" />
            <property StyleSheetClass="" />
            <property Enable="true" />
            <property Moveable="true" />
            <property Sizeable="true" />
            <property FontSize="small" />
            <property Bold="false" />
            <property Color="white" />
            <property ToolTipEnable="true" />
            <property PropScientific="false" />
            <property Alignment="Left" />
            <property Height="35" />
            <property Width="295" />
        </widget>
    </widget>
    <widget>
        <property ID="lneValue" />
        <property ObjectType="LineEdit" />
        <property XPos="87" />
        <property YPos="94" />
        <property Visible="false" />
        <property StyleSheetClass="floatArrayLe" />
        <property Enable="true" />
        <property Moveable="true" />
        <property Sizeable="true" />
        <property RegularExpression=".*" />
        <property Bold="false" />
        <property Color="standard" />
        <property ToolTipEnable="true" />
        <property BGColor="standard" />
        <property Text="LineEdit" />
        <property Alignment="right" />
        <property TabOrder="0" />
        <property Height="30" />
        <property Width="128" />
    </widget>
    <widget>
       <property ID="btnSingleDialogLineEditClear" />
       <property ObjectType="Button" />
       <property XPos="90" />
       <property YPos="98" />
       <property Visible="true" />
       <property StyleSheetClass="floatarrayparameter2" />
       <property Enable="true" />
       <property Moveable="false" />
       <property Sizeable="true" />
       <property FontSize="Normal" />
       <property Bold="false" />
       <property Color="transparent" />
       <property ToolTipEnable="true" />
       <property BGColor="transparent" />
       <property PropScientific="false" />
       <property Text="" />
       <property Alignment="Left" />
       <property Height="20" />
       <property Width="25" />
    </widget>
    <widget>
        <property ID="gbxParameterRadio"/>
        <property ObjectType="GroupBox"/>
        <property XPos="87"/>
        <property YPos="94"/>
        <property Menu=""/>
        <property MenuItem=""/>
        <property Visible="false"/>
        <property StyleSheetClass=""/>
        <property Enable="true"/>
        <property Moveable="true"/>
        <property HoverBGColor="standard"/>
        <property Sizeable="true"/>
        <property Bold="true"/>
        <property ToolTipEnable="true"/>
        <property BGColor="standard"/>
        <property ToolTip=""/>
        <property Hover="false"/>
        <property Text=""/>
        <property BorderWidth="3"/>
        <property BorderOn="true"/>
        <property UserControl=""/>
        <property Height="80"/>
        <property Width="128"/>
        <widget>
            <property ID="rbtnParamTrue"/>
            <property ObjectType="RadioButton"/>
            <property XPos="0"/>
            <property YPos="3"/>
            <property Menu=""/>
            <property MenuItem=""/>
            <property Visible="true"/>
            <property StyleSheetClass=""/>
            <property Enable="true"/>
            <property Checked="true"/>
            <property Moveable="true"/>
            <property Sizeable="true"/>
            <property Bold="false"/>
            <property ToolTipEnable="true"/>
            <property ToolTip=""/>
            <property Text="True (1)"/>
            <property BorderWidth="3"/>
            <property BorderOn="true"/>
            <property UserControl=""/>
            <property Height="25"/>
            <property Width="75"/>
        </widget>
        <widget>
            <property ID="rbtnParamFalse"/>
            <property ObjectType="RadioButton"/>
            <property XPos="0"/>
            <property YPos="30"/>
            <property Menu=""/>
            <property MenuItem=""/>
            <property Visible="true"/>
            <property StyleSheetClass=""/>
            <property Enable="true"/>
            <property Checked="true"/>
            <property Moveable="true"/>
            <property Sizeable="true"/>
            <property Bold="false"/>
            <property ToolTipEnable="true"/>
            <property ToolTip=""/>
            <property Text="False (0)"/>
            <property BorderWidth="3"/>
            <property BorderOn="true"/>
            <property UserControl=""/>
            <property Height="25"/>
            <property Width="75"/>
        </widget>
    </widget>
    <widget>
        <property ID="lblValue" />
        <property ObjectType="Label" />
        <property XPos="20" />
        <property YPos="94" />
        <property Visible="true" />
        <property StyleSheetClass="popupValue" />
        <property Enable="true" />
        <property Moveable="true" />
        <property Sizeable="true" />
        <property FontSize="Big" />
        <property Bold="false" />
        <property Color="#666666" />
        <property ToolTipEnable="true" />
        <property BGColor="white" />
        <property PropScientific="false" />
        <property Text="Value" />
        <property Alignment="Left" />
        <property Height="30" />
        <property Width="70" />
    </widget>
    <widget>
        <property ID="lblDefaultValue" />
        <property ObjectType="Label" />
        <property XPos="237" />
        <property YPos="94" />
        <property Visible="true" />
        <property Enable="true" />
        <property StyleSheetClass="defaultValue" />
        <property Moveable="true" />
        <property Sizeable="true" />
        <property FontSize="Normal" />
        <property Bold="false" />
        <property Color="transparent" />
        <property ToolTipEnable="true" />
        <property BGColor="transparent" />
        <property PropScientific="false" />
        <property Text="Default value:" />
        <property Alignment="Left" />
        <property Height="30" />
        <property Width="80" />
    </widget>
    <widget>
        <property ID="lblDefaultValueNumber" />
        <property ObjectType="Label" />
        <property XPos="320" />
        <property YPos="94" />
        <property Visible="true" />
        <property Enable="true" />
        <property StyleSheetClass="defaultValue" />
        <property Moveable="true" />
        <property Sizeable="true" />
        <property FontSize="Normal" />
        <property Bold="false" />
        <property Color="transparent" />
        <property ToolTipEnable="true" />
        <property BGColor="transparent" />
        <property PropScientific="false" />
        <property Text="Label" />
        <property Alignment="Left" />
        <property Height="30" />
        <property Width="60" />
    </widget>
    <widget>
        <property ID="btnPopReset" />
        <property ObjectType="Button" />
        <property XPos="20" />
        <property YPos="196" />
        <property Visible="true" />
        <property Enable="true" />
        <property StyleSheetClass="popup" />
        <property Moveable="true" />
        <property Sizeable="true" />
        <property Bold="false" />
        <property ToolTipEnable="true" />
        <property Text="Reset" />
        <property Alignment="center" />
        <property TabOrder="2" />
        <property Height="35" />
        <property Width="99" />
    </widget>
    <widget>
        <property ID="btnPopCancel" />
        <property ObjectType="Button" />
        <property XPos="220" />
        <property YPos="196" />
        <property Visible="true" />
        <property Enable="true" />
        <property StyleSheetClass="popup" />
        <property Moveable="true" />
        <property Sizeable="true" />
        <property Bold="false" />
        <property ToolTipEnable="true" />
        <property Text="Cancel" />
        <property Alignment="center" />
        <property TabOrder="3" />
        <property Height="35" />
        <property Width="99" />
    </widget>
    <widget>
        <property ID="btnPopUpdate" />
        <property ObjectType="Button" />
        <property XPos="325" />
        <property YPos="196" />
        <property Menu="" />
        <property MenuItem="" />
        <property Visible="true" />
        <property StyleSheetClass="floatArrayUpdateButton" />
        <property Enable="false" />
        <property Moveable="true" />
        <property Sizeable="true" />
        <property Bold="false" />
        <property ToolTipEnable="true" />
        <property ToolTip="" />
        <property ImageData="" />
        <property ImageDataPressed="" />
        <property Text="Update" />
        <property Alignment="center" />
        <property UserControl="" />
        <property TabOrder="4" />
        <property Height="35" />
        <property Width="101" />
    </widget>
</SUI>
