<?xml version="1.0" encoding="UTF-8"?>
<UserControl>
    <property ID="UCT-CloseHistory"/>
    <property ObjectType="UserControl"/>
    <property XPos="0"/>
    <property YPos="0"/>
    <property FileName="UCT-CloseHistory.xml"/>
    <property Visible="true"/>
    <property Enable="true"/>
    <property Moveable="true"/>
    <property Sizeable="false"/>
    <property ToolTipEnable="true"/>
    <property UserControl="UCT-CloseHistory"/>
    <property Height="34"/>
    <property Width="250"/>
    <widget>
        <property ID="lblCloseImage"/>
        <property ObjectType="Label"/>
        <property XPos="0"/>
        <property YPos="2"/>
        <property Visible="true"/>
        <property Enable="true"/>
        <property Moveable="false"/>
        <property Sizeable="true"/>
        <property FontSize="Normal"/>
        <property Bold="false"/>
        <property Color="transparent"/>
        <property ToolTipEnable="true"/>
        <property BGColor="transparent"/>
        <property PropScientific="false"/>
        <property Text="Label"/>
        <property Alignment="Left"/>
        <property Height="30"/>
        <property Width="32"/>
    </widget>
</UserControl>
