<?xml version="1.0" encoding="UTF-8"?>
<UserControl>
    <property ID="UCT-Parameter"/>
    <property ObjectType="UserControl"/>
    <property XPos="0"/>
    <property YPos="0"/>
    <property Menu=""/>
    <property MenuItem=""/>
    <property Visible="true"/>
    <property StyleSheetClass=""/>
    <property Enable="true"/>
    <property Moveable="true"/>
    <property Sizeable="true"/>
    <property ToolTipEnable="true"/>
    <property ToolTip=""/>
    <property UserControl="UCT-Parameter"/>
    <property Height="720"/>
    <property Width="600"/>
    <widget>
        <property ID="gbxCPDUCT"/>
        <property ObjectType="GroupBox"/>
        <property XPos="0"/>
        <property YPos="0"/>
        <property Menu=""/>
        <property MenuItem=""/>
        <property Visible="true"/>
        <property StyleSheetClass=""/>
        <property Enable="true"/>
        <property Moveable="true"/>
        <property HoverBGColor=""/>
        <property Sizeable="true"/>
        <property Bold="true"/>
        <property ToolTipEnable="true"/>
        <property BGColor=""/>
        <property ToolTip=""/>
        <property Hover=""/>
        <property Text=""/>
        <property UserControl="UCT-Parameter"/>
        <property Height="720"/>
        <property Width="600"/>
        <widget>
            <property ID="lblParameterName"/>
            <property ObjectType="Label"/>
            <property XPos="0"/>
            <property YPos="0"/>
            <property Menu=""/>
            <property MenuItem=""/>
            <property Visible="true"/>
            <property StyleSheetClass="parameterStyle" />
            <property Enable="true"/>
            <property Moveable="true"/>
            <property Sizeable="true"/>
            <property FontSize="Small"/>
            <property Bold="false"/>
            <property Color=""/>
            <property ToolTipEnable=""/>
            <property BGColor=""/>
            <property ToolTip=""/>
            <property PropScientific="false"/>
            <property Text=""/>
            <property UserControl="UCT-Parameter"/>
            <property Height="720"/>
            <property Width="461"/>
        </widget>
        <widget>
            <property ID="lblParameterValue"/>
            <property ObjectType="Label"/>
            <property XPos="461"/>
            <property YPos="0"/>
            <property Menu=""/>
            <property MenuItem=""/>
            <property Visible="true"/>
            <property StyleSheetClass="parameterStyle" />
            <property Enable="true"/>
            <property Moveable="true"/>
            <property Sizeable="true"/>
            <property FontSize="Small"/>
            <property Bold="false"/>
            <property Color="grey"/>
            <property ToolTipEnable="true"/>
            <property BGColor=""/>
            <property ToolTip=""/>
            <property PropScientific="false"/>
            <property Text=""/>
            <property UserControl="UCT-Parameter"/>
            <property Height="720"/>
            <property Width="140"/>
        </widget>
    </widget>
</UserControl>
