<?xml version="1.0" encoding="UTF-8"?>
<UserControl>
    <property ID="UCT-SaveButton"/>
    <property ObjectType="UserControl"/>
    <property XPos="0"/>
    <property YPos="0"/>
    <property FileName="UCT-SaveButton.xml"/>
    <property Visible="true"/>
    <property Enable="true"/>
    <property Moveable="true"/>
    <property Sizeable="false"/>
    <property ToolTipEnable="true"/>
    <property UserControl="UCT-SaveButton"/>
    <property Height="37"/>
    <property Width="100"/>
    <widget>
        <property ID="gbxSaveButtonUCT"/>
        <property ObjectType="GroupBox"/>
        <property XPos="0"/>
        <property YPos="0"/>
        <property Menu=""/>
        <property MenuItem=""/>
        <property Visible="true"/>
        <property StyleSheetClass=""/>
        <property Enable="true"/>
        <property Moveable="false"/>
        <property HoverBGColor=""/>
        <property Sizeable="true"/>
        <property Bold="true"/>
        <property ToolTipEnable="true"/>
        <property BGColor=""/>
        <property ToolTip=""/>
        <property Hover=""/>
        <property Text=""/>
        <property UserControl="UCT-SaveButton"/>
        <property Height="37"/>
        <property Width="100"/>
        <widget>
            <property ID="lblSaveImage"/>
            <property ObjectType="Label"/>
            <property XPos="23"/>
            <property YPos="1"/>
            <property Visible="true"/>
            <property Enable="true"/>
            <property Moveable="false"/>
            <property Sizeable="true"/>
            <property FontSize="Normal"/>
            <property Bold="false"/>
            <property Color="transparent"/>
            <property ToolTipEnable="true"/>
            <property BGColor="transparent"/>
            <property PropScientific="false"/>
            <property Text=""/>
            <property Alignment="Left"/>
            <property Height="37"/>
            <property Width="32"/>
        </widget>
        <widget>
            <property ID="lblSaveText"/>
            <property ObjectType="Label"/>
            <property XPos="47"/>
            <property YPos="1"/>
            <property Visible="true"/>
            <property Enable="true"/>
            <property Moveable="false"/>
            <property Sizeable="true"/>
            <property FontSize="Normal"/>
            <property Bold="false"/>
            <property Color="white"/>
            <property ToolTipEnable="true"/>
            <property BGColor="transparent"/>
            <property PropScientific="false"/>
            <property StyleSheetClass="SaveText"/>
            <property Text="Save"/>
            <property Alignment="Left"/>
            <property Height="37"/>
            <property Width="72"/>
        </widget>
     </widget>
</UserControl>
