<?xml version="1.0" encoding="UTF-8"?>
<SUI>
    <property SUICoreVersion="2.0.0"/>
    <property SUIEditorVersion="1.8.0"/>
    <property SUIObjectFactory="SUI Object factory"/>
    <property Height="960"/>
    <property SUIStylesheet="SourceGUI"/>
    <property Width="1545"/>
    <property SUIVersion="2.0"/>
    <property SUIName="Example SUI"/>
    <property SUIDescription="Example SUI"/>
    <property HasBottomButtonBar="false"/>
    <property HasRightButtonBar="false"/>
    <property HasStatusBar="false"/>
    <property Include-UCT-CPD="UCT-CPD.xml"/>
    <property Include-UCT-TestReport="UCT-TestReport.xml"/>
    <property Include-UCT-CloseReports="UCT-CloseReports.xml"/>
    <widget>
        <property ID="wpg1"/>
        <property ObjectType="WidgetPage"/>
        <property XPos="0"/>
        <property YPos="0"/>
        <property Menu=""/>
        <property MenuItem=""/>
        <property Visible="true"/>
        <property StyleSheetClass="page"/>
        <property Enable="true"/>
        <property Moveable="false"/>
        <property Sizeable="false"/>
        <property ToolTipEnable="true"/>
        <property BGColor="white"/>
        <property ToolTip=""/>
        <property UserControl=""/>
        <property Height="960"/>
        <property Width="1545"/>
        <widget>
            <property ID="lblCPDHeader"/>
            <property ObjectType="Label"/>
            <property XPos="0"/>
            <property YPos="40"/>
            <property Menu=""/>
            <property MenuItem=""/>
            <property Visible="true"/>
            <property StyleSheetClass="cpdHeader"/>
            <property Enable="true"/>
            <property Moveable="true"/>
            <property Sizeable="true"/>
            <property FontSize="Small"/>
            <property Bold="false"/>
            <property Color="white"/>
            <property ToolTipEnable="true"/>
            <property BGColor="Transparent"/>
            <property ToolTip=""/>
            <property PropScientific="false"/>
            <property Text="Maintenance/Calibration"/>
            <property Alignment="Left"/>
            <property UserControl=""/>
            <property Height="30"/>
            <property Width="460"/>
        </widget>
        <widget>
            <property ID="gbxFrontPage"/>
            <property ObjectType="GroupBox"/>
            <property XPos="0"/>
            <property YPos="80"/>
            <property Menu=""/>
            <property MenuItem=""/>
            <property Visible="true"/>
            <property StyleSheetClass="TopbarButton"/>
            <property Enable="true"/>
            <property Moveable="true"/>
            <property HoverBGColor="standard"/>
            <property Sizeable="true"/>
            <property Bold="true"/>
            <property ToolTipEnable="true"/>
            <property BGColor=""/>
            <property ToolTip=""/>
            <property Hover="false"/>
            <property Text=""/>
            <property UserControl=""/>
            <property Height="938"/>
            <property Width="1520"/>
            <widget>
                <property ID="gbxTable"/>
                <property ObjectType="GroupBox"/>
                <property XPos="0"/>
                <property YPos="0"/>
                <property Menu=""/>
                <property MenuItem=""/>
                <property Visible="true"/>
                <property StyleSheetClass="diagnosticsGroupbox"/>
                <property Enable="true"/>
                <property Moveable="true"/>
                <property HoverBGColor="standard"/>
                <property Sizeable="true"/>
                <property Bold="true"/>
                <property ToolTipEnable="true"/>
                <property BGColor="white"/>
                <property ToolTip=""/>
                <property Hover="false"/>
                <property Text=""/>
                <property UserControl=""/>
                <property Height="938"/>
                <property Width="240"/>
                <widget>
                    <property ID="lblSubsystem"/>
                    <property ObjectType="Label"/>
                    <property XPos="12"/>
                    <property YPos="20"/>
                    <property Menu=""/>
                    <property MenuItem=""/>
                    <property Visible="true"/>
                    <property StyleSheetClass=""/>
                    <property Enable="true"/>
                    <property Moveable="true"/>
                    <property Sizeable="true"/>
                    <property FontSize="Small"/>
                    <property Bold="false"/>
                    <property Color="white"/>
                    <property ToolTipEnable="true"/>
                    <property BGColor="Transparent"/>
                    <property ToolTip=""/>
                    <property PropScientific="false"/>
                    <property Text="SUBSYSTEMS"/>
                    <property Alignment="Left"/>
                    <property UserControl=""/>
                    <property Height="30"/>
                    <property Width="220"/>
                </widget>
                <widget>
                    <property ID="tawCPDSubsystem"/>
                    <property ObjectType="TableWidget"/>
                    <property XPos="0"/>
                    <property YPos="60"/>
                    <property Menu=""/>
                    <property MenuItem=""/>
                    <property Visible="true"/>
                    <property StyleSheetClass="cpdsubsystem"/>
                    <property Enable="true"/>
                    <property Moveable="true"/>
                    <property Sizeable="true"/>
                    <property ColumnCount="4"/>
                    <property RowCount="1"/>
                    <property RowHeights="0,40;"/>
                    <property ColumnWidths="0,10;1,160;2,35;3,35;"/>
                    <property ListViewMode="true"/>
                    <property BorderWidth="3"/>
                    <property BorderOn="false"/>
                    <property ToolTipEnable="true"/>
                    <property ToolTip=""/>
                    <property MultipleRowSelection="false"/>
                    <property HeadersOn="false"/>
                    <property HorizonHeaderTags=""/>
                    <property VerticalHeaderTags=""/>
                    <property UserControl=""/>
                    <property TabOrder="0"/>
                    <property Height="800"/>
                    <property Width="240"/>
                    <widget>
                        <property ID="twi-tawCPDSubsystem:1-1"/>
                        <property ObjectType="TableWidgetItem"/>
                        <property XPos="0"/>
                        <property YPos="0"/>
                        <property Menu=""/>
                        <property CellName=""/>
                        <property MenuItem=""/>
                        <property Visible="true"/>
                        <property StyleSheetClass=""/>
                        <property Enable="false"/>
                        <property Moveable="false"/>
                        <property Sizeable="false"/>
                        <property Bold="false"/>
                        <property BorderWidth="3"/>
                        <property BorderOn="false"/>
                        <property ToolTipEnable="true"/>
                        <property ToolTip=""/>
                        <property Text=""/>
                        <property Alignment="Left"/>
                        <property UserControl=""/>
                        <property Height="0:40"/>
                        <property Width="0:20"/>
                    </widget>
                    <widget>
                        <property ID="twi-tawCPDSubsystem:1-2"/>
                        <property ObjectType="TableWidgetItem"/>
                        <property XPos="0"/>
                        <property YPos="0"/>
                        <property Menu=""/>
                        <property CellName=""/>
                        <property MenuItem=""/>
                        <property Visible="true"/>
                        <property StyleSheetClass=""/>
                        <property Enable="false"/>
                        <property Moveable="false"/>
                        <property Sizeable="false"/>
                        <property Bold="false"/>
                        <property BorderWidth="3"/>
                        <property BorderOn="false"/>
                        <property ToolTipEnable="true"/>
                        <property ToolTip=""/>
                        <property Color="White"/>
                        <property Text=""/>
                        <property Alignment="Left"/>
                        <property UserControl=""/>
                        <property Height="0:40"/>
                        <property Width="0:20"/>
                    </widget>
                    <widget>
                        <property ID="twi-tawCPDSubsystem:1-3"/>
                        <property ObjectType="TableWidgetItem"/>
                        <property XPos="0"/>
                        <property YPos="0"/>
                        <property Menu=""/>
                        <property CellName=""/>
                        <property MenuItem=""/>
                        <property Visible="true"/>
                        <property StyleSheetClass=""/>
                        <property Enable="false"/>
                        <property Moveable="false"/>
                        <property Sizeable="false"/>
                        <property Bold="false"/>
                        <property BorderWidth="3"/>
                        <property BorderOn="false"/>
                        <property ToolTipEnable="true"/>
                        <property ToolTip=""/>
                        <property Text=""/>
                        <property Alignment="Left"/>
                        <property UserControl=""/>
                        <property Height="0:40"/>
                        <property Width="0:20"/>
                    </widget>
                    <widget>
                        <property ID="twi-tawCPDSubsystem:1-4"/>
                        <property ObjectType="TableWidgetItem"/>
                        <property XPos="0"/>
                        <property YPos="0"/>
                        <property Menu=""/>
                        <property CellName=""/>
                        <property MenuItem=""/>
                        <property Visible="true"/>
                        <property StyleSheetClass=""/>
                        <property Enable="false"/>
                        <property Moveable="false"/>
                        <property Sizeable="false"/>
                        <property Bold="false"/>
                        <property BorderWidth="3"/>
                        <property BorderOn="false"/>
                        <property ToolTipEnable="true"/>
                        <property ToolTip=""/>
                        <property Text=""/>
                        <property Alignment="Left"/>
                        <property UserControl=""/>
                        <property Height="0:40"/>
                        <property Width="0:20"/>
                    </widget>
                </widget>
            </widget>
            <widget>
                <property ID="gbxRightPane"/>
                <property ObjectType="GroupBox"/>
                <property XPos="240"/>
                <property YPos="0"/>
                <property Menu=""/>
                <property MenuItem=""/>
                <property Visible="true"/>
                <property StyleSheetClass="uctnormalKPItable"/>
                <property Enable="true"/>
                <property Moveable="true"/>
                <property HoverBGColor="standard"/>
                <property Sizeable="true"/>
                <property Bold="true"/>
                <property ToolTipEnable="true"/>
                <property BGColor=""/>
                <property ToolTip=""/>
                <property Hover="false"/>
                <property Text=""/>
                <property UserControl=""/>
                <property Height="938"/>
                <property Width="1280"/>
                <widget>
                    <property ID="lblActiveCPD"/>
                    <property ObjectType="Label"/>
                    <property XPos="20"/>
                    <property YPos="15"/>
                    <property Menu=""/>
                    <property MenuItem=""/>
                    <property Visible="true"/>
                    <property StyleSheetClass="GreyLabel16PxRoboRegular"/>
                    <property Enable="true"/>
                    <property Moveable="true"/>
                    <property Sizeable="true"/>
                    <property FontSize="Small"/>
                    <property Bold="false"/>
                    <property Color="#C0C0C0"/>
                    <property ToolTipEnable="true"/>
                    <property BGColor="Transparent"/>
                    <property ToolTip=""/>
                    <property PropScientific="false"/>
                    <property Text="ACTIVE CPD"/>
                    <property Alignment="Left"/>
                    <property UserControl=""/>
                    <property Height="30"/>
                    <property Width="460"/>
                </widget>
                <widget>
                    <property ID="uctActiveCPD"/>
                    <property ObjectType="UserControl"/>
                    <property UserControl="UCT-CPD"/>
                    <property XPos="20"/>
                    <property YPos="60"/>
                    <property Visible="true"/>
                    <property Menu=""/>
                    <property Enable="true"/>
                    <property MenuItem=""/>
                    <property Moveable="true"/>
                    <property Sizeable="true"/>
                    <property ToolTipEnable="true"/>
                    <property ToolTip=""/>
                    <property FileName=""/>
                    <property StyleSheetClass=""/>
                    <property Height="60"/>
                    <property Width="550"/>
                </widget>
                <widget>
                    <property ID="lblAllCPDs"/>
                    <property ObjectType="Label"/>
                    <property XPos="20"/>
                    <property YPos="170"/>
                    <property Menu=""/>
                    <property MenuItem=""/>
                    <property Visible="true"/>
                    <property StyleSheetClass="GreyLabel16PxRoboRegular"/>
                    <property Enable="true"/>
                    <property Moveable="true"/>
                    <property Sizeable="true"/>
                    <property FontSize="Small"/>
                    <property Bold="false"/>
                    <property Color="black"/>
                    <property ToolTipEnable="true"/>
                    <property BGColor="Transparent"/>
                    <property ToolTip=""/>
                    <property PropScientific="false"/>
                    <property Text="ALL CPDs"/>
                    <property Alignment="Left"/>
                    <property UserControl=""/>
                    <property Height="30"/>
                    <property Width="500"/>
                </widget>
                <widget>
                    <property ID="lblIconCalibration"/>
                    <property ObjectType="Label"/>
                    <property XPos="128"/>
                    <property YPos="196"/>
                    <property Menu=""/>
                    <property MenuItem=""/>
                    <property Visible="true"/>
                    <property StyleSheetClass=""/>
                    <property Enable="true"/>
                    <property Moveable="false"/>
                    <property Sizeable="true"/>
                    <property FontSize="Small"/>
                    <property Bold="false"/>
                    <property Color=""/>
                    <property ToolTipEnable="false"/>
                    <property BGColor=""/>
                    <property ToolTip=""/>
                    <property PropScientific="false"/>
                    <property Text=""/>
                    <property Alignment="left"/>
                    <property UserControl="UCT-CPD"/>
                    <property Height="59"/>
                    <property Width="14"/>
                </widget>
                <widget>
                    <property ID="lblIconPerformance"/>
                    <property ObjectType="Label"/>
                    <property XPos="288"/>
                    <property YPos="196"/>
                    <property Menu=""/>
                    <property MenuItem=""/>
                    <property Visible="true"/>
                    <property StyleSheetClass=""/>
                    <property Enable="true"/>
                    <property Moveable="false"/>
                    <property Sizeable="true"/>
                    <property FontSize="Small"/>
                    <property Bold="false"/>
                    <property Color=""/>
                    <property ToolTipEnable="false"/>
                    <property BGColor=""/>
                    <property ToolTip=""/>
                    <property PropScientific="false"/>
                    <property Text=""/>
                    <property Alignment="left"/>
                    <property UserControl="UCT-CPD"/>
                    <property Height="59"/>
                    <property Width="16"/>
                </widget>
                <widget>
                    <property ID="lblIconDiagnostics"/>
                    <property ObjectType="Label"/>
                    <property XPos="463"/>
                    <property YPos="196"/>
                    <property Menu=""/>
                    <property MenuItem=""/>
                    <property Visible="true"/>
                    <property StyleSheetClass=""/>
                    <property Enable="true"/>
                    <property Moveable="false"/>
                    <property Sizeable="true"/>
                    <property FontSize="Small"/>
                    <property Bold="false"/>
                    <property Color=""/>
                    <property ToolTipEnable="false"/>
                    <property BGColor=""/>
                    <property ToolTip=""/>
                    <property PropScientific="false"/>
                    <property Text=""/>
                    <property Alignment="left"/>
                    <property UserControl="UCT-CPD"/>
                    <property Height="59"/>
                    <property Width="14"/>
                </widget>
                <widget>
                    <property ID="gbxRadio"/>
                    <property ObjectType="GroupBox"/>
                    <property XPos="0"/>
                    <property YPos="200"/>
                    <property Menu=""/>
                    <property MenuItem=""/>
                    <property Visible="true"/>
                    <property StyleSheetClass=""/>
                    <property Enable="true"/>
                    <property Moveable="true"/>
                    <property HoverBGColor="standard"/>
                    <property Sizeable="true"/>
                    <property Bold="true"/>
                    <property ToolTipEnable="true"/>
                    <property BGColor="standard"/>
                    <property ToolTip=""/>
                    <property Hover="false"/>
                    <property Text=""/>
                    <property BorderWidth="3"/>
                    <property BorderOn="true"/>
                    <property UserControl=""/>
                    <property Height="50"/>
                    <property Width="720"/>
                    <widget>
                        <property ID="rbtnAll"/>
                        <property ObjectType="RadioButton"/>
                        <property XPos="20"/>
                        <property YPos="10"/>
                        <property Menu=""/>
                        <property MenuItem=""/>
                        <property Visible="true"/>
                        <property StyleSheetClass="commonRadioButton"/>
                        <property Enable="true"/>
                        <property Checked="true"/>
                        <property Moveable="true"/>
                        <property Sizeable="true"/>
                        <property Bold="false"/>
                        <property ToolTipEnable="true"/>
                        <property ToolTip=""/>
                        <property Text="All"/>
                        <property BorderWidth="3"/>
                        <property BorderOn="true"/>
                        <property UserControl=""/>
                        <property TabOrder="2"/>
                        <property Height="30"/>
                        <property Width="80"/>
                    </widget>
                    <widget>
                        <property ID="rbtnCalibration"/>
                        <property ObjectType="RadioButton"/>
                        <property XPos="110"/>
                        <property YPos="10"/>
                        <property Menu=""/>
                        <property MenuItem=""/>
                        <property Visible="true"/>
                        <property StyleSheetClass="commonRadioButton"/>
                        <property Enable="true"/>
                        <property Checked="false"/>
                        <property Moveable="true"/>
                        <property Sizeable="true"/>
                        <property Bold="false"/>
                        <property ToolTipEnable="true"/>
                        <property ToolTip=""/>
                        <property Text="    Calibration"/>
                        <property UserControl=""/>
                        <property TabOrder="3"/>
                        <property Height="30"/>
                        <property Width="136"/>
                    </widget>
                    <widget>
                        <property ID="rbtnPerformance"/>
                        <property ObjectType="RadioButton"/>
                        <property XPos="270"/>
                        <property YPos="10"/>
                        <property Menu=""/>
                        <property MenuItem=""/>
                        <property Visible="true"/>
                        <property StyleSheetClass="commonRadioButton"/>
                        <property Enable="true"/>
                        <property Checked="false"/>
                        <property Moveable="true"/>
                        <property Sizeable="true"/>
                        <property Bold="false"/>
                        <property ToolTipEnable="true"/>
                        <property ToolTip=""/>
                        <property Text="     Performance"/>
                        <property UserControl=""/>
                        <property TabOrder="4"/>
                        <property Height="30"/>
                        <property Width="163"/>
                    </widget>
                    <widget>
                        <property ID="rbtnDiagnostics"/>
                        <property ObjectType="RadioButton"/>
                        <property XPos="445"/>
                        <property YPos="10"/>
                        <property Menu=""/>
                        <property MenuItem=""/>
                        <property Visible="true"/>
                        <property StyleSheetClass="commonRadioButton"/>
                        <property Enable="true"/>
                        <property Checked="false"/>
                        <property Moveable="true"/>
                        <property Sizeable="true"/>
                        <property Bold="false"/>
                        <property ToolTipEnable="true"/>
                        <property ToolTip=""/>
                        <property Text="    Diagnostics"/>
                        <property UserControl=""/>
                        <property TabOrder="5"/>
                        <property Height="30"/>
                        <property Width="141"/>
                    </widget>
                </widget>
                <widget>
                    <property ID="tawCPD" />
                    <property ObjectType="TableWidget" />
                    <property XPos="20" />
                    <property YPos="260" />
                    <property Menu="" />
                    <property MenuItem="" />
                    <property Visible="true" />
                    <property StyleSheetClass="diagnosticsTable" />
                    <property Enable="true" />
                    <property Moveable="true" />
                    <property Sizeable="true" />
                    <property RowHeights="0,60" />
                    <property ColumnCount="1" />
                    <property RowCount="1" />
                    <property ColumnWidths="0,550;" />
                    <property ListViewMode="true" />
                    <property BorderWidth="0" />
                    <property BorderOn="false" />
                    <property Bold="false" />
                    <property ToolTipEnable="true" />
                    <property ToolTip="" />
                    <property MultipleRowSelection="false" />
                    <property HeadersOn="false" />
                    <property HorizonHeaderTags="" />
                    <property VerticalHeaderTags="" />
                    <property UserControl="" />
                    <property TabOrder="0" />
                    <property Height="610" />
                    <property Width="575" />
                    <widget>
                        <property ID="uct-tawCPD:1-1"/>
                        <property ObjectType="UserControl"/>
                        <property XPos="0"/>
                        <property YPos="0"/>
                        <property FileName="UCT-CPD.xml"/>
                        <property Visible="true" />
                        <property StyleSheetClass="" />
                        <property Enable="true" />
                        <property Moveable="false" />
                        <property Sizeable="false" />
                        <property FontSize="Small" />
                        <property Bold="false" />
                        <property CellAlignment="stretch" />
                        <property BorderWidth="" />
                        <property BorderOn="false" />
                        <property ToolTipEnable="true" />
                        <property ToolTip="" />
                        <property Text="Amplification Chain" />
                        <property Alignment="left" />
                        <property UserControl="UCT-CPD"/>
                        <property Height="60" />
                        <property Width="0" />
                    </widget>
                </widget>
                <widget>
                    <property ID="lblSelectedCPD"/>
                    <property ObjectType="Label"/>
                    <property XPos="620"/>
                    <property YPos="50"/>
                    <property Menu=""/>
                    <property MenuItem=""/>
                    <property Visible="false"/>
                    <property StyleSheetClass="BlackLabel16PxRoboRegular"/>
                    <property Enable="true"/>
                    <property Moveable="true"/>
                    <property Sizeable="true"/>
                    <property FontSize="Small"/>
                    <property Bold="false"/>
                    <property Color="black"/>
                    <property ToolTipEnable="true"/>
                    <property BGColor="Transparent"/>
                    <property ToolTip=""/>
                    <property PropScientific="false"/>
                    <property Text=""/>
                    <property Alignment="Left"/>
                    <property UserControl=""/>
                    <property Height="30"/>
                    <property Width="400"/>
                </widget>
                <widget>
                    <property ID="btnOpenCPD"/>
                    <property ObjectType="Button"/>
                    <property XPos="620"/>
                    <property YPos="95"/>
                    <property Menu=""/>
                    <property MenuItem=""/>
                    <property Visible="false"/>
                    <property StyleSheetClass="Updatelogbutton"/>
                    <property Enable="true"/>
                    <property Moveable="true"/>
                    <property Sizeable="true"/>
                    <property Bold="false"/>
                    <property ToolTipEnable="true"/>
                    <property ToolTip="Start the CPD..."/>
                    <property ImageData=""/>
                    <property ImageDataPressed=""/>
                    <property Text="Open CPD..."/>
                    <property Alignment="center"/>
                    <property UserControl=""/>
                    <property TabOrder="1"/>
                    <property Height="35"/>
                    <property Width="150"/>
                </widget>
                <widget>
                    <property ID="lblTestReportAngle"/>
                    <property ObjectType="Label"/>
                    <property XPos="625"/>
                    <property YPos="158"/>
                    <property Menu=""/>
                    <property MenuItem=""/>
                    <property Visible="false"/>
                    <property StyleSheetClass=""/>
                    <property Enable="true"/>
                    <property Moveable="true"/>
                    <property Sizeable="true"/>
                    <property FontSize="Small"/>
                    <property Bold="true"/>
                    <property Color="black"/>
                    <property ToolTipEnable="true"/>
                    <property BGColor="Transparent"/>
                    <property ToolTip=""/>
                    <property PropScientific="false"/>
                    <property Text=""/>
                    <property Alignment="Left"/>
                    <property UserControl=""/>
                    <property Height="20"/>
                    <property Width="20"/>
                </widget>
                <widget>
                    <property ID="btnTestReports"/>
                    <property ObjectType="Button"/>
                    <property XPos="645"/>
                    <property YPos="154"/>
                    <property Menu=""/>
                    <property MenuItem=""/>
                    <property Visible="false"/>
                    <property StyleSheetClass="ASMLDarkBlueButton16PxRoboRegular"/>
                    <property Enable="true"/>
                    <property Moveable="true"/>
                    <property Sizeable="true"/>
                    <property Bold="false"/>
                    <property ToolTipEnable="true"/>
                    <property ToolTip=""/>
                    <property ImageData=""/>
                    <property ImageDataPressed=""/>
                    <property Text="Test reports"/>
                    <property Alignment="left"/>
                    <property UserControl=""/>
                    <property TabOrder="1"/>
                    <property Height="30"/>
                    <property Width="130"/>
                </widget>
                <widget>
                  <property ID="lblTestReportLine" />
                  <property ObjectType="Label" />
                  <property XPos="620" />
                  <property YPos="190" />
                  <property Menu="" />
                  <property MenuItem="" />
                  <property Visible="false" />
                  <property StyleSheetClass="greyLine1Px" />
                  <property Enable="true" />
                  <property Moveable="true" />
                  <property Sizeable="true" />
                  <property Bold="false" />
                  <property ToolTipEnable="true" />
                  <property ToolTip="" />
                  <property ImageData="" />
                  <property ImageDataPressed="" />
                  <property Text="" />
                  <property Alignment="Left" />
                  <property UserControl="" />
                  <property TabOrder="4" />
                  <property Height="1" />
                  <property Width="650" />
                </widget>
                <widget>
                    <property ID="lblColumnReport"/>
                    <property ObjectType="Label"/>
                    <property XPos="670"/>
                    <property YPos="190"/>
                    <property Menu=""/>
                    <property MenuItem=""/>
                    <property Visible="true"/>
                    <property StyleSheetClass="GreyLabel14PxRoboRegular"/>
                    <property Enable="true"/>
                    <property Moveable="true"/>
                    <property Sizeable="true"/>
                    <property FontSize="Small"/>
                    <property Bold="false"/>
                    <property Color="black"/>
                    <property ToolTipEnable="true"/>
                    <property BGColor="Transparent"/>
                    <property ToolTip=""/>
                    <property PropScientific="false"/>
                    <property Text="Reports"/>
                    <property Alignment="Left"/>
                    <property UserControl=""/>
                    <property Height="30"/>
                    <property Width="400"/>
                </widget>
                <widget>
                    <property ID="lblColumnDateTime"/>
                    <property ObjectType="Label"/>
                    <property XPos="1018"/>
                    <property YPos="190"/>
                    <property Menu=""/>
                    <property MenuItem=""/>
                    <property Visible="true"/>
                    <property StyleSheetClass="GreyLabel14PxRoboRegular"/>
                    <property Enable="true"/>
                    <property Moveable="true"/>
                    <property Sizeable="true"/>
                    <property FontSize="Small"/>
                    <property Bold="false"/>
                    <property Color="black"/>
                    <property ToolTipEnable="true"/>
                    <property BGColor="Transparent"/>
                    <property ToolTip=""/>
                    <property PropScientific="false"/>
                    <property Text="Date &amp; Time"/>
                    <property Alignment="Left"/>
                    <property UserControl=""/>
                    <property Height="30"/>
                    <property Width="400"/>
                </widget>
                <widget>
                  <property ID="lblColumnLine" />
                  <property ObjectType="Label" />
                  <property XPos="620" />
                  <property YPos="240" />
                  <property Menu="" />
                  <property MenuItem="" />
                  <property Visible="true" />
                  <property StyleSheetClass="greyLine1PxDotted" />
                  <property Enable="true" />
                  <property Moveable="true" />
                  <property Sizeable="true" />
                  <property Bold="false" />
                  <property ToolTipEnable="true" />
                  <property ToolTip="" />
                  <property ImageData="" />
                  <property ImageDataPressed="" />
                  <property Text="" />
                  <property Alignment="Left" />
                  <property UserControl="" />
                  <property TabOrder="4" />
                  <property Height="1" />
                  <property Width="650" />
                </widget>
                <widget>
                    <property ID="tawTestReports"/>
                    <property ObjectType="TableWidget" />
                    <property XPos="620" />
                    <property YPos="241" />
                    <property Menu="" />
                    <property MenuItem="" />
                    <property Visible="true" />
                    <property StyleSheetClass="testreport" />
                    <property Enable="true" />
                    <property Moveable="true" />
                    <property Sizeable="true" />
                    <property RowHeights="0,40" />
                    <property ColumnCount="1" />
                    <property RowCount="1" />
                    <property ColumnWidths="0,690;" />
                    <property ListViewMode="true" />
                    <property BorderWidth="0" />
                    <property BorderOn="false" />
                    <property Bold="false" />
                    <property ToolTipEnable="true" />
                    <property ToolTip="" />
                    <property MultipleRowSelection="false" />
                    <property HeadersOn="false" />
                    <property HorizonHeaderTags="" />
                    <property VerticalHeaderTags="" />
                    <property UserControl="" />
                    <property TabOrder="0" />
                    <property Height="610" />
                    <property Width="650" />
                    <widget>
                        <property ID="uct-tawTestReports:1-1"/>
                        <property ObjectType="UserControl"/>
                        <property XPos="0"/>
                        <property YPos="0"/>
                        <property FileName="UCT-TestReport.xml"/>
                        <property Visible="true" />
                        <property StyleSheetClass="" />
                        <property Enable="true" />
                        <property Moveable="false" />
                        <property Sizeable="false" />
                        <property FontSize="Small" />
                        <property Bold="false" />
                        <property CellAlignment="stretch" />
                        <property BorderWidth="" />
                        <property BorderOn="false" />
                        <property ToolTipEnable="true" />
                        <property ToolTip="" />
                        <property Text="" />
                        <property Alignment="left" />
                        <property UserControl="UCT-TestReport"/>
                        <property Height="40" />
                        <property Width="0" />
                    </widget>
                </widget>
                <widget>
                    <property ID="btnViewSelectedReports"/>
                    <property ObjectType="Button"/>
                    <property XPos="1092"/>
                    <property YPos="460"/>
                    <property Menu=""/>
                    <property MenuItem=""/>
                    <property Visible="true"/>
                    <property StyleSheetClass="Updatelogbutton"/>
                    <property Enable="false"/>
                    <property Moveable="true"/>
                    <property Sizeable="true"/>
                    <property Bold="false"/>
                    <property ToolTipEnable="false"/>
                    <property ToolTip=""/>
                    <property ImageData=""/>
                    <property ImageDataPressed=""/>
                    <property Text="View selected report..."/>
                    <property Alignment="center"/>
                    <property UserControl=""/>
                    <property TabOrder="1"/>
                    <property Height="35"/>
                    <property Width="180"/>
                </widget>
                <widget>
                    <property ID="lblDescriptionAngle"/>
                    <property ObjectType="Label"/>
                    <property XPos="625"/>
                    <property YPos="198"/>
                    <property Menu=""/>
                    <property MenuItem=""/>
                    <property Visible="false"/>
                    <property StyleSheetClass=""/>
                    <property Enable="true"/>
                    <property Moveable="true"/>
                    <property Sizeable="true"/>
                    <property FontSize="Small"/>
                    <property Bold="true"/>
                    <property Color="black"/>
                    <property ToolTipEnable="true"/>
                    <property BGColor="Transparent"/>
                    <property ToolTip=""/>
                    <property PropScientific="false"/>
                    <property Text=""/>
                    <property Alignment="Left"/>
                    <property UserControl=""/>
                    <property Height="20"/>
                    <property Width="20"/>
                </widget>
                <widget>
                    <property ID="btnDescription"/>
                    <property ObjectType="Button"/>
                    <property XPos="645"/>
                    <property YPos="194"/>
                    <property Menu=""/>
                    <property MenuItem=""/>
                    <property Visible="false"/>
                    <property StyleSheetClass="ASMLDarkBlueButton16PxRoboRegular"/>
                    <property Enable="true"/>
                    <property Moveable="true"/>
                    <property Sizeable="true"/>
                    <property Bold="false"/>
                    <property ToolTipEnable="true"/>
                    <property ToolTip=""/>
                    <property ImageData=""/>
                    <property ImageDataPressed=""/>
                    <property Text="Description"/>
                    <property Alignment="left"/>
                    <property UserControl=""/>
                    <property TabOrder="1"/>
                    <property Height="30"/>
                    <property Width="130"/>
                </widget>
                <widget>
                  <property ID="lblDescriptionLine" />
                  <property ObjectType="Label" />
                  <property XPos="620" />
                  <property YPos="230" />
                  <property Menu="" />
                  <property MenuItem="" />
                  <property Visible="false" />
                  <property StyleSheetClass="greyLine1Px" />
                  <property Enable="true" />
                  <property Moveable="true" />
                  <property Sizeable="true" />
                  <property Bold="false" />
                  <property ToolTipEnable="true" />
                  <property ToolTip="" />
                  <property ImageData="" />
                  <property ImageDataPressed="" />
                  <property Text="" />
                  <property Alignment="Left" />
                  <property UserControl="" />
                  <property TabOrder="4" />
                  <property Height="1" />
                  <property Width="650" />
                </widget>
                <widget>
                    <property ID="wvwCPDHTMLDescription"/>
                    <property ObjectType="WebView"/>
                    <property XPos="620"/>
                    <property YPos="230"/>
                    <property Menu=""/>
                    <property MenuItem=""/>
                    <property Visible="true"/>
                    <property StyleSheetClass=""/>
                    <property Enable="true"/>
                    <property Moveable="true"/>
                    <property Sizeable="true"/>
                    <property Url=""/>
                    <property Html=""/>
                    <property ZoomFactor="1.0"/>
                    <property BorderOn="true"/>
                    <property BorderWidth="4"/>
                    <property ToolTipEnable="true"/>
                    <property ToolTip=""/>
                    <property UserControl=""/>
                    <property Height="660"/>
                    <property Width="650"/>
                </widget>
            </widget>
        </widget>
        <widget>
            <property ID="gbxTestReportPage"/>
            <property ObjectType="GroupBox"/>
            <property XPos="0"/>
            <property YPos="80"/>
            <property Menu=""/>
            <property MenuItem=""/>
            <property Visible="false"/>
            <property StyleSheetClass="page"/>
            <property Enable="true"/>
            <property Moveable="true"/>
            <property HoverBGColor="white"/>
            <property Sizeable="true"/>
            <property Bold="true"/>
            <property ToolTipEnable="true"/>
            <property BorderOn="false"/>
            <property BGColor="white"/>
            <property ToolTip=""/>
            <property Hover="false"/>
            <property Text=""/>
            <property UserControl=""/>
            <property Height="870"/>
            <property Width="1520"/>
            <widget>
                <property ID="wvwSingleTestReport"/>
                <property ObjectType="WebView"/>
                <property XPos="25"/>
                <property YPos="62"/>
                <property Menu=""/>
                <property MenuItem=""/>
                <property Visible="true"/>
                <property StyleSheetClass=""/>
                <property Enable="true"/>
                <property Moveable="true"/>
                <property Sizeable="true"/>
                <property Url=""/>
                <property Html=""/>
                <property ZoomFactor="1.0"/>
                <property BorderOn="true"/>
                <property BorderWidth="4"/>
                <property ToolTipEnable="true"/>
                <property ToolTip="Single TestReport"/>
                <property UserControl=""/>
                <property Height="800"/>
                <property Width="1480"/>
            </widget>
            <widget>
                <property ID="wvwLeftTestReport"/>
                <property ObjectType="WebView"/>
                <property XPos="25"/>
                <property YPos="62"/>
                <property Menu=""/>
                <property MenuItem=""/>
                <property Visible="true"/>
                <property StyleSheetClass=""/>
                <property Enable="true"/>
                <property Moveable="true"/>
                <property Sizeable="true"/>
                <property Url=""/>
                <property Html=""/>
                <property ZoomFactor="1.0"/>
                <property BorderOn="true"/>
                <property BorderWidth="4"/>
                <property ToolTipEnable="true"/>
                <property ToolTip="Single TestReport"/>
                <property UserControl=""/>
                <property Height="800"/>
                <property Width="700"/>
            </widget>
            <widget>
                <property ID="wvwRightTestReport"/>
                <property ObjectType="WebView"/>
                <property XPos="775"/>
                <property YPos="62"/>
                <property Menu=""/>
                <property MenuItem=""/>
                <property Visible="true"/>
                <property StyleSheetClass=""/>
                <property Enable="true"/>
                <property Moveable="true"/>
                <property Sizeable="true"/>
                <property Url=""/>
                <property Html=""/>
                <property ZoomFactor="1.0"/>
                <property BorderOn="true"/>
                <property BorderWidth="40"/>
                <property ToolTipEnable="true"/>
                <property ToolTip="Single TestReport"/>
                <property UserControl=""/>
                <property Height="800"/>
                <property Width="700"/>
            </widget>
            <widget>
                <property ID="uctCloseReports"/>
                <property ObjectType="UserControl"/>
                <property XPos="1360"/>
                <property YPos="12"/>
                <property FileName="UCT-CloseReports.xml"/>
                <property Visible="true"/>
                <property Enable="true"/>
                <property Moveable="true"/>
                <property Sizeable="false"/>
                <property ToolTipEnable="true"/>
                <property UserControl="UCT-CloseReports"/>
                <property Height="32"/>
                <property Width="244"/>
            </widget>
        </widget>
    </widget>
</SUI>
