<?xml version="1.0"?>
<KPIs>
<KPI name="EUV_Pulse_Energy_Internal" valueSetName="MEAN" type="KPI"/>
<KPI name="EUV_Pulse_Energy_Internal" valueSetName="MEAN" type="Consumable"/>
<KPI name="AMP_PA3out_MpPpPower_On"  valueSetName="MEAN" type="KPI"/>
<KPI name="AMP_PA3out_MpPpPower_On"  valueSetName="MEAN" type="Consumable"/>
<KPI name="AMP_PA0in_MpPpPower_On" valueSetName="MEAN" type="KPI"/>
<KPI name="AMP_PA0in_MpPpPower_On" valueSetName="MEAN" type="Consumable"/>
<KPI name="AMP_PA0in_MpPpPower_Off" valueSetName="MEAN" type="KPI"/>
<KPI name="AMP_PA0in_MpPpPower_Off" valueSetName="MEAN" type="Consumable"/>
<KPI name="LeakagePwr_Off" valueSetName="MEAN" type="KPI"/>
<KPI name="LeakagePwr_Off" valueSetName="MEAN" type="Consumable"/>
<KPI name="LeakagePwr_On" valueSetName="MEAN" type="KPI"/>
<KPI name="LeakagePwr_On" valueSetName="MEAN" type="Consumable"/>
<KPI name="RejectedPwr_Off" valueSetName="MEAN" type="KPI"/>
<KPI name="RejectedPwr_Off" valueSetName="MEAN" type="Consumable"/>
<KPI name="RejectedPwr_On" valueSetName="MEAN" type="KPI"/>
<KPI name="RejectedPwr_On" valueSetName="MEAN" type="Consumable"/>
<KPI name="DG_Droplet_Position_Off_Droplet_Y" valueSetName="THREESIGMA" type="KPI"/>
<KPI name="DG_Droplet_Position_Off_Droplet_Y" valueSetName="THREESIGMA" type="Consumable"/>
<KPI name="DG_Droplet_Position_Off_Droplet_Z" valueSetName="THREESIGMA" type="KPI"/>
<KPI name="DG_Droplet_Position_Off_Droplet_Z" valueSetName="THREESIGMA" type="Consumable"/>
<KPI name="DG_Droplet_Jump_Y" valueSetName="MEAN" type="KPI"/>
<KPI name="DG_Droplet_Jump_Y" valueSetName="MEAN" type="Consumable"/>
<KPI name="DG_Droplet_Jump_Z" valueSetName="MEAN" type="KPI"/>
<KPI name="DG_Droplet_Jump_Z" valueSetName="MEAN" type="Consumable"/>
</KPIs>
