<?xml version="1.0" encoding="UTF-8"?>
<UserControl>
    <property ID="UCT-SYSTEMKPI"/>
    <property ObjectType="UserControl"/>
    <property XPos="0"/>
    <property YPos="0"/>
    <property Menu=""/>
    <property MenuItem=""/>
    <property FileName="/home/adt/Test/UCT-SYSTEMKPI.xml"/>
    <property Visible="true"/>
    <property StyleSheetClass=""/>
    <property Enable="true"/>
    <property Moveable="true"/>
    <property Sizeable="false"/>
    <property ToolTipEnable="true"/>
    <property ToolTip=""/>
    <property UserControl="UCT-SYSTEMKPI"/>
    <property Height="40"/>
    <property Width="510"/>
    <widget>
                    <property ID="gbxNormalKPI"/>
                    <property ObjectType="GroupBox"/>
                    <property XPos="0"/>
                    <property YPos="0"/>
                    <property Menu=""/>
                    <property MenuItem=""/>
                    <property Visible="true"/>
                    <property StyleSheetClass="uctsystemKPItable"/>
                    <property Enable="true"/>
                    <property Moveable="true"/>
                    <property HoverBGColor=""/>
                    <property Sizeable="true"/>
                    <property Bold="false"/>
                    <property ToolTipEnable="true"/>
                    <property Color="transparent"/>
                    <property BGColor="standard"/>
                    <property ToolTip=""/>
                    <property Hover="true"/>
                    <property Text=""/>
                    <property UserControl="UCT-SYSTEMKPI"/>
                    <property Height="40"/>
                    <property Width="500"/>
                    <widget>
                        <property ID="lblKPIName"/>
                        <property ObjectType="Label"/>
                        <property XPos="10"/>
                        <property YPos="12"/>
                        <property Menu=""/>
                        <property MenuItem=""/>
                        <property Visible="true"/>
                        <property StyleSheetClass="uctsystemKPItablelabelstyle"/>
                        <property Enable="true"/>
                        <property Moveable="true"/>
                        <property Sizeable="true"/>
                        <property FontSize="Normal"/>
                        <property Bold="false"/>
                        <property Color="transparent"/>
                        <property ToolTipEnable="true"/>
                        <property BGColor=""/>
                        <property ToolTip=""/>
                        <property PropScientific="false"/>
                        <property Text="PA0 in Power ON Droplet"/>
                        <property Alignment="Left"/>
                        <property UserControl="UCT-SYSTEMKPI"/>
                        <property Height="25"/>
                        <property Width="250"/>
                    </widget>

                    <widget>
                        <property ID="lblKPICategory"/>
                        <property ObjectType="Label"/>
                        <property XPos="270"/>
                        <property YPos="12"/>
                        <property Menu=""/>
                        <property MenuItem=""/>
                        <property Visible="true"/>
                        <property StyleSheetClass="uctsystemKPItablelabelstyle"/>
                        <property Enable="true"/>
                        <property Moveable="true"/>
                        <property Sizeable="true"/>
                        <property FontSize="Normal"/>
                        <property Bold="false"/>
                        <property Color="transparent"/>
                        <property ToolTipEnable="true"/>
                        <property BGColor=""/>
                        <property ToolTip=""/>
                        <property PropScientific="false"/>
                        <property Text="Vessel"/>
                        <property Alignment="Left"/>
                        <property UserControl="UCT-SYSTEMKPI"/>
                        <property Height="25"/>
                        <property Width="50"/>
                    </widget>
                    <widget>
                        <property ID="lblTime"/>
                        <property ObjectType="Label"/>
                        <property XPos="360"/>
                        <property YPos="12"/>
                        <property Menu=""/>
                        <property MenuItem=""/>
                        <property Visible="true"/>
                        <property StyleSheetClass="uctsystemKPItablelabelstyle"/>
                        <property Enable="true"/>
                        <property Moveable="true"/>
                        <property Sizeable="true"/>
                        <property FontSize="Normal"/>
                        <property Bold="false"/>
                        <property Color="transparent"/>
                        <property ToolTipEnable="true"/>
                        <property BGColor=""/>
                        <property ToolTip=""/>
                        <property PropScientific="false"/>
                        <property Text="24:59"/>
                        <property Alignment="right"/>
                        <property UserControl="UCT-SYSTEMKPI"/>
                        <property Height="25"/>
                        <property Width="40"/>
                    </widget>
                    <widget>
                        <property ID="lblValue"/>
                        <property ObjectType="Label"/>
                        <property XPos="418"/>
                        <property YPos="5"/>
                        <property Menu=""/>
                        <property MenuItem=""/>
                        <property Visible="true"/>
                        <property StyleSheetClass="uctsystemKPItablelabelstyle"/>
                        <property Enable="true"/>
                        <property Moveable="true"/>
                        <property Sizeable="true"/>
                        <property FontSize="Normal"/>
                        <property Bold="false"/>
                        <property Color="transparent"/>
                        <property ToolTipEnable="true"/>
                        <property BGColor=""/>
                        <property ToolTip=""/>
                        <property PropScientific="false"/>
                        <property Text="80"/>
                        <property Alignment="Right"/>
                        <property UserControl="UCT-SYSTEMKPI"/>
                        <property Height="40"/>
                        <property Width="40"/>
                    </widget>
                    <widget>
                        <property ID="lblUnit"/>
                        <property ObjectType="Label"/>
                        <property XPos="460"/>
                        <property YPos="5"/>
                        <property Menu=""/>
                        <property MenuItem=""/>
                        <property Visible="true"/>
                        <property StyleSheetClass="uctsystemKPItablelabelstyle"/>
                        <property Enable="true"/>
                        <property Moveable="true"/>
                        <property Sizeable="true"/>
                        <property FontSize="Normal"/>
                        <property Bold="false"/>
                        <property Color="transparent"/>
                        <property ToolTipEnable="true"/>
                        <property BGColor=""/>
                        <property ToolTip=""/>
                        <property PropScientific="false"/>
                        <property Text="W"/>
                        <property Alignment="Left"/>
                        <property UserControl="UCT-SYSTEMKPI"/>
                        <property Height="40"/>
                        <property Width="40"/>
                    </widget>

                    </widget>
     </UserControl>
