<?xml version="1.0" encoding="UTF-8"?>
<SUI>
    <property SUICoreVersion="2.46.0" />
    <property SUIEditorVersion="2.46.0" />
    <property SUIObjectFactory="SUI Object factory" />
    <property Height="700" />
    <property SUIStylesheet="SourceGUI" />
    <property Width="1440" />
    <property SUIVersion="2.46" />
    <property SUIName="Example SUI" />
    <property SUIDescription="Example SUI" />
    <property HasBottomButtonBar="false" />
    <property Namespace="NMSP" />
    <property HasRightButtonBar="false" />
    <property ClassName="CLNA" />
    <property HasStatusBar="false" />
    <property Include-UCT-CloseHistory="UCT-CloseHistory.xml" />
    <property Include-UCT-Parameter="UCT-ParameterHistory.xml" />
    <property Include-UCT-HistoryParameterNameHeaderButton="UCT-HistoryParameterNameHeaderButton.xml"/>
    <property Include-UCT-HistoryChangedOnHeaderButton="UCT-HistoryChangedOnHeaderButton.xml"/>
    <property Include-UCT-HistoryChangedByHeaderButton="UCT-HistoryChangedByHeaderButton.xml"/>
    <property Include-UCT-HistoryReasonHeaderButton="UCT-HistoryReasonHeaderButton.xml"/>
    <widget>
       <property ID="uctCloseHistory"/>
       <property ObjectType="UserControl"/>
       <property XPos="1400"/>
       <property YPos="20"/>
       <property FileName="UCT-CloseHistory.xml"/>
       <property Visible="true"/>
       <property Enable="true"/>
       <property Moveable="true"/>
       <property Sizeable="false"/>
       <property ToolTipEnable="true"/>
       <property UserControl="UCT-CloseHistory"/>
       <property Height="32"/>
       <property Width="80"/>
    </widget>
    <widget>
        <property ID="lblHistory" />
        <property ObjectType="Label" />
        <property XPos="20" />
        <property YPos="20" />
        <property Menu="" />
        <property MenuItem="" />
        <property Visible="true" />
        <property StyleSheetClass="popupValue" />
        <property Enable="true" />
        <property Moveable="true" />
        <property Sizeable="true" />
        <property Bold="false" />
        <property Color="Black" />
        <property ToolTipEnable="true" />
        <property BGColor="Transparent" />
        <property ToolTip="" />
        <property PropScientific="false" />
        <property Text="History" />
        <property Alignment="Left" />
        <property UserControl="" />
        <property Height="30" />
        <property Width="60" />
    </widget>
    <widget>
        <property ID="lneSearchParameterText" />
        <property ObjectType="LineEdit" />
        <property XPos="20" />
        <property YPos="70" />
        <property Visible="true" />
        <property StyleSheetClass="historysearchparameter" />
        <property Enable="true" />
        <property Moveable="true" />
        <property Sizeable="true" />
        <property RegularExpression=".*" />
        <property Bold="false" />
        <property Color="standard" />
        <property ToolTipEnable="true" />
        <property BGColor="" />
        <property Text="" />
        <property Alignment="Left" />
        <property TabOrder="0" />
        <property Height="40" />
        <property Width="600" />
    </widget>
    <widget>
        <property ID="btnSearchClear" />
        <property ObjectType="Button" />
        <property XPos="585" />
        <property YPos="75" />
        <property Menu="" />
        <property MenuItem="" />
        <property Visible="true" />
        <property StyleSheetClass="historysearchparameter" />
        <property Enable="true" />
        <property Moveable="true" />
        <property Sizeable="true" />
        <property Bold="false" />
        <property ToolTipEnable="true" />
        <property ToolTip="" />
        <property ImageData="" />
        <property ImageDataPressed="" />
        <property BGColor="blue" />
        <property Text="search" />
        <property Alignment="left" />
        <property UserControl="" />
        <property TabOrder="1" />
        <property Height="30" />
        <property Width="27" />
    </widget>
    <widget>
        <property ID="lblHistoryEntriesFound" />
        <property ObjectType="Label" />
        <property XPos="20" />
        <property YPos="110" />
        <property Menu="" />
        <property MenuItem="" />
        <property Visible="true" />
        <property StyleSheetClass="parametersfoundHistory" />
        <property Enable="true" />
        <property Moveable="true" />
        <property Sizeable="true" />
        <property FontSize="Small" />
        <property Bold="false" />
        <property Color="" />
        <property ToolTipEnable="true" />
        <property BGColor="white" />
        <property ToolTip="" />
        <property PropScientific="false" />
        <property Text="parameters found" />
        <property Alignment="Left" />
        <property UserControl="" />
        <property Height="20" />
        <property Width="460" />
    </widget>
    <widget>
        <property ID="uctParameterName"/>
        <property ObjectType="UserControl"/>
        <property UserControl="UCT-HistoryParameterNameHeaderButton"/>
        <property XPos="20"/>
        <property YPos="130"/>
        <property Visible="true"/>
        <property Menu=""/>
        <property Enable="true"/>
        <property MenuItem=""/>
        <property Moveable="true"/>
        <property Sizeable="true"/>
        <property ToolTipEnable="true"/>
        <property ToolTip=""/>
        <property FileName="UCT-HistoryParameterNameHeaderButton.xml"/>
        <property StyleSheetClass=""/>
        <property Height="30" />
        <property Width="480" />
    </widget>
    <widget>
        <property ID="btnParameterOldValue" />
        <property ObjectType="Button" />
        <property XPos="500" />
        <property YPos="130" />
        <property Menu="" />
        <property MenuItem="" />
        <property Visible="true" />
        <property StyleSheetClass="historytableheader" />
        <property Enable="true" />
        <property Moveable="true" />
        <property Sizeable="true" />
        <property Bold="false" />
        <property ToolTipEnable="true" />
        <property ToolTip="" />
        <property ImageData="" />
        <property ImageDataPressed="" />
        <property Text="OLD VALUE" />
        <property Alignment="left" />
        <property UserControl="" />
        <property TabOrder="1" />
        <property Height="30" />
        <property Width="180" />
    </widget>
     <widget>
        <property ID="btnParameterNewValue" />
        <property ObjectType="Button" />
        <property XPos="680" />
        <property YPos="130" />
        <property Menu="" />
        <property MenuItem="" />
        <property Visible="true" />
        <property StyleSheetClass="historytableheader" />
        <property Enable="true" />
        <property Moveable="true" />
        <property Sizeable="true" />
        <property Bold="false" />
        <property ToolTipEnable="true" />
        <property ToolTip="" />
        <property ImageData="" />
        <property ImageDataPressed="" />
        <property Text="NEW VALUE" />
        <property Alignment="left" />
        <property UserControl="" />
        <property TabOrder="1" />
        <property Height="30" />
        <property Width="160" />
    </widget>
    <widget>
        <property ID="uctChangedOn"/>
        <property ObjectType="UserControl"/>
        <property UserControl="UCT-HistoryChangedOnHeaderButton"/>
        <property XPos="840"/>
        <property YPos="130"/>
        <property Visible="true"/>
        <property Menu=""/>
        <property Enable="true"/>
        <property MenuItem=""/>
        <property Moveable="true"/>
        <property Sizeable="true"/>
        <property ToolTipEnable="true"/>
        <property ToolTip=""/>
        <property FileName="UCT-HistoryChangedOnHeaderButton.xml"/>
        <property StyleSheetClass=""/>
        <property Height="30" />
        <property Width="170" />
    </widget>
    <widget>
        <property ID="uctChangedBy"/>
        <property ObjectType="UserControl"/>
        <property UserControl="UCT-HistoryChangedByHeaderButton"/>
        <property XPos="1010"/>
        <property YPos="130"/>
        <property Visible="true"/>
        <property Menu=""/>
        <property Enable="true"/>
        <property MenuItem=""/>
        <property Moveable="true"/>
        <property Sizeable="true"/>
        <property ToolTipEnable="true"/>
        <property ToolTip=""/>
        <property FileName="UCT-HistoryChangedByHeaderButton.xml"/>
        <property StyleSheetClass=""/>
        <property Height="30" />
        <property Width="150" />
    </widget>
    <widget>
        <property ID="uctReason"/>
        <property ObjectType="UserControl"/>
        <property UserControl="UCT-HistoryReasonHeaderButton"/>
        <property XPos="1160"/>
        <property YPos="130"/>
        <property Visible="true"/>
        <property Menu=""/>
        <property Enable="true"/>
        <property MenuItem=""/>
        <property Moveable="true"/>
        <property Sizeable="true"/>
        <property ToolTipEnable="true"/>
        <property ToolTip=""/>
        <property FileName="UCT-HistoryReasonHeaderButton.xml"/>
        <property StyleSheetClass=""/>
        <property Height="30" />
        <property Width="240" />
    </widget>
    <widget>
        <property ID="tawParametersHistory" />
        <property ObjectType="TableWidget" />
        <property XPos="20" />
        <property YPos="160" />
        <property StyleSheetClass="diagnosticsTable" />
        <property Visible="true" />
        <property Enable="true" />
        <property Moveable="true" />
        <property Sizeable="true" />
        <property RowHeights="0,40;" />
        <property ColumnCount="1" />
        <property RowCount="1" />
        <property ColumnWidths="0,1360" />
        <property ListViewMode="true" />
        <property BorderWidth="0" />
        <property BorderOn="false" />
        <property ToolTipEnable="true" />
        <property MultipleRowSelection="false" />
        <property HeadersOn="false" />
        <property TabOrder="0" />
        <property Height="520" />
        <property Width="1380" />
        <widget>
            <property ID="uct-tawParametersHistory:0-1" />
            <property ObjectType="UserControl" />
            <property XPos="0" />
            <property YPos="0" />
            <property FileName="UCT-ParameterHistory.xml" />
            <property Visible="true" />
            <property StyleSheetClass="" />
            <property Enable="true" />
            <property Moveable="false" />
            <property Sizeable="false" />
            <property FontSize="Small" />
            <property Bold="false" />
            <property CellAlignment="stretch" />
            <property BorderWidth="" />
            <property BorderOn="false" />
            <property ToolTipEnable="true" />
            <property ToolTip="" />
            <property Text="Amplification Chain" />
            <property BGColor="green" />
            <property UserControl="UCT-ParameterHistory" />
            <property Width="600" />
        </widget>
   </widget>
   <widget>
       <property ID="scbHistoryTable" />
       <property ObjectType="ScrollBar" />
       <property XPos="1408" />
       <property YPos="160" />
       <property Visible="true" />
       <property StyleSheetClass="historytablescrollbar" />
       <property Enable="true" />
       <property Moveable="true" />
       <property Sizeable="true" />
       <property StepSize="0" />
       <property MaxValue="19982" />
       <property MinValue="0" />
       <property ToolTipEnable="false" />
       <property Orientation="Vertical" />
       <property Height="520" />
       <property Width="20" />
   </widget>
</SUI>
