<?xml version="1.0" encoding="UTF-8"?>
<SUI>
    <property SUICoreVersion="2.0.0"/>
    <property SUIEditorVersion="1.8.0"/>
    <property SUIObjectFactory="SUI Object factory"/>
    <property Height="950"/>
    <property SUIStylesheet="SourceGUI"/>
    <property Width="1545"/>
    <property SUIVersion="2.0"/>
    <property SUIName="Example SUI"/>
    <property SUIDescription="Example SUI"/>
    <property HasBottomButtonBar="false"/>
    <property HasRightButtonBar="false"/>
    <property HasStatusBar="false"/>
    <property Include-UCT-SysFun="UCT-SysFun.xml"/>
    <property Include-UCT-Driver="UCT-Driver.xml"/>
    <widget>
        <property ID="wpg1"/>
        <property ObjectType="WidgetPage"/>
        <property UserControl=""/>
        <property XPos="0"/>
        <property YPos="0"/>
        <property Visible="true"/>
        <property Menu=""/>
        <property Enable="true"/>
        <property MenuItem=""/>
        <property Moveable="false"/>
        <property Sizeable="false"/>
        <property ToolTipEnable="true"/>
        <property ToolTip=""/>
        <property StyleSheetClass=""/>
        <property Height="950"/>
        <property Width="1545"/>
        <widget>
            <property ID="sysFunctionsTree"/>
            <property ObjectType="TreeWidget"/>
            <property StyleSheetClass="InitScreenTree"/>
            <property XPos="0"/>
            <property YPos="200"/>
            <property Height="720"/>
            <property Width="965"/>
            <widget>
                <property ID="uctSystemFunction:0-0"/>
                <property ObjectType="UserControl"/>
                <property UserControl="UCT-SysFun"/>
                <property XPos="0"/>
                <property YPos="0"/>
                <property Visible="False"/>
                <property Menu=""/>
                <property Enable="true"/>
                <property MenuItem=""/>
                <property Moveable="true"/>
                <property Sizeable="true"/>
                <property ToolTipEnable="true"/>
                <property ToolTip=""/>
                <property FileName=""/>
                <property StyleSheetClass=""/>
                <property Height="40"/>
                <property Width="940"/>
                <widget>
                    <property ID="driver:0-0"/>
                    <property ObjectType="UserControl"/>
                    <property XPos="40"/>
                    <property YPos="0"/>
                    <property Visible="true"/>
                    <property Enable="true"/>
                    <property Moveable="true"/>
                    <property Sizeable="true"/>
                    <property ToolTipEnable="true"/>
                    <property UserControl="UCT-Driver"/>
                    <property Height="40"/>
                    <property Width="880"/>
                </widget>
            </widget>
        </widget>

        <widget>
            <property ID="lblSystemFunctions"/>
            <property ObjectType="Label"/>
            <property XPos="0"/>
            <property YPos="140"/>
            <property Menu=""/>
            <property MenuItem=""/>
            <property Text="SYSTEM FUNCTIONS"/>
            <property StyleSheetClass=""/>
            <property Visible="true"/>
            <property Enable="true"/>
            <property Moveable="true"/>
            <property Sizeable="true"/>
            <property FontSize="Small"/>
            <property Bold="false"/>
            <property ToolTipEnable="true"/>
            <property Color="white"/>
            <property ToolTip=""/>
            <property BGColor="Transparent"/>
            <property PropScientific="false"/>
            <property Alignment="Left"/>
            <property UserControl=""/>
            <property Height="60"/>
            <property Width="940"/>
        </widget>
        <widget>
            <property ID="lblDriverInformation"/>
            <property ObjectType="Label"/>
            <property XPos="980"/>
            <property YPos="160"/>
            <property Menu=""/>
            <property MenuItem=""/>
            <property Text="DRIVER INFORMATION"/>
            <property StyleSheetClass="lblDriverInformation"/>
            <property Visible="False"/>
            <property Enable="true"/>
            <property Moveable="true"/>
            <property Sizeable="true"/>
            <property FontSize="Small"/>
            <property Bold="false"/>
            <property ToolTipEnable="true"/>
            <property Color="white"/>
            <property ToolTip=""/>
            <property BGColor="Transparent"/>
            <property PropScientific="false"/>
            <property Alignment="Left"/>
            <property UserControl=""/>
            <property Height="30"/>
            <property Width="555"/>
        </widget>
        <widget>
            <property ID="lblDriverModeText"/>
            <property ObjectType="Label"/>
            <property XPos="980"/>
            <property YPos="220"/>
            <property Menu=""/>
            <property MenuItem=""/>
            <property Text="Mode: "/>
            <property StyleSheetClass="lblDriverModeText"/>
            <property Visible="False"/>
            <property Enable="true"/>
            <property Moveable="true"/>
            <property Sizeable="true"/>
            <property FontSize="Small"/>
            <property Bold="false"/>
            <property ToolTipEnable="true"/>
            <property Color="white"/>
            <property ToolTip=""/>
            <property BGColor="Transparent"/>
            <property PropScientific="false"/>
            <property Alignment="Left"/>
            <property UserControl=""/>
            <property Height="30"/>
            <property Width="340"/>
        </widget>
        <widget>
            <property ID="lblDriverMode"/>
            <property ObjectType="Label"/>
            <property XPos="1025"/>
            <property YPos="220"/>
            <property Menu=""/>
            <property MenuItem=""/>
            <property Text="SIM"/>
            <property StyleSheetClass="lblDriverMode"/>
            <property Visible="False"/>
            <property Enable="true"/>
            <property Moveable="true"/>
            <property Sizeable="true"/>
            <property FontSize="Small"/>
            <property Bold="true"/>
            <property ToolTipEnable="true"/>
            <property Color="white"/>
            <property ToolTip=""/>
            <property BGColor="Transparent"/>
            <property PropScientific="false"/>
            <property Alignment="Left"/>
            <property UserControl=""/>
            <property Height="30"/>
            <property Width="280"/>
        </widget>
        <widget>
            <property ID="lblDriverDescription"/>
            <property ObjectType="Label"/>
            <property XPos="980"/>
            <property YPos="270"/>
            <property Menu=""/>
            <property MenuItem=""/>
            <property Text="DRIVER INFORMATION"/>
            <property StyleSheetClass="lblDriverDescription"/>
            <property Visible="False"/>
            <property Enable="true"/>
            <property Moveable="true"/>
            <property Sizeable="true"/>
            <property FontSize="Small"/>
            <property Bold="false"/>
            <property ToolTipEnable="true"/>
            <property Color="white"/>
            <property ToolTip=""/>
            <property BGColor="Transparent"/>
            <property PropScientific="false"/>
            <property Alignment="Left"/>
            <property UserControl=""/>
            <property Height="30"/>
            <property Width="555"/>
        </widget>
        <widget>
            <property ID="txaDriverDescription"/>
            <property ObjectType="TextArea"/>
            <property XPos="975"/>
            <property YPos="300"/>
            <property Menu=""/>
            <property MenuItem=""/>
            <property Text=""/>
            <property StyleSheetClass="TextAreaScrollBar"/>
            <property Visible="False"/>
            <property Enable="true"/>
            <property Moveable="true"/>
            <property Sizeable="true"/>
            <property Bold="false"/>
            <property ToolTipEnable="true"/>
            <property Color="white"/>
            <property ToolTip=""/>
            <property AutoScroll="true"/>
            <property ReadOnly="true"/>
            <property Alignment="left"/>
            <property UserControl=""/>
            <property TabOrder="0"/>
            <property Height="500"/>
            <property Width="560"/>
        </widget>
        <widget>
            <property ID="btnAdvancedDashboard"/>
            <property ObjectType="Button"/>
            <property XPos="1145"/>
            <property YPos="380"/>
            <property Menu=""/>
            <property MenuItem=""/>
            <property Text="START ANALYSIS"/>
            <property StyleSheetClass=""/>
            <property Visible="False"/>
            <property Enable="False"/>
            <property Moveable="true"/>
            <property Sizeable="true"/>
            <property Bold="false"/>
            <property ToolTipEnable="true"/>
            <property ToolTip=""/>
            <property ImageData=""/>
            <property ImageDataPressed=""/>
            <property Alignment="Right"/>
            <property UserControl=""/>
            <property TabOrder="1"/>
            <property Height="30"/>
            <property Width="155"/>
        </widget>


        <widget>
            <property ID="gbxSystem"/>
            <property ObjectType="GroupBox"/>
            <property XPos="0"/>
            <property YPos="80"/>
            <property Menu=""/>
            <property MenuItem=""/>
            <property Text=""/>
            <property StyleSheetClass=""/>
            <property Visible="true"/>
            <property Enable="true"/>
            <property HoverBGColor="standard"/>
            <property Moveable="true"/>
            <property Sizeable="true"/>
            <property Bold="true"/>
            <property ToolTipEnable="true"/>
            <property ToolTip=""/>
            <property BGColor="standard"/>
            <property Hover="false"/>
            <property UserControl=""/>
            <property Height="60"/>
            <property Width="940"/>
            <widget>
                <property ID="lblSystemStatusSignalIcon"/>
                <property ObjectType="Label"/>
                <property XPos="20"/>
                <property YPos="21"/>
                <property Menu=""/>
                <property MenuItem=""/>
                <property Text=""/>
                <property StyleSheetClass=""/>
                <property Visible="false"/>
                <property Enable="true"/>
                <property Moveable="false"/>
                <property Sizeable="true"/>
                <property FontSize="Big"/>
                <property Bold="false"/>
                <property ToolTipEnable="true"/>
                <property Color="white"/>
                <property ToolTip=""/>
                <property BGColor="Transparent"/>
                <property PropScientific="false"/>
                <property Alignment="Left"/>
                <property UserControl="UCT-SysFun"/>
                <property Height="18"/>
                <property Width="18"/>
            </widget>
            <widget>
                <property ID="btnTerminate"/>
                <property ObjectType="Button"/>
                <property XPos="790"/>
                <property YPos="10"/>
                <property Menu=""/>
                <property MenuItem=""/>
                <property Text="Terminate"/>
                <property StyleSheetClass=""/>
                <property Visible="False"/>
                <property Enable="true"/>
                <property Moveable="true"/>
                <property Sizeable="true"/>
                <property Bold="false"/>
                <property ToolTipEnable="true"/>
                <property ToolTip=""/>
                <property ImageData=""/>
                <property ImageDataPressed=""/>
                <property Alignment="Center"/>
                <property UserControl=""/>
                <property TabOrder="2"/>
                <property Height="40"/>
                <property Width="140"/>
            </widget>
            <widget>
                <property ID="btnInit"/>
                <property ObjectType="Button"/>
                <property XPos="790"/>
                <property YPos="10"/>
                <property Menu=""/>
                <property MenuItem=""/>
                <property Text="Initialize"/>
                <property StyleSheetClass=""/>
                <property Visible="False"/>
                <property Enable="true"/>
                <property Moveable="true"/>
                <property Sizeable="true"/>
                <property Bold="false"/>
                <property ToolTipEnable="true"/>
                <property ToolTip=""/>
                <property ImageData=""/>
                <property ImageDataPressed=""/>
                <property Alignment="Center"/>
                <property UserControl=""/>
                <property TabOrder="3"/>
                <property Height="40"/>
                <property Width="140"/>
            </widget>
            <widget>
                <property ID="btnResolve"/>
                <property ObjectType="Button"/>
                <property XPos="640"/>
                <property YPos="10"/>
                <property Menu=""/>
                <property MenuItem=""/>
                <property Text="Initialize"/>
                <property StyleSheetClass=""/>
                <property Visible="False"/>
                <property Enable="true"/>
                <property Moveable="true"/>
                <property Sizeable="true"/>
                <property Bold="false"/>
                <property ToolTipEnable="true"/>
                <property ToolTip=""/>
                <property ImageData=""/>
                <property ImageDataPressed=""/>
                <property Alignment="Center"/>
                <property UserControl=""/>
                <property TabOrder="4"/>
                <property Height="40"/>
                <property Width="140"/>
            </widget>
            <widget>
                <property ID="lblMainStatusImage"/>
                <property ObjectType="Label"/>
                <property XPos="30"/>
                <property YPos="10"/>
                <property Menu=""/>
                <property MenuItem=""/>
                <property Text=""/>
                <property StyleSheetClass=""/>
                <property Visible="false"/>
                <property Enable="true"/>
                <property Moveable="true"/>
                <property Sizeable="true"/>
                <property FontSize="Normal"/>
                <property Bold="false"/>
                <property ToolTipEnable="true"/>
                <property Color="White"/>
                <property ToolTip=""/>
                <property BGColor="standard"/>
                <property PropScientific="false"/>
                <property Alignment="Left"/>
                <property UserControl=""/>
                <property Height="40"/>
                <property Width="300"/>
            </widget>
            <widget>
                <property ID="lblMainStatus"/>
                <property ObjectType="Label"/>
                <property XPos="60"/>
                <property YPos="10"/>
                <property Menu=""/>
                <property MenuItem=""/>
                <property Text="Terminated"/>
                <property StyleSheetClass=""/>
                <property Visible="true"/>
                <property Enable="true"/>
                <property Moveable="true"/>
                <property Sizeable="true"/>
                <property FontSize="Normal"/>
                <property Bold="false"/>
                <property ToolTipEnable="true"/>
                <property Color="White"/>
                <property ToolTip=""/>
                <property BGColor="standard"/>
                <property PropScientific="false"/>
                <property Alignment="Left"/>
                <property UserControl=""/>
                <property Height="40"/>
                <property Width="300"/>
            </widget>
            <widget>
                <property ID="lblTimer"/>
                <property ObjectType="Label"/>
                <property XPos="880"/>
                <property YPos="10"/>
                <property Menu=""/>
                <property MenuItem=""/>
                <property Text=""/>
                <property StyleSheetClass=""/>
                <property Visible="False"/>
                <property Enable="true"/>
                <property Moveable="true"/>
                <property Sizeable="true"/>
                <property FontSize="Small"/>
                <property Bold="false"/>
                <property ToolTipEnable="true"/>
                <property Color="White"/>
                <property ToolTip=""/>
                <property BGColor="transparent"/>
                <property PropScientific="false"/>
                <property Alignment="Right"/>
                <property UserControl=""/>
                <property Height="40"/>
                <property Width="50"/>
            </widget>            
            <widget>
                <property ID="lblClockIcon"/>
                <property ObjectType="Label"/>
                <property XPos="860"/>
                <property YPos="10"/>
                <property Menu=""/>
                <property MenuItem=""/>
                <property Text=""/>
                <property StyleSheetClass=""/>
                <property Visible="False"/>
                <property Enable="true"/>
                <property Moveable="true"/>
                <property Sizeable="true"/>
                <property FontSize="Small"/>
                <property Bold="false"/>
                <property ToolTipEnable="true"/>
                <property Color="White"/>
                <property ToolTip=""/>
                <property BGColor="transparent"/>
                <property PropScientific="false"/>
                <property Alignment="Right"/>
                <property UserControl=""/>
                <property Height="40"/>
                <property Width="20"/>
            </widget>
        </widget>


        <widget>
            <property ID="lblSystemHeader"/>
            <property ObjectType="Label"/>
            <property XPos="0"/>
            <property YPos="40"/>
            <property Menu=""/>
            <property MenuItem=""/>
            <property Text="Source drivers"/>
            <property StyleSheetClass="GenericHeader"/>
            <property Visible="true"/>
            <property Enable="true"/>
            <property Moveable="true"/>
            <property Sizeable="true"/>
            <property FontSize="Big"/>
            <property Bold="False"/>
            <property ToolTipEnable="true"/>
            <property Color="white"/>
            <property ToolTip=""/>
            <property BGColor="Transparent"/>
            <property PropScientific="false"/>
            <property Alignment="Left"/>
            <property UserControl=""/>
            <property Height="30"/>
            <property Width="460"/>
        </widget>
    </widget>
</SUI>
