<?xml version="1.0" encoding="UTF-8"?>
<SUI>
    <property SUICoreVersion="2.51.0"/>
    <property SUIEditorVersion="2.51.0"/>
    <property SUIObjectFactory="SUI Object factory"/>
    <property SUIStylesheet="SourceGUI"/>
    <property Width="1545"/>
    <property Height="950"/>
    <property SUIVersion="2.51"/>
    <property SUIName="Example SUI"/>
    <property SUIDescription="Example SUI"/>
    <property HasBottomButtonBar="false"/>
    <property Namespace="NMSP"/>
    <property HasRightButtonBar="false"/>
    <property ClassName="CLNA"/>
    <property HasStatusBar="false"/>
    <widget>
        <property ID="lblSSMHeader"/>
        <property ObjectType="Label"/>
        <property XPos="0"/>
        <property YPos="40"/>
        <property Menu=""/>
        <property MenuItem=""/>
        <property Text="System state manager"/>
        <property StyleSheetClass="GenericHeader"/>
        <property Visible="true"/>
        <property Enable="true"/>
        <property Moveable="true"/>
        <property Sizeable="true"/>
        <property FontSize="Big"/>
        <property Bold="False"/>
        <property ToolTipEnable="true"/>
        <property Color="white"/>
        <property ToolTip=""/>
        <property BGColor="Transparent"/>
        <property PropScientific="false"/>
        <property Alignment="Left"/>
        <property UserControl=""/>
        <property Height="30"/>
        <property Width="460"/>
    </widget>
    <widget>
        <property ID="wpg1"/>
        <property ObjectType="WidgetPage"/>
        <property XPos="0"/>
        <property YPos="80"/>
        <property Visible="true"/>
        <property Enable="true"/>
        <property Moveable="false"/>
        <property Sizeable="false"/>
        <property ToolTipEnable="true"/>
        <property StyleSheetClass=""/>
        <property Height="950"/>
        <property Width="1545"/>
        <widget>
            <property ID="tbw4"/>
            <property ObjectType="TabWidget"/>
            <property XPos="0"/>
            <property YPos="0"/>
            <property Visible="true"/>
            <property Enable="true"/>
            <property Moveable="true"/>
            <property Sizeable="true"/>
            <property CurrentTabPage="0"/>
            <property ToolTipEnable="true"/>
            <property StyleSheetClass="TabPage"/>
            <property Height="950"/>
            <property Width="1533"/>
            <widget>
                <property ID="tbp1"/>
                <property ObjectType="TabPage"/>
                <property XPos="0"/>
                <property YPos="0"/>
                <property Visible="true"/>
                <property Enable="true"/>
                <property Moveable="false"/>
                <property Sizeable="false"/>
                <property ToolTipEnable="true"/>
                <property Text="SYSTEM STATE"/>
                <property Height="860"/>
                <property Width="1500"/>
                <widget>
                    <property ID="cnt1"/>
                    <property ObjectType="Container"/>
                    <property XPos="0"/>
                    <property YPos="0"/>
                    <property TabOrder="0"/>                    
                    <property Visible="true"/>
                    <property Enable="true"/>
                    <property Moveable="true"/>
                    <property Sizeable="true"/>
                    <property ToolTipEnable="true"/>
                    <property Height="860"/>
                    <property Width="1500"/>
                     <property BorderOn="false"/>
                </widget>
            </widget>
            <widget>
                <property ID="tbp2"/>
                <property ObjectType="TabPage"/>
                <property XPos="6"/>
                <property YPos="36"/>
                <property Visible="true"/>
                <property Enable="true"/>
                <property Moveable="false"/>
                <property Sizeable="false"/>
                <property ToolTipEnable="true"/>
                <property Text="LASER CONTROL"/>
                <property Height="860"/>
                <property Width="1500"/>
                <widget>
                    <property ID="cnt2"/>
                    <property ObjectType="Container"/>
                    <property XPos="0"/>
                    <property TabOrder="1"/>
                    <property YPos="0"/>
                    <property Visible="true"/>
                    <property Enable="true"/>
                    <property Moveable="true"/>
                    <property Sizeable="true"/>
                    <property ToolTipEnable="true"/>
                    <property Height="860"/>
                    <property Width="1500"/>
                </widget>
            </widget>
            <widget>
                <property ID="tbp3"/>
                <property ObjectType="TabPage"/>
                <property XPos="6"/>
                <property YPos="36"/>
                <property Visible="true"/>
                <property Enable="true"/>
                <property Moveable="false"/>
                <property Sizeable="false"/>
                <property ToolTipEnable="true"/>
                <property Text="ENVIRONMENT CONTROL"/>
                <property Height="860"/>
                <property Width="1500"/>
                <widget>
                    <property ID="cnt3"/>
                    <property ObjectType="Container"/>
                    <property XPos="0"/>
                    <property TabOrder="2"/>
                    <property YPos="0"/>
                    <property Visible="true"/>
                    <property Enable="true"/>
                    <property Moveable="true"/>
                    <property Sizeable="true"/>
                    <property ToolTipEnable="true"/>
                    <property Height="860"/>
                    <property Width="1500"/>
                </widget>
            </widget>
            <widget>
                <property ID="tbp4"/>
                <property ObjectType="TabPage"/>
                <property XPos="37"/>
                <property YPos="36"/>
                <property Visible="true"/>
                <property Enable="true"/>
                <property Moveable="false"/>
                <property Sizeable="false"/>
                <property ToolTipEnable="true"/>
                <property Text="TIMING AND ENERGIE CONTROL"/>
                <property Height="860"/>
                <property Width="1500"/>
                <widget>
                    <property ID="cnt4"/>
                    <property ObjectType="Container"/>
                    <property XPos="0"/>
                    <property TabOrder="3"/>
                    <property YPos="0"/>
                    <property Visible="true"/>
                    <property Enable="true"/>
                    <property Moveable="true"/>
                    <property Sizeable="true"/>
                    <property ToolTipEnable="true"/>
                    <property Height="860"/>
                    <property Width="1500"/>
                </widget>
            </widget>
            <widget>
                <property ID="tbp5"/>
                <property ObjectType="TabPage"/>
                <property XPos="6"/>
                <property YPos="36"/>
                <property Visible="true"/>
                <property Enable="true"/>
                <property Moveable="false"/>
                <property Sizeable="false"/>
                <property ToolTipEnable="true"/>
                <property Text="DROPLET CONTROL"/>
                <property Height="860"/>
                <property Width="1500"/>
                <widget>
                    <property ID="cnt5"/>
                     <property ObjectType="Container"/>
                    <property XPos="0"/>
                    <property TabOrder="4"/>
                    <property YPos="0"/>
                    <property Visible="true"/>
                    <property Enable="true"/>
                    <property Moveable="true"/>
                    <property Sizeable="true"/>
                    <property ToolTipEnable="true"/>
                    <property Height="860"/>
                    <property Width="1500"/>
                </widget>
            </widget>
            <widget>
                <property ID="tbp6"/>
                <property ObjectType="TabPage"/>
                <property XPos="6"/>
                <property YPos="36"/>
                <property Visible="true"/>
                <property Enable="true"/>
                <property Moveable="false"/>
                <property Sizeable="false"/>
                <property ToolTipEnable="true"/>
                <property Text="TIN DEBRIS CONTROL"/>
                <property Height="860"/>
                <property Width="1500"/>
                <widget>
                    <property ID="cnt6"/>
                    <property XPos="0"/>
                    <property ObjectType="Container"/>
                    <property TabOrder="5"/>
                    <property YPos="0"/>
                    <property Visible="true"/>
                    <property Enable="true"/>
                    <property Moveable="true"/>
                    <property Sizeable="true"/>
                    <property ToolTipEnable="true"/>
                    <property Height="860"/>
                    <property Width="1500"/>
                </widget>
            </widget>
        </widget>
    </widget>
</SUI>
