<?xml version="1.0" encoding="UTF-8"?>
<UserControl>
    <property ID="UCT-SysFun"/>
    <property ObjectType="UserControl"/>
    <property UserControl="UCT-SysFun"/>
    <property XPos="0"/>
    <property YPos="0"/>
    <property Visible="true"/>
    <property Menu=""/>
    <property Enable="true"/>
    <property MenuItem=""/>
    <property Moveable="true"/>
    <property Sizeable="false"/>
    <property ToolTipEnable="true"/>
    <property ToolTip=""/>
    <property FileName="UCT-SysFun.xml"/>
    <property StyleSheetClass=""/>
    <property Height="40"/>
    <property Width="940"/>
    <widget>
        <property ID="gbxSysFun"/>
        <property ObjectType="GroupBox"/>
        <property XPos="0"/>
        <property YPos="0"/>
        <property Menu=""/>
        <property MenuItem=""/>
        <property Text=""/>
        <property StyleSheetClass=""/>
        <property Visible="true"/>
        <property Enable="true"/>
        <property HoverBGColor="standard"/>
        <property Moveable="false"/>
        <property Sizeable="true"/>
        <property Bold="true"/>
        <property ToolTipEnable="true"/>
        <property ToolTip=""/>
        <property BGColor="standard"/>
        <property Hover="false"/>
        <property UserControl="UCT-SysFun"/>
        <property Height="40"/>
        <property Width="940"/>
        <widget>
            <property ID="pgbProgress"/>
            <property ObjectType="ProgressBar"/>
            <property XPos="0"/>
            <property YPos="2"/>
            <property Menu=""/>
            <property MenuItem=""/>
            <property Text=""/>
            <property StyleSheetClass=""/>
            <property Visible="false"/>
            <property Enable="true"/>
            <property Moveable="false"/>
            <property Sizeable="true"/>
            <property Bold="false"/>
            <property MaxValue="100"/>
            <property Percentage="false"/>
            <property MinValue="0"/>
            <property ToolTipEnable="true"/>
            <property Color="green"/>
            <property ToolTip=""/>
            <property Orientation="Horizontal"/>
            <property UserControl="UCT-SysFun"/>
            <property Height="36"/>
            <property Width="940"/>
        </widget>
        <widget>
            <property ID="lblBranchIcon"/>
            <property ObjectType="Label"/>
            <property XPos="10"/>
            <property YPos="10"/>
            <property Menu=""/>
            <property MenuItem=""/>
            <property Text=""/>
            <property StyleSheetClass=""/>
            <property Visible="false"/>
            <property Enable="true"/>
            <property Moveable="false"/>
            <property Sizeable="true"/>
            <property FontSize="Big"/>
            <property Bold="false"/>
            <property ToolTipEnable="true"/>
            <property Color="white"/>
            <property ToolTip=""/>
            <property BGColor="Transparent"/>
            <property PropScientific="false"/>
            <property Alignment="Left"/>
            <property UserControl="UCT-SysFun"/>
            <property Height="18"/>
            <property Width="18"/>
        </widget>
        <widget>
            <property ID="lblSignalIcon"/>
            <property ObjectType="Label"/>
            <property XPos="35"/>
            <property YPos="10"/>
            <property Menu=""/>
            <property MenuItem=""/>
            <property Text=""/>
            <property StyleSheetClass=""/>
            <property Visible="false"/>
            <property Enable="true"/>
            <property Moveable="false"/>
            <property Sizeable="true"/>
            <property FontSize="Big"/>
            <property Bold="false"/>
            <property ToolTipEnable="true"/>
            <property Color="white"/>
            <property ToolTip=""/>
            <property BGColor="Transparent"/>
            <property PropScientific="false"/>
            <property Alignment="Left"/>
            <property UserControl="UCT-SysFun"/>
            <property Height="18"/>
            <property Width="18"/>
        </widget>
        <widget>
            <property ID="lblStatus"/>
            <property ObjectType="Label"/>
            <property XPos="775"/>
            <property YPos="5"/>
            <property Menu=""/>
            <property MenuItem=""/>
            <property Text=""/>
            <property StyleSheetClass="defaultSmall"/>
            <property Visible="false"/>
            <property Enable="true"/>
            <property Moveable="false"/>
            <property Sizeable="true"/>
            <property FontSize="Small"/>
            <property Bold="false"/>
            <property ToolTipEnable="true"/>
            <property Color="white"/>
            <property ToolTip=""/>
            <property BGColor="Transparent"/>
            <property PropScientific="false"/>
            <property Alignment="Left"/>
            <property UserControl="UCT-SysFun"/>
            <property Height="30"/>
            <property Width="100"/>
        </widget>
        <widget>
            <property ID="lblSysFunName"/>
            <property ObjectType="Label"/>
            <property XPos="60"/>
            <property YPos="5"/>
            <property Menu=""/>
            <property MenuItem=""/>
            <property Text=""/>
            <property StyleSheetClass="default"/>
            <property Visible="true"/>
            <property Enable="true"/>
            <property Moveable="false"/>
            <property Sizeable="true"/>
            <property FontSize="Normal"/>
            <property Bold="false"/>
            <property ToolTipEnable="true"/>
            <property Color="white"/>
            <property ToolTip=""/>
            <property BGColor="Transparent"/>
            <property PropScientific="false"/>
            <property Alignment="left"/>
            <property UserControl="UCT-SysFun"/>
            <property Height="30"/>
            <property Width="650"/>
        </widget>
        <widget>
           <property ID="btnSysFunSim" />
           <property ObjectType="Button" />
           <property XPos="883" />
           <property YPos="12" />
           <property Menu="" />
           <property MenuItem="" />
           <property Visible="false" />
           <property StyleSheetClass="sim" />
           <property Enable="true" />
           <property Moveable="true" />
           <property Sizeable="true" />
           <property Bold="false" />
           <property ToolTipEnable="true" />
           <property ToolTip="" />
           <property ImageData="" />
           <property ImageDataPressed="" />
           <property Text="SIM" />
           <property Alignment="center" />
           <property UserControl="" />
           <property TabOrder="1" />
           <property Height="14" />
           <property Width="47" />
       </widget>
    </widget>
</UserControl>
