<?xml version="1.0" encoding="UTF-8"?>
<UserControl>
    <property ID="UCT-ParameterHistory"/>
    <property ObjectType="UserControl"/>
    <property XPos="0"/>
    <property YPos="0"/>
    <property Menu=""/>
    <property MenuItem=""/>
    <property Visible="true"/>
    <property StyleSheetClass=""/>
    <property Enable="true"/>
    <property Moveable="true"/>
    <property Sizeable="false"/>
    <property ToolTipEnable="true"/>
    <property ToolTip=""/>
    <property UserControl="UCT-ParameterHistory"/>
    <property Height="520"/>
    <property Width="1380"/>
    <widget>
        <property ID="gbxCPDUCTHistory"/>
        <property ObjectType="GroupBox"/>
        <property XPos="0"/>
        <property YPos="0"/>
        <property Menu=""/>
        <property MenuItem=""/>
        <property Visible="true"/>
        <property StyleSheetClass=""/>
        <property Enable="true"/>
        <property Moveable="false"/>
        <property HoverBGColor=""/>
        <property Sizeable="true"/>
        <property Bold="true"/>
        <property ToolTipEnable="true"/>
        <property BGColor=""/>
        <property ToolTip=""/>
        <property Hover=""/>
        <property Text=""/>
        <property UserControl="UCT-ParameterHistory"/>
        <property Height="520"/>
        <property Width="1380"/>
        <widget>
            <property ID="lblParameterNameHistory"/>
            <property ObjectType="Label"/>
            <property XPos="0"/>
            <property YPos="0"/>
            <property Menu=""/>
            <property MenuItem=""/>
            <property Visible="true"/>
            <property StyleSheetClass="parameterStyle"/>
            <property Enable="true"/>
            <property Moveable="false"/>
            <property Sizeable="true"/>
            <property FontSize="Small"/>
            <property Bold="false"/>
            <property Color=""/>
            <property ToolTipEnable=""/>
            <property BGColor=""/>
            <property ToolTip=""/>
            <property PropScientific="false"/>
            <property Text=""/>
            <property Alignment="Left"/>
            <property UserControl="UCT-ParameterHistory"/>
            <property Height="520"/>
            <property Width="480"/>
        </widget>
        <widget>
            <property ID="lblParameterOldValue"/>
            <property ObjectType="Label"/>
            <property XPos="480"/>
            <property YPos="0"/>
            <property Menu=""/>
            <property MenuItem=""/>
            <property Visible="true"/>
            <property StyleSheetClass="parameterStyle"/>
            <property Enable="true"/>
            <property Moveable="false"/>
            <property Sizeable="true"/>
            <property FontSize="Small"/>
            <property Bold="false"/>
            <property Color="grey"/>
            <property ToolTipEnable="true"/>
            <property BGColor=""/>
            <property ToolTip=""/>
            <property PropScientific="false"/>
            <property Text=""/>
            <property Alignment="Left"/>
            <property UserControl="UCT-ParameterHistory"/>
            <property Height="520"/>
            <property Width="190"/>
        </widget>
        <widget>
            <property ID="lblParameterNewValue"/>
            <property ObjectType="Label"/>
            <property XPos="670"/>
            <property YPos="0"/>
            <property Menu=""/>
            <property MenuItem=""/>
            <property Visible="true"/>
            <property StyleSheetClass="parameterStyle"/>
            <property Enable="true"/>
            <property Moveable="false"/>
            <property Sizeable="true"/>
            <property FontSize="Small"/>
            <property Bold="false"/>
            <property Color="grey"/>
            <property ToolTipEnable="true"/>
            <property BGColor=""/>
            <property ToolTip=""/>
            <property PropScientific="false"/>
            <property Text=""/>
            <property Alignment="Left"/>
            <property UserControl="UCT-ParameterHistory"/>
            <property Height="520"/>
            <property Width="150"/>
        </widget>
        <widget>
            <property ID="lblChangedOn"/>
            <property ObjectType="Label"/>
            <property XPos="815"/>
            <property YPos="0"/>
            <property Menu=""/>
            <property MenuItem=""/>
            <property Visible="true"/>
            <property StyleSheetClass="parameterStyle"/>
            <property Enable="true"/>
            <property Moveable="false"/>
            <property Sizeable="true"/>
            <property FontSize="Small"/>
            <property Bold="false"/>
            <property Color="grey"/>
            <property ToolTipEnable="true"/>
            <property BGColor=""/>
            <property ToolTip=""/>
            <property PropScientific="false"/>
            <property Text=""/>
            <property Alignment="Left"/>
            <property UserControl="UCT-ParameterHistory"/>
            <property Height="520"/>
            <property Width="175"/>
        </widget>
        <widget>
            <property ID="lblChangedBy"/>
            <property ObjectType="Label"/>
            <property XPos="990"/>
            <property YPos="0"/>
            <property Menu=""/>
            <property MenuItem=""/>
            <property Visible="true"/>
            <property StyleSheetClass="parameterStyle"/>
            <property Enable="true"/>
            <property Moveable="false"/>
            <property Sizeable="true"/>
            <property FontSize="Small"/>
            <property Bold="false"/>
            <property Color="grey"/>
            <property ToolTipEnable="true"/>
            <property BGColor=""/>
            <property ToolTip=""/>
            <property PropScientific="false"/>
            <property Text=""/>
            <property Alignment="Left"/>
            <property UserControl="UCT-ParameterHistory"/>
            <property Height="520"/>
            <property Width="150"/>
        </widget>
        <widget>
            <property ID="lblReason"/>
            <property ObjectType="Label"/>
            <property XPos="1140"/>
            <property YPos="0"/>
            <property Menu=""/>
            <property MenuItem=""/>
            <property Visible="true"/>
            <property StyleSheetClass="parameterStyle"/>
            <property Enable="true"/>
            <property Moveable="false"/>
            <property Sizeable="true"/>
            <property FontSize="Small"/>
            <property Bold="false"/>
            <property Color="grey"/>
            <property ToolTipEnable="true"/>
            <property BGColor=""/>
            <property ToolTip=""/>
            <property PropScientific="false"/>
            <property Text=""/>
            <property Alignment="Left"/>
            <property UserControl="UCT-ParameterHistory"/>
            <property Height="520"/>
            <property Width="260"/>
        </widget>
    </widget>
</UserControl>
