<?xml version="1.0" encoding="UTF-8"?>
<UserControl>
    <property ID="UCT-Driver"/>
    <property ObjectType="UserControl"/>
    <property UserControl="UCT-Driver"/>
    <property XPos="40"/>
    <property YPos="0"/>
    <property Visible="true"/>
    <property Menu=""/>
    <property Enable="true"/>
    <property MenuItem=""/>
    <property Moveable="true"/>
    <property Sizeable="false"/>
    <property ToolTipEnable="true"/>
    <property ToolTip=""/>
    <property FileName="UCT-Driver.xml"/>
    <property StyleSheetClass=""/>
    <property Height="40"/>
    <property Width="880"/>
    <widget>
        <property ID="gbxDriver"/>
        <property ObjectType="GroupBox"/>
        <property XPos="40"/>
        <property YPos="0"/>
        <property Menu=""/>
        <property MenuItem=""/>
        <property Text=""/>
        <property StyleSheetClass=""/>
        <property Visible="true"/>
        <property Enable="true"/>
        <property HoverBGColor="standard"/>
        <property Moveable="false"/>
        <property Sizeable="true"/>
        <property Bold="true"/>
        <property ToolTipEnable="true"/>
        <property ToolTip=""/>
        <property BGColor="standard"/>
        <property Hover="false"/>
        <property UserControl="UCT-Driver"/>
        <property Height="40"/>
        <property Width="880"/>
        <widget>
            <property ID="lblSignalIcon"/>
            <property ObjectType="Label"/>
            <property XPos="25"/>
            <property YPos="10"/>
            <property Menu=""/>
            <property MenuItem=""/>
            <property Text=""/>
            <property StyleSheetClass=""/>
            <property Visible="true"/>
            <property Enable="true"/>
            <property Moveable="false"/>
            <property Sizeable="true"/>
            <property FontSize="Big"/>
            <property Bold="false"/>
            <property ToolTipEnable="true"/>
            <property Color="white"/>
            <property ToolTip=""/>
            <property BGColor="Transparent"/>
            <property PropScientific="false"/>
            <property Alignment="Left"/>
            <property UserControl="UCT-Driver"/>
            <property Height="18"/>
            <property Width="18"/>
        </widget>
        <widget>
            <property ID="lblDriverName"/>
            <property ObjectType="Label"/>
            <property XPos="50"/>
            <property YPos="5"/>
            <property Menu=""/>
            <property MenuItem=""/>
            <property Text=""/>
            <property StyleSheetClass="default"/>
            <property Visible="true"/>
            <property Enable="true"/>
            <property Moveable="false"/>
            <property Sizeable="true"/>
            <property FontSize="Big"/>
            <property Bold="false"/>
            <property ToolTipEnable="true"/>
            <property Color="white"/>
            <property ToolTip=""/>
            <property BGColor="Transparent"/>
            <property PropScientific="false"/>
            <property Alignment="Left"/>
            <property UserControl="UCT-Driver"/>
            <property Height="30"/>
            <property Width="590"/>
        </widget>
        <widget>
            <property ID="lblStatus"/>
            <property ObjectType="Label"/>
            <property XPos="715"/>
            <property YPos="5"/>
            <property Menu=""/>
            <property MenuItem=""/>
            <property Text=""/>
            <property StyleSheetClass="defaultSmall"/>
            <property Visible="true"/>
            <property Enable="true"/>
            <property Moveable="false"/>
            <property Sizeable="true"/>
            <property FontSize="Normal"/>
            <property Bold="false"/>
            <property ToolTipEnable="true"/>
            <property Color="white"/>
            <property ToolTip=""/>
            <property BGColor="transparent"/>
            <property PropScientific="false"/>
            <property Alignment="Left"/>
            <property UserControl="UCT-Driver"/>
            <property Height="30"/>
            <property Width="100"/>
        </widget>
        <widget>
            <property ID="bicProgress"/>
            <property ObjectType="BusyIndicator"/>
            <property UserControl="UCT-Driver"/>
            <property XPos="710"/>
            <property YPos="0"/>
            <property Visible="false"/>
            <property Menu=""/>
            <property Enable="true"/>
            <property MenuItem=""/>
            <property Moveable="false"/>
            <property Sizeable="false"/>
            <property Alignment="Left"/>
            <property ToolTipEnable="true"/>
            <property ToolTip=""/>
            <property StyleSheetClass=""/>
            <property BusyIndicatorImage="RollingBlocksProgressBlue"/>
            <property Height="40"/>
            <property Width="70"/>
        </widget>

        <widget>
            <property ID="bicRegress"/>
            <property ObjectType="BusyIndicator"/>
            <property UserControl="UCT-Driver"/>
            <property XPos="710"/>
            <property YPos="0"/>
            <property Visible="false"/>
            <property Menu=""/>
            <property Enable="true"/>
            <property MenuItem=""/>
            <property Moveable="false"/>
            <property Sizeable="false"/>
            <property Alignment="Left"/>
            <property ToolTipEnable="true"/>
            <property ToolTip=""/>
            <property StyleSheetClass=""/>
            <property BusyIndicatorImage="RollingBlocksRegressBlue"/>
            <property Height="40"/>
            <property Width="70"/>
        </widget>
        <widget>
           <property ID="btnDriverSim" />
           <property ObjectType="Button" />
           <property XPos="823" />
           <property YPos="12" />
           <property Menu="" />
           <property MenuItem="" />
           <property Visible="false" />
           <property StyleSheetClass="sim" />
           <property Enable="true" />
           <property Moveable="true" />
           <property Sizeable="true" />
           <property Bold="false" />
           <property ToolTipEnable="true" />
           <property ToolTip="" />
           <property ImageData="" />
           <property ImageDataPressed="" />
           <property Text="SIM" />
           <property Alignment="center" />
           <property UserControl="" />
           <property TabOrder="1" />
           <property Height="14" />
           <property Width="47" />
       </widget>
    </widget>
</UserControl>
