<?xml version="1.0" encoding="UTF-8"?>
<UserControl>
    <property SUIVersion="2.0"/>
    <property SUICoreVersion="2.0.0"/>
    <property SUIEditorVersion="1.8.0"/>
    <property ID="UCT-AlertItem"/>
    <property ObjectType="UserControl"/>
    <property XPos="0"/>
    <property YPos="0"/>
    <property Menu=""/>
    <property MenuItem=""/>
    <property FileName=""/>
    <property Visible="true"/>
    <property StyleSheetClass=""/>
    <property Enable="false"/>
    <property Moveable="true"/>
    <property Sizeable="false"/>
    <property ToolTipEnable="true"/>
    <property ToolTip=""/>
    <property UserControl="UCT-AlertItem"/>
    <property Height="35"/>
    <property Width="100"/>
    <widget>
        <property ID="gbxAlertItem"/>
        <property ObjectType="GroupBox"/>
        <property SUICoreVersion="2.0.0"/>
        <property XPos="0"/>
        <property SUIEditorVersion="1.8.0"/>
        <property YPos="0"/>
        <property SUIObjectFactory="Object factory"/>
        <property Menu=""/>
        <property MenuItem=""/>
        <property Visible="true"/>
        <property StyleSheetClass=""/>
        <property Enable="true"/>
        <property Moveable="false"/>
        <property HoverBGColor="blue"/>
        <property Sizeable="true"/>
        <property SUIVersion="2.0.0"/>
        <property SUIName="System User Interface (SUI)"/>
        <property SUIDescription="SUI"/>
        <property Bold="true"/>
        <property ToolTipEnable="true"/>
        <property BGColor="standard"/>
        <property ToolTip=""/>
        <property Hover="false"/>
        <property Text=""/>
        <property UserControl="UCT-AlertItem"/>
        <property Height="35"/>
        <property Width="180"/>
        <widget>
                <property ID="lblAlertBtnImage"/>
                <property ObjectType="Label"/>
                <property XPos="6"/>
                <property YPos="8"/>
                <property Menu=""/>
                <property MenuItem=""/>
                <property Visible="true"/>
                <property StyleSheetClass=""/>
                <property Enable="true"/>
                <property Moveable="false"/>
                <property Sizeable="false"/>
                <property FontSize="Normal"/>
                <property Bold="false"/>
                <property Color="transparent"/>
                <property ToolTipEnable="true"/>
                <property BGColor="transparent"/>
                <property ToolTip=""/>
                <property PropScientific="false"/>
                <property Text="Label"/>
                <property Alignment="Left"/>
                <property UserControl="UCT-AlertItem"/>
                <property Height="18"/>
                <property Width="18"/>
        </widget>
        <widget>
            <property ID="lblAlertBtnText"/>
            <property ObjectType="Label"/>
            <property XPos="30"/>
            <property YPos="3"/>
            <property Menu=""/>
            <property MenuItem=""/>
            <property Visible="true"/>
            <property StyleSheetClass=""/>
            <property Enable="true"/>
            <property Moveable="false"/>
            <property Sizeable="true"/>
            <property FontSize="Normal"/>
            <property Bold="false"/>
            <property Color="transparent"/>
            <property ToolTipEnable="true"/>
            <property BGColor="transparent"/>
            <property ToolTip=""/>
            <property PropScientific="false"/>
            <property Text=""/>
            <property Alignment="Left"/>
            <property UserControl="UCT-AlertItem"/>
            <property Height="30"/>
            <property Width="110"/>
        </widget>
    </widget>
</UserControl>
