<?xml version="1.0" encoding="UTF-8"?>
<SUI>
    <property SUICoreVersion="2.0.0"/>
    <property SUIEditorVersion="1.8.0"/>
    <property SUIObjectFactory="SUI Object factory"/>
    <property Height="768"/>
    <property SUIStylesheet="ADT"/>
    <property Width="1024"/>
    <property SUIVersion="2.0"/>
    <property SUIName="Example SUI"/>
    <property SUIDescription="Example SUI"/>
    <property HasBottomButtonBar="false"/>
    <property HasRightButtonBar="false"/>
    <property HasStatusBar="false"/>
    <widget>
        <property ID="tbw1"/>
        <property ObjectType="TabWidget"/>
        <property XPos="4"/>
        <property YPos="4"/>
        <property Menu=""/>
        <property MenuItem=""/>
        <property Visible="true"/>
        <property StyleSheetClass=""/>
        <property Enable="true"/>
        <property Moveable="false"/>
        <property Sizeable="false"/>
        <property CurrentTabPage="0"/>
        <property ToolTipEnable="true"/>
        <property ToolTip=""/>
        <property UserControl=""/>
        <property Height="756"/>
        <property Width="1008"/>
        <widget>
            <property ID="tbp2"/>
            <property ObjectType="TabPage"/>
            <property XPos="6"/>
            <property YPos="36"/>
            <property Menu=""/>
            <property MenuItem=""/>
            <property Visible="true"/>
            <property StyleSheetClass=""/>
            <property Enable="true"/>
            <property Moveable="false"/>
            <property Sizeable="false"/>
            <property ToolTipEnable="true"/>
            <property ToolTip=""/>
            <property ImageData=""/>
            <property Text="Default"/>
            <property UserControl=""/>
            <property Height="714"/>
            <property Width="996"/>
            <widget>
                <property ID="gbx26"/>
                <property ObjectType="GroupBox"/>
                <property XPos="170"/>
                <property YPos="180"/>
                <property Menu=""/>
                <property MenuItem=""/>
                <property Visible="true"/>
                <property StyleSheetClass=""/>
                <property Enable="true"/>
                <property Moveable="true"/>
                <property HoverBGColor="standard"/>
                <property Sizeable="true"/>
                <property Bold="true"/>
                <property ToolTipEnable="true"/>
                <property BGColor="standard"/>
                <property ToolTip=""/>
                <property Hover="false"/>
                <property Text="GroupBox"/>
                <property UserControl=""/>
                <property Height="50"/>
                <property Width="320"/>
                <widget>
                    <property ID="imv27"/>
                    <property ObjectType="GraphicsView"/>
                    <property XPos="10"/>
                    <property YPos="10"/>
                    <property Menu=""/>
                    <property MenuItem=""/>
                    <property Visible="true"/>
                    <property StyleSheetClass=""/>
                    <property Enable="true"/>
                    <property Moveable="true"/>
                    <property Sizeable="true"/>
                    <property ScrollBars="true"/>
                    <property AutoFitBG="padding"/>
                    <property ZoomStyle="Panning"/>
                    <property ScrollZoom="true"/>
                    <property BorderOn="true"/>
                    <property ToolTipEnable="true"/>
                    <property ToolTip=""/>
                    <property ImageData=""/>
                    <property UserControl=""/>
                    <property Height="30"/>
                    <property Width="30"/>
                </widget>
                <widget>
                    <property ID="lbl28"/>
                    <property ObjectType="Label"/>
                    <property XPos="50"/>
                    <property YPos="10"/>
                    <property Menu=""/>
                    <property MenuItem=""/>
                    <property Visible="true"/>
                    <property StyleSheetClass=""/>
                    <property Enable="true"/>
                    <property Moveable="true"/>
                    <property Sizeable="true"/>
                    <property FontSize="Normal"/>
                    <property Bold="false"/>
                    <property Color="transparent"/>
                    <property ToolTipEnable="true"/>
                    <property BGColor="transparent"/>
                    <property ToolTip=""/>
                    <property PropScientific="false"/>
                    <property Text="Label"/>
                    <property Alignment="Left"/>
                    <property UserControl=""/>
                    <property Height="30"/>
                    <property Width="260"/>
                </widget>
                <widget>
                    <property ID="bic29"/>
                    <property ObjectType="BusyIndicator"/>
                    <property XPos="140"/>
                    <property YPos="0"/>
                    <property Menu=""/>
                    <property MenuItem=""/>
                    <property Visible="true"/>
                    <property StyleSheetClass=""/>
                    <property Enable="true"/>
                    <property BusyIndicatorImage="RotatingWheel"/>
                    <property Moveable="true"/>
                    <property Sizeable="true"/>
                    <property ToolTipEnable="true"/>
                    <property ToolTip=""/>
                    <property UserControl=""/>
                    <property Height="40"/>
                    <property Width="40"/>
                </widget>
            </widget>
        </widget>
    </widget>
</SUI>
