<?xml version="1.0" encoding="UTF-8"?>
<SUI>
    <property SUICoreVersion="2.0.0"/>
    <property SUIEditorVersion="1.8.0"/>
    <property SUIObjectFactory="SUI Object factory"/>
    <property Height="768"/>
    <property SUIStylesheet="ADT"/>
    <property Width="1024"/>
    <property SUIVersion="2.0"/>
    <property SUIName="Example SUI"/>
    <property SUIDescription="Example SUI"/>
    <property HasBottomButtonBar="false"/>
    <property HasRightButtonBar="false"/>
    <property HasStatusBar="false"/>
    <widget>
        <property ID="tbw1"/>
        <property ObjectType="TabWidget"/>
        <property UserControl=""/>
        <property XPos="4"/>
        <property YPos="4"/>
        <property Visible="true"/>
        <property Menu=""/>
        <property Enable="true"/>
        <property MenuItem=""/>
        <property Moveable="false"/>
        <property Sizeable="false"/>
        <property ToolTipEnable="true"/>
        <property CurrentTabPage="0"/>
        <property ToolTip=""/>
        <property StyleSheetFileName=":/stylesheets/StyleSheets/TabWidget.css"/>
        <property Height="756"/>
        <property Width="1008"/>
        <widget>
            <property ID="tbp2"/>
            <property ObjectType="TabPage"/>
            <property XPos="6"/>
            <property YPos="36"/>
            <property Menu=""/>
            <property MenuItem=""/>
            <property Text="Default"/>
            <property StyleSheetFileName=":/stylesheets/StyleSheets/TabPage.css"/>
            <property Visible="true"/>
            <property Enable="true"/>
            <property Moveable="false"/>
            <property Sizeable="false"/>
            <property ToolTipEnable="true"/>
            <property ToolTip=""/>
            <property ImageData=""/>
            <property UserControl=""/>
            <property Height="714"/>
            <property Width="996"/>
            <widget>
                <property ID="gbxDriver"/>
                <property ObjectType="GroupBox"/>
                <property XPos="30"/>
                <property YPos="150"/>
                <property Menu=""/>
                <property MenuItem=""/>
                <property Text=""/>
                <property StyleSheetFileName=":/stylesheets/StyleSheets/GroupBox.css"/>
                <property Visible="true"/>
                <property Enable="true"/>
                <property HoverBGColor="standard"/>
                <property Moveable="true"/>
                <property Sizeable="true"/>
                <property Bold="true"/>
                <property ToolTipEnable="true"/>
                <property ToolTip=""/>
                <property BGColor="standard"/>
                <property Hover="false"/>
                <property UserControl=""/>
                <property Height="50"/>
                <property Width="450"/>
                <widget>
                    <property ID="imvSignal"/>
                    <property ObjectType="GraphicsView"/>
                    <property XPos="10"/>
                    <property YPos="5"/>
                    <property Menu=""/>
                    <property MenuItem=""/>
                    <property StyleSheetFileName=":/stylesheets/StyleSheets/GraphicsView.css"/>
                    <property Visible="true"/>
                    <property Enable="true"/>
                    <property Moveable="true"/>
                    <property Sizeable="true"/>
                    <property ScrollBars="true"/>
                    <property AutoFitBG="Padding"/>
                    <property ZoomStyle="Panning"/>
                    <property ScrollZoom="true"/>
                    <property BorderOn="true"/>
                    <property ToolTipEnable="true"/>
                    <property ToolTip=""/>
                    <property ImageData=""/>
                    <property UserControl=""/>
                    <property Height="40"/>
                    <property Width="50"/>
                </widget>
                <widget>
                    <property ID="pgbProgress"/>
                    <property ObjectType="ProgressBar"/>
                    <property XPos="80"/>
                    <property YPos="10"/>
                    <property Menu=""/>
                    <property MenuItem=""/>
                    <property Text="35"/>
                    <property StyleSheetFileName=":/stylesheets/StyleSheets/ProgressBar.css"/>
                    <property Visible="true"/>
                    <property Enable="true"/>
                    <property Moveable="true"/>
                    <property Sizeable="true"/>
                    <property Bold="false"/>
                    <property MaxValue="100"/>
                    <property Percentage="true"/>
                    <property MinValue="0"/>
                    <property ToolTipEnable="true"/>
                    <property Color="Standard"/>
                    <property ToolTip=""/>
                    <property Orientation="Horizontal"/>
                    <property UserControl=""/>
                    <property Height="30"/>
                    <property Width="200"/>
                </widget>
                <widget>
                    <property ID="lblDriverName"/>
                    <property ObjectType="Label"/>
                    <property XPos="80"/>
                    <property YPos="10"/>
                    <property Menu=""/>
                    <property MenuItem=""/>
                    <property Text="Label"/>
                    <property StyleSheetFileName=":/stylesheets/StyleSheets/Label.css"/>
                    <property Visible="true"/>
                    <property Enable="true"/>
                    <property Moveable="true"/>
                    <property Sizeable="true"/>
                    <property FontSize="Normal"/>
                    <property Bold="false"/>
                    <property ToolTipEnable="true"/>
                    <property Color="transparent"/>
                    <property ToolTip=""/>
                    <property BGColor="transparent"/>
                    <property PropScientific="false"/>
                    <property Alignment="Left"/>
                    <property UserControl=""/>
                    <property Height="30"/>
                    <property Width="200"/>
                </widget>
                <widget>
                    <property ID="lblStatus"/>
                    <property ObjectType="Label"/>
                    <property XPos="400"/>
                    <property YPos="10"/>
                    <property Menu=""/>
                    <property MenuItem=""/>
                    <property Text=""/>
                    <property StyleSheetFileName=":/stylesheets/StyleSheets/Label.css"/>
                    <property Visible="true"/>
                    <property Enable="true"/>
                    <property Moveable="true"/>
                    <property Sizeable="true"/>
                    <property FontSize="Normal"/>
                    <property Bold="false"/>
                    <property ToolTipEnable="true"/>
                    <property Color="transparent"/>
                    <property ToolTip=""/>
                    <property BGColor="transparent"/>
                    <property PropScientific="false"/>
                    <property Alignment="Left"/>
                    <property UserControl=""/>
                    <property Height="30"/>
                    <property Width="60"/>
                </widget>
                <widget>
                    <property ID="bicProgress"/>
                    <property ObjectType="BusyIndicator"/>
                    <property UserControl=""/>
                    <property XPos="400"/>
                    <property YPos="10"/>
                    <property Visible="true"/>
                    <property Menu=""/>
                    <property Enable="true"/>
                    <property MenuItem=""/>
                    <property Moveable="true"/>
                    <property Sizeable="true"/>
                    <property ToolTipEnable="true"/>
                    <property ToolTip=""/>
                    <property StyleSheetFileName=":/stylesheets/StyleSheets/BusyIndicator.css"/>
                    <property BusyIndicatorImage="RollingDots"/>
                    <property Height="40"/>
                    <property Width="40"/>
                </widget>
            </widget>
        </widget>
    </widget>
</SUI>
