<?xml version="1.0" encoding="UTF-8"?>
<SUI>
    <property SUICoreVersion="2.0.0"/>
    <property SUIEditorVersion="1.8.0"/>
    <property SUIObjectFactory="SUI Object factory"/>
    <property Height="565"/>
    <property SUIStylesheet=""/>
    <property Width="1000"/>
    <property SUIVersion="2.0"/>
    <property SUIName="Example SUI"/>
    <property SUIDescription="Example SUI"/>
    <property HasBottomButtonBar="false"/>
    <property HasRightButtonBar="false"/>
    <property HasStatusBar="false"/>
    <property Include-UCT-SysFun="UCT-SysFun.xml"/>
    <widget>
        <property ID="wpg1"/>
        <property ObjectType="WidgetPage"/>
        <property XPos="4"/>
        <property YPos="4"/>
        <property Moveable="false"/>
        <property Sizeable="false"/>
        <property Height="565"/>
        <property Width="1000"/>
        <widget>
            <property ID="lblSystemFunctions"/>
            <property ObjectType="Label"/>
            <property XPos="18"/>
            <property YPos="133"/>
            <property Text="SYSTEM FUNCTIONS"/>
            <property Color="Transparent"/>
            <property BGColor="Transparent"/>
            <property Height="30"/>
            <property Width="200"/>
        </widget>
        <widget>
            <property ID="lblFunction"/>
            <property ObjectType="Label"/>
            <property XPos="351"/>
            <property YPos="133"/>
            <property Text="SOME FUNCTION"/>
            <property Visible="False"/>
            <property FontSize="Small"/>
            <property Color="Transparent"/>
            <property BGColor="Transparent"/>
            <property Height="30"/>
            <property Width="350"/>
        </widget>
        <widget>
            <property ID="lblDriverInformation"/>
            <property ObjectType="Label"/>
            <property XPos="691"/>
            <property YPos="133"/>
            <property Text="DRIVER INFORMATION"/>
            <property Visible="False"/>
            <property FontSize="Small"/>
            <property Color="Transparent"/>
            <property BGColor="Transparent"/>
            <property Height="30"/>
            <property Width="300"/>
        </widget>
        <widget>
            <property ID="lblErrorInformation"/>
            <property ObjectType="Label"/>
            <property XPos="692"/>
            <property YPos="168"/>
            <property Text="Driver error description"/>
            <property Visible="False"/>
            <property FontSize="Small"/>
            <property Color="Transparent"/>
            <property BGColor="Transparent"/>
            <property Height="30"/>
            <property Width="300"/>
        </widget>
        <widget>
            <property ID="txaErrorDescription"/>
            <property ObjectType="TextArea"/>
            <property XPos="691"/>
            <property YPos="212"/>
            <property Text=""/>
            <property Visible="False"/>
            <property Enable="false"/>
            <property Color="Standard"/>
            <property Alignment="Center"/>
            <property TabOrder="0"/>
            <property Height="187"/>
            <property Width="286"/>
        </widget>
        <widget>
            <property ID="btnAdvancedDiagnostics"/>
            <property ObjectType="Button"/>
            <property XPos="779"/>
            <property YPos="432"/>
            <property Text="Advanced diagnostics"/>
            <property Visible="False"/>
            <property Enable="False"/>
            <property Alignment="Center"/>
            <property TabOrder="1"/>
            <property Height="30"/>
            <property Width="200"/>
        </widget>
        <widget>
            <property ID="uct18"/>
            <property ObjectType="UserControl"/>
            <property UserControl="UCT-SysFun"/>
            <property XPos="17"/>
            <property YPos="163"/>
            <property Visible="false"/>
            <property Height="54"/>
            <property Width="329"/>
        </widget>
        <widget>
            <property ID="uct24"/>
            <property ObjectType="UserControl"/>
            <property UserControl="UCT-SysFun"/>
            <property XPos="17"/>
            <property YPos="213"/>
            <property Visible="false"/>
            <property Height="54"/>
            <property Width="329"/>
        </widget>
        <widget>
            <property ID="uct30"/>
            <property ObjectType="UserControl"/>
            <property UserControl="UCT-SysFun"/>
            <property XPos="17"/>
            <property YPos="263"/>
            <property Visible="false"/>
            <property Height="54"/>
            <property Width="329"/>
        </widget>
        <widget>
            <property ID="uct36"/>
            <property ObjectType="UserControl"/>
            <property UserControl="UCT-SysFun"/>
            <property XPos="17"/>
            <property YPos="313"/>
            <property Visible="false"/>
            <property Height="54"/>
            <property Width="329"/>
        </widget>
        <widget>
            <property ID="uct42"/>
            <property ObjectType="UserControl"/>
            <property UserControl="UCT-SysFun"/>
            <property XPos="17"/>
            <property YPos="363"/>
            <property Visible="false"/>
            <property Height="54"/>
            <property Width="329"/>
        </widget>
        <widget>
            <property ID="uct48"/>
            <property ObjectType="UserControl"/>
            <property UserControl="UCT-SysFun"/>
            <property XPos="17"/>
            <property YPos="413"/>
            <property Visible="false"/>
            <property Height="54"/>
            <property Width="329"/>
        </widget>
        <widget>
            <property ID="uct54"/>
            <property ObjectType="UserControl"/>
            <property UserControl="UCT-SysFun"/>
            <property XPos="17"/>
            <property YPos="463"/>
            <property Visible="false"/>
            <property Height="54"/>
            <property Width="329"/>
        </widget>
        <widget>
            <property ID="uct53"/>
            <property ObjectType="UserControl"/>
            <property UserControl="UCT-SysFun"/>
            <property XPos="348"/>
            <property YPos="163"/>
            <property Visible="False"/>
            <property Height="54"/>
            <property Width="329"/>
        </widget>
        <widget>
            <property ID="uct59"/>
            <property ObjectType="UserControl"/>
            <property UserControl="UCT-SysFun"/>
            <property XPos="348"/>
            <property YPos="213"/>
            <property Visible="False"/>
            <property Height="54"/>
            <property Width="329"/>
        </widget>
        <widget>
            <property ID="uct65"/>
            <property ObjectType="UserControl"/>
            <property UserControl="UCT-SysFun"/>
            <property XPos="348"/>
            <property YPos="263"/>
            <property Visible="False"/>
            <property Height="54"/>
            <property Width="329"/>
        </widget>
        <widget>
            <property ID="uct71"/>
            <property ObjectType="UserControl"/>
            <property UserControl="UCT-SysFun"/>
            <property XPos="348"/>
            <property YPos="313"/>
            <property Visible="False"/>
            <property Height="54"/>
            <property Width="329"/>
        </widget>
        <widget>
            <property ID="uct77"/>
            <property ObjectType="UserControl"/>
            <property UserControl="UCT-SysFun"/>
            <property XPos="348"/>
            <property YPos="363"/>
            <property Visible="False"/>
            <property Height="54"/>
            <property Width="329"/>
        </widget>
        <widget>
            <property ID="uct83"/>
            <property ObjectType="UserControl"/>
            <property UserControl="UCT-SysFun"/>
            <property XPos="348"/>
            <property YPos="413"/>
            <property Visible="False"/>
            <property Height="54"/>
            <property Width="329"/>
        </widget>
        <widget>
            <property ID="uct89"/>
            <property ObjectType="UserControl"/>
            <property UserControl="UCT-SysFun"/>
            <property XPos="348"/>
            <property YPos="463"/>
            <property Visible="False"/>
            <property Height="54"/>
            <property Width="329"/>
        </widget>
        <widget>
            <property ID="gbxOperation"/>
            <property ObjectType="GroupBox"/>
            <property XPos="17"/>
            <property YPos="52"/>
            <property Text=""/>
            <property Bold="true"/>
            <property BGColor="standard"/>
            <property Height="61"/>
            <property Width="557"/>
            <widget>
                <property ID="btnTerminate"/>
                <property ObjectType="Button"/>
                <property XPos="413"/>
                <property YPos="16"/>
                <property Text="TERMINATE"/>
                <property Bold="True"/>
                <property Alignment="Center"/>
                <property TabOrder="3"/>
                <property Height="30"/>
                <property Width="123"/>
            </widget>
            <widget>
                <property ID="btnInit"/>
                <property ObjectType="Button"/>
                <property XPos="413"/>
                <property YPos="16"/>
                <property Text="INITIALIZE"/>
                <property Bold="True"/>
                <property Alignment="Center"/>
                <property TabOrder="2"/>
                <property Height="30"/>
                <property Width="123"/>
            </widget>
            <widget>
                <property ID="btnResolve"/>
                <property ObjectType="Button"/>
                <property XPos="280"/>
                <property YPos="16"/>
                <property Text="RESOLVE"/>
                <property Bold="True"/>
                <property Alignment="Center"/>
                <property TabOrder="4"/>
                <property Height="30"/>
                <property Width="123"/>
            </widget>
            <widget>
                <property ID="lblMainStatus"/>
                <property ObjectType="Label"/>
                <property XPos="19"/>
                <property YPos="16"/>
                <property Text="Terminated"/>
                <property Bold="true"/>
                <property Color="Transparent"/>
                <property BGColor="standard"/>
                <property Height="30"/>
                <property Width="185"/>
            </widget>
            <widget>
                <property ID="lblShowSymbol"/>
                <property ObjectType="Label"/>
                <property XPos="385"/>
                <property YPos="15"/>
                <property Text="--:--"/>
                <property Visible="False"/>
                <property Color="Transparent"/>
                <property BGColor="Transparent"/>
                <property Height="30"/>
                <property Width="61"/>
            </widget>
        </widget>
        <widget>
            <property ID="lblHeader"/>
            <property ObjectType="Label"/>
            <property XPos="153"/>
            <property Text="EUV Source hardware drivers"/>
            <property FontSize="Big"/>
            <property Bold="True"/>
            <property Color="standard"/>
            <property BGColor="Transparent"/>
            <property Alignment="Center"/>
            <property Height="30"/>
            <property Width="478"/>
        </widget>
    </widget>
</SUI>
