<?xml version="1.0" encoding="UTF-8"?>
<UserControl>
    <property ID="UCT-SysFun"/>
    <property ObjectType="UserControl"/>
    <property UserControl="UCT-SysFun"/>
    <property Sizeable="false"/>
    <property Height="54"/>
    <property Width="329"/>
    <widget>
        <property ID="gbxSysFun"/>
        <property ObjectType="GroupBox"/>
        <property XPos="2"/>
        <property YPos="2"/>
        <property Text=""/>
        <property Moveable="false"/>
        <property Bold="true"/>
        <property BGColor="standard"/>
        <property UserControl="UCT-SysFun"/>
        <property Height="50"/>
        <property Width="325"/>
        <widget>
            <property ID="imvSignal"/>
            <property ObjectType="GraphicsView"/>
            <property XPos="6"/>
            <property YPos="5"/>
            <property Visible="False"/>
            <property Moveable="false"/>
            <property BorderOn="True"/>
            <property UserControl="UCT-SysFun"/>
            <property Height="40"/>
            <property Width="40"/>
        </widget>
        <widget>
            <property ID="lblStatus"/>
            <property ObjectType="Label"/>
            <property XPos="258"/>
            <property YPos="11"/>
            <property Text=""/>
            <property Moveable="false"/>
            <property FontSize="Small"/>
            <property Color="Transparent"/>
            <property BGColor="Transparent"/>
            <property Alignment="Right"/>
            <property UserControl="UCT-SysFun"/>
            <property Height="30"/>
            <property Width="62"/>
        </widget>
        <widget>
            <property ID="lblSysFunName"/>
            <property ObjectType="Label"/>
            <property XPos="52"/>
            <property YPos="11"/>
            <property Text=""/>
            <property Moveable="false"/>
            <property Color="Transparent"/>
            <property BGColor="Transparent"/>
            <property Alignment="Center"/>
            <property UserControl="UCT-SysFun"/>
            <property Height="30"/>
            <property Width="203"/>
        </widget>
        <widget>
            <property ID="bicProgress"/>
            <property ObjectType="BusyIndicator"/>
            <property UserControl="UCT-SysFun"/>
            <property XPos="10"/>
            <property YPos="9"/>
            <property Visible="False"/>
            <property Moveable="false"/>
            <property Height="32"/>
            <property Width="32"/>
        </widget>
    </widget>
</UserControl>
