<?xml version="1.0" encoding="UTF-8"?>
<UserControl>
    <property ID="UCT-NORMALKPI"/>
    <property ObjectType="UserControl"/>
    <property XPos="0"/>
    <property YPos="0"/>
    <property Menu=""/>
    <property MenuItem=""/>
    <property FileName="/home/adt/Test/UCT-NORMALKPI.xml"/>
    <property Visible="true"/>
    <property StyleSheetClass=""/>
    <property Enable="true"/>
    <property Moveable="true"/>
    <property Sizeable="false"/>
    <property ToolTipEnable="true"/>
    <property ToolTip=""/>
    <property UserControl="UCT-NORMALKPI"/>
    <property Height="40"/>
    <property Width="505"/>
    <widget>
        <property ID="gbxNormalKPI"/>
        <property ObjectType="GroupBox"/>
        <property XPos="0"/>
        <property YPos="0"/>
        <property Menu=""/>
        <property MenuItem=""/>
        <property Visible="true"/>
        <property StyleSheetClass="itemsDisplayGroupbox"/>
        <property Enable="true"/>
        <property Moveable="true"/>
        <property HoverBGColor=""/>
        <property Sizeable="true"/>
        <property Bold="false"/>
        <property ToolTipEnable="true"/>
        <property Color="transparent"/>
        <property BGColor="standard"/>
        <property ToolTip=""/>
        <property Hover="true"/>
        <property Text=""/>
        <property Visible="false"/>
        <property UserControl="UCT-NORMALKPI"/>
        <property Height="40"/>
        <property Width="505"/>
        <widget>
            <property ID="lblNormalKPIName"/>
            <property ObjectType="Label"/>
            <property XPos="0"/>
            <property YPos="0"/>
            <property Menu=""/>
            <property MenuItem=""/>
            <property Visible="true"/>
            <property StyleSheetClass="tableLabelBlackText"/>
            <property Enable="true"/>
            <property Moveable="true"/>
            <property Sizeable="true"/>
            <property FontSize="Small"/>
            <property Bold="false"/>
            <property Color="transparent"/>
            <property ToolTipEnable="true"/>
            <property BGColor=""/>
            <property ToolTip=""/>
            <property PropScientific="false"/>
            <property Text=""/>
            <property Alignment="Left"/>
            <property UserControl="UCT-NORMALKPI"/>
            <property Height="40"/>
            <property Width="260"/>
        </widget>
        <widget>
            <property ID="lblUpdatedTime"/>
            <property ObjectType="Label"/>
            <property XPos="260"/>
            <property YPos="0"/>
            <property Menu=""/>
            <property MenuItem=""/>
            <property Visible="true"/>
            <property StyleSheetClass="tableLabelGreyText"/>
            <property Enable="true"/>
            <property Moveable="true"/>
            <property Sizeable="true"/>
            <property FontSize="Normal"/>
            <property Bold="false"/>
            <property Color="transparent"/>
            <property ToolTipEnable="true"/>
            <property BGColor=""/>
            <property ToolTip=""/>
            <property PropScientific="false"/>
            <property Text=""/>
            <property Alignment="Left"/>
            <property UserControl="UCT-NORMALKPI"/>
            <property Height="40"/>
            <property Width="50"/>
        </widget>
        <widget>
            <property ID="lblPreviousUpdatedTime"/>
            <property ObjectType="Label"/>
            <property XPos="310"/>
            <property YPos="0"/>
            <property Menu=""/>
            <property MenuItem=""/>
            <property Visible="true"/>
            <property StyleSheetClass="tableLabelGreyText"/>
            <property Enable="true"/>
            <property Moveable="true"/>
            <property Sizeable="true"/>
            <property FontSize="Normal"/>
            <property Bold="false"/>
            <property Color="transparent"/>
            <property ToolTipEnable="true"/>
            <property BGColor=""/>
            <property ToolTip=""/>
            <property PropScientific="false"/>
            <property Text=""/>
            <property Alignment="Left"/>
            <property UserControl="UCT-NORMALKPI"/>
            <property Height="40"/>
            <property Width="113"/>
        </widget>
        <widget>
            <property ID="lblNormalKPIValue"/>
            <property ObjectType="Label"/>
            <property XPos="423"/>
            <property YPos="5"/>
            <property Menu=""/>
            <property MenuItem=""/>
            <property Visible="true"/>
            <property StyleSheetClass="uctnormalkpiValuetext"/>
            <property Enable="true"/>
            <property Moveable="true"/>
            <property Sizeable="true"/>
            <property FontSize="Normal"/>
            <property Bold="true"/>
            <property Color="transparent"/>
            <property ToolTipEnable="true"/>
            <property BGColor=""/>
            <property ToolTip=""/>
            <property PropScientific="false"/>
            <property Text=""/>
            <property Alignment="Right"/>
            <property UserControl="UCT-NORMALKPI"/>
            <property Height="40"/>
            <property Width="52"/>
        </widget>
        <widget>
            <property ID="lblNormalKPIUnit"/>
            <property ObjectType="Label"/>
            <property XPos="475"/>
            <property YPos="5"/>
            <property Menu=""/>
            <property MenuItem=""/>
            <property Visible="true"/>
            <property StyleSheetClass="tableLabelGreyText"/>
            <property Enable="true"/>
            <property Moveable="true"/>
            <property Sizeable="true"/>
            <property FontSize="Normal"/>
            <property Bold="false"/>
            <property Color="transparent"/>
            <property ToolTipEnable="true"/>
            <property BGColor=""/>
            <property ToolTip=""/>
            <property PropScientific="false"/>
            <property Text=""/>
            <property Alignment="Left"/>
            <property UserControl="UCT-NORMALKPI"/>
            <property Height="40"/>
            <property Width="30"/>
        </widget>
    </widget>
</UserControl>
