<?xml version="1.0" encoding="UTF-8"?>
<SUI>
    <property SUICoreVersion="2.46.0"/>
    <property SUIEditorVersion="2.46.0"/>
    <property SUIObjectFactory="SUI Object factory"/>
    <property Height="221"/>
    <property SUIStylesheet="SourceGUI"/>
    <property Width="446"/>
    <property SUIVersion="2.46"/>
    <property SUIName="Example SUI"/>
    <property SUIDescription="Example SUI"/>
    <property HasBottomButtonBar="false"/>
    <property Namespace="NMSP"/>
    <property HasRightButtonBar="false"/>
    <property ClassName="CLNA"/>
    <property HasStatusBar="false"/>
    <widget>
        <property ID="lblParameterName"/>
        <property ObjectType="Label"/>
        <property XPos="20"/>
        <property YPos="10"/>
        <property Visible="true"/>
        <property Enable="true"/>
        <property Moveable="true"/>
        <property Sizeable="true"/>
        <property FontSize="Normal"/>
        <property Bold="false"/>
        <property Color="black"/>
        <property ToolTipEnable="true"/>
        <property BGColor=""/>
        <property PropScientific="false"/>
        <property Text="ParameterName"/>
        <property Alignment="Left"/>
        <property Height="30"/>
        <property Width="400"/>
    </widget>
            <widget>
                <property ID="lneValue"/>
                <property ObjectType="LineEdit"/>
                <property XPos="87"/>
                <property YPos="69"/>
                <property Visible="true"/>
                <property StyleSheetClass="popup"/>
                <property Enable="true"/>
                <property Moveable="true"/>
                <property Sizeable="true"/>
                <property RegularExpression=".*"/>
                <property Bold="false"/>
                <property Color="standard"/>
                <property ToolTipEnable="true"/>
                <property BGColor="standard"/>
                <property Text="LineEdit"/>
                <property Alignment="Left"/>
                <property TabOrder="0"/>
                <property Height="30"/>
                <property Width="128"/>
            </widget>

            <widget>
                <property ID="btnClose"/>
                <property ObjectType="Button"/>
                <property XPos="416"/>
                <property YPos="10"/>
                <property Visible="true"/>
                <property Enable="true"/>
                <property Moveable="true"/>
                <property Sizeable="true"/>
                <property Bold="false"/>
                <property ToolTipEnable="true"/>
                <property Text="Button"/>
                <property Alignment="center"/>
                <property TabOrder="1"/>
                <property Height="30"/>
                <property Width="30"/>
            </widget>
            <widget>
                <property ID="lblValue"/>
                <property ObjectType="Label"/>
                <property XPos="15"/>
                <property YPos="70"/>
                <property Visible="true"/>
                <property StyleSheetClass="popupValue"/>
                <property Enable="true"/>
                <property Moveable="true"/>
                <property Sizeable="true"/>
                <property FontSize="Big"/>
                <property Bold="false"/>
                <property Color="#666666"/>
                <property ToolTipEnable="true"/>
                <property BGColor="white"/>
                <property PropScientific="false"/>
                <property Text="Value"/>
                <property Alignment="Left"/>
                <property Height="30"/>
                <property Width="70"/>
            </widget>
            <widget>
                <property ID="lblDefaultValue"/>
                <property ObjectType="Label"/>
                <property XPos="237"/>
                <property YPos="70"/>
                <property Visible="true"/>
                <property Enable="true"/>
                <property StyleSheetClass="popup"/>
                <property Moveable="true"/>
                <property Sizeable="true"/>
                <property FontSize="Normal"/>
                <property Bold="false"/>
                <property Color="transparent"/>
                <property ToolTipEnable="true"/>
                <property BGColor="transparent"/>
                <property PropScientific="false"/>
                <property Text="Default Value:"/>
                <property Alignment="Left"/>
                <property Height="30"/>
                <property Width="100"/>
            </widget>
            <widget>
                <property ID="lblDefaultValueNumber"/>
                <property ObjectType="Label"/>
                <property XPos="340"/>
                <property YPos="70"/>
                <property Visible="true"/>
                <property Enable="true"/>
                <property StyleSheetClass="popup"/>
                <property Moveable="true"/>
                <property Sizeable="true"/>
                <property FontSize="Normal"/>
                <property Bold="false"/>
                <property Color="transparent"/>
                <property ToolTipEnable="true"/>
                <property BGColor="transparent"/>
                <property PropScientific="false"/>
                <property Text="Label"/>
                <property Alignment="Left"/>
                <property Height="30"/>
                <property Width="60"/>
            </widget>

            <widget>
                <property ID="btnPopReset"/>
                <property ObjectType="Button"/>
                <property XPos="20"/>
                <property YPos="163"/>
                <property Visible="true"/>
                <property Enable="true"/>
                <property StyleSheetClass="popup"/>
                <property Moveable="true"/>
                <property Sizeable="true"/>
                <property Bold="false"/>
                <property ToolTipEnable="true"/>
                <property Text="Reset"/>
                <property Alignment="center"/>
                <property TabOrder="2"/>
                <property Height="30"/>
                <property Width="99"/>
            </widget>
            <widget>
                <property ID="btnPopCancel"/>
                <property ObjectType="Button"/>
                <property XPos="220"/>
                <property YPos="163"/>
                <property Visible="true"/>
                <property Enable="true"/>
                <property StyleSheetClass="popup"/>
                <property Moveable="true"/>
                <property Sizeable="true"/>
                <property Bold="false"/>
                <property ToolTipEnable="true"/>
                <property Text="Cancel"/>
                <property Alignment="center"/>
                <property TabOrder="3"/>
                <property Height="30"/>
                <property Width="99"/>
            </widget>
            <widget>
                <property ID="btnPopUpdate"/>
                <property ObjectType="Button"/>
                <property XPos="326"/>
                <property YPos="163"/>
                <property Menu=""/>
                <property MenuItem=""/>
                <property Visible="true"/>
                <property StyleSheetClass="Updatelogbutton"/>
                <property Enable="true"/>
                <property Moveable="true"/>
                <property Sizeable="true"/>
                <property Bold="false"/>
                <property ToolTipEnable="true"/>
                <property ToolTip=""/>
                <property ImageData=""/>
                <property ImageDataPressed=""/>
                <property Text="Update"/>
                <property Alignment="center"/>
                <property UserControl=""/>
                <property TabOrder="1"/>
                <property Height="30"/>
                <property Width="99"/>
            </widget>
</SUI>
