<?xml version="1.0"?>
<KPIs>
<KPI name="EUV_Pulse_Energy_Internal" valueSetName="MEAN" displayName="mJ" factor="0.1" min="0" max="100" type="KPI"/>
<KPI name="EUV_Pulse_Energy_Internal" valueSetName="MEAN" displayName="mJ" factor="0.2" min="0" max="100" type="Consumable"/>
<KPI name="EUV_Pulse_Energy_Internal" valueSetName="MEAN" displayName="mJ" factor="0.3" min="0" max="100" type ="System"/>
<KPI name="AMP_PA3out_MpPpPower_On"  valueSetName="MEAN" displayName="W" factor="0.1" min="0" max="100" type ="KPI"/>
<KPI name="AMP_PA3out_MpPpPower_On"  valueSetName="MEAN" displayName="W" factor="0.2" min="0" max="100" type ="Consumable"/>
<KPI name="AMP_PA3out_MpPpPower_On"  valueSetName="MEAN" displayName="W" factor="0.3" min="0" max="100" type ="System"/>
<KPI name="AMP_PA0in_MpPpPower_On" valueSetName="MEAN" displayName="W" factor="0.1" min="0" max="100" type ="KPI"/>
<KPI name="AMP_PA0in_MpPpPower_On" valueSetName="MEAN" displayName="W" factor="0.2" min="0" max="100" type ="Consumable"/>
<KPI name="AMP_PA0in_MpPpPower_On" valueSetName="MEAN" displayName="W" factor="0.3" min="0" max="100" type ="System"/>
<KPI name="AMP_PA0in_MpPpPower_Off" valueSetName="MEAN" displayName="W" factor="0.1" min="0" max="100" type ="KPI"/>
<KPI name="AMP_PA0in_MpPpPower_Off" valueSetName="MEAN" displayName="W" factor="0.2" min="0" max="100" type ="Consumable"/>
<KPI name="AMP_PA0in_MpPpPower_Off" valueSetName="MEAN" displayName="W" factor="0.3" min="0" max="100" type ="System"/>
<KPI name="LeakagePwr_Off" valueSetName="MEAN" displayName="W" factor="0.1" min="0" max="100" type ="KPI"/>
<KPI name="LeakagePwr_Off" valueSetName="MEAN" displayName="W" factor="0.2" min="0" max="100" type ="Consumable"/>
<KPI name="LeakagePwr_Off" valueSetName="MEAN" displayName="W" factor="0.3" min="0" max="100" type ="System"/>
<KPI name="LeakagePwr_On" valueSetName="MEAN" displayName="W" factor="0.1" min="0" max="100" type ="KPI"/>
<KPI name="LeakagePwr_On" valueSetName="MEAN" displayName="W" factor="0.2" min="0" max="100" type ="Consumable"/>
<KPI name="RejectedPwr_Off" valueSetName="MEAN" displayName="W" factor="0.1" min="0" max="100" type ="KPI"/>
<KPI name="RejectedPwr_Off" valueSetName="MEAN" displayName="W" factor="0.2" min="0" max="100" type ="Consumable"/>
<KPI name="RejectedPwr_On" valueSetName="MEAN" displayName="W" factor="0.2" min="0" max="100" type ="Consumable"/>
<KPI name="DG_Droplet_Position_Off_Droplet_Y" displayName="µm" factor="0.1" valueSetName="THREESIGMA" min="0" max="100" type ="KPI"/>
<KPI name="DG_Droplet_Position_Off_Droplet_Y" displayName="µm" factor="0.2" valueSetName="THREESIGMA" min="0" max="100" type ="Consumable"/>
<KPI name="DG_Droplet_Position_Off_Droplet_Z" displayName="µm" factor="0.2" valueSetName="THREESIGMA" min="0" max="100" type ="Consumable"/>
<KPI name="DG_Droplet_Jump_Y" valueSetName="MEAN" displayName="µm" factor="0.2" min="0" max="100" type ="Consumable"/>
<KPI name="DG_Droplet_Jump_Z" valueSetName="MEAN" displayName="µm" factor="0.2" min="0" max="100" type ="Consumable"/>
</KPIs>
