<?xml version="1.0" encoding="UTF-8"?>
<SUI>
    <property SUICoreVersion="2.0.0"/>
    <property SUIEditorVersion="1.8.0"/>
    <property SUIObjectFactory="SUI Object factory"/>
    <property Height="960"/>
    <property SUIStylesheet="SourceGUI"/>
    <property Width="1545"/>
    <property SUIVersion="2.0"/>
    <property SUIName="Example SUI"/>
    <property SUIDescription="Example SUI"/>
    <property HasBottomButtonBar="false"/>
    <property HasRightButtonBar="false"/>
    <property HasStatusBar="false"/>
    <property Include-UCT-ADT="UCT-ADT.xml"/>
    <widget>
        <property ID="wpg1"/>
        <property ObjectType="WidgetPage"/>
        <property XPos="0"/>
        <property YPos="0"/>
        <property Menu=""/>
        <property MenuItem=""/>
        <property Visible="true"/>
        <property StyleSheetClass="page"/>
        <property Enable="true"/>
        <property Moveable="false"/>
        <property Sizeable="false"/>
        <property ToolTipEnable="true"/>
        <property BGColor="white"/>
        <property ToolTip=""/>
        <property UserControl=""/>
        <property Height="960"/>
        <property Width="1545"/>
        <widget>
            <property ID="lblHeader"/>
            <property ObjectType="Label"/>
            <property XPos="0"/>
            <property YPos="40"/>
            <property Menu=""/>
            <property MenuItem=""/>
            <property Visible="true"/>
            <property StyleSheetClass=""/>
            <property Enable="true"/>
            <property Moveable="true"/>
            <property Sizeable="true"/>
            <property FontSize="Small"/>
            <property Bold="false"/>
            <property Color="white"/>
            <property ToolTipEnable="true"/>
            <property BGColor="Transparent"/>
            <property ToolTip=""/>
            <property PropScientific="false"/>
            <property Text="Advanced Diagnostic Tools"/>
            <property Alignment="Left"/>
            <property UserControl=""/>
            <property Height="30"/>
            <property Width="460"/>
        </widget>
        <widget>
            <property ID="gbxTable"/>
            <property ObjectType="GroupBox"/>
            <property XPos="0"/>
            <property YPos="80"/>
            <property Menu=""/>
            <property MenuItem=""/>
            <property Visible="true"/>
            <property StyleSheetClass="pagetable"/>
            <property Enable="true"/>
            <property Moveable="true"/>
            <property HoverBGColor="standard"/>
            <property Sizeable="true"/>
            <property Bold="true"/>
            <property ToolTipEnable="true"/>
            <property BGColor="white"/>
            <property ToolTip=""/>
            <property Hover="false"/>
            <property Text=""/>
            <property UserControl=""/>
            <property Height="938"/>
            <property Width="220"/>
            <widget>
                <property ID="lblSubsystem"/>
                <property ObjectType="Label"/>
                <property XPos="10"/>
                <property YPos="20"/>
                <property Menu=""/>
                <property MenuItem=""/>
                <property Visible="true"/>
                <property StyleSheetClass=""/>
                <property Enable="true"/>
                <property Moveable="true"/>
                <property Sizeable="true"/>
                <property FontSize="Small"/>
                <property Bold="false"/>
                <property Color="white"/>
                <property ToolTipEnable="true"/>
                <property BGColor="Transparent"/>
                <property ToolTip=""/>
                <property PropScientific="false"/>
                <property Text="SUBSYSTEM"/>
                <property Alignment="Left"/>
                <property UserControl=""/>
                <property Height="30"/>
                <property Width="220"/>
            </widget>
            <widget>
                <property ID="tawADTSubsystem"/>
                <property ObjectType="TableWidget"/>
                <property XPos="10"/>
                <property YPos="60"/>
                <property Menu=""/>
                <property MenuItem=""/>
                <property Visible="true"/>
                <property StyleSheetClass="subsytemtext"/>
                <property Enable="true"/>
                <property Moveable="true"/>
                <property Sizeable="true"/>
                <property ColumnCount="1"/>
                <property RowCount="1"/>
                <property RowHeights="0,40;"/>
                <property ColumnWidths="0,250"/>
                <property ListViewMode="false"/>
                <property BorderWidth="3"/>
                <property BorderOn="false"/>
                <property ToolTipEnable="true"/>
                <property ToolTip=""/>
                <property MultipleRowSelection="false"/>
                <property HeadersOn="false"/>
                <property HorizonHeaderTags=""/>
                <property VerticalHeaderTags=""/>
                <property UserControl=""/>
                <property TabOrder="0"/>
                <property Height="800"/>
                <property Width="210"/>
                <widget>
                    <property ID="twi-tawADTSubsystem:1-1"/>
                    <property ObjectType="TableWidgetItem"/>
                    <property XPos="0"/>
                    <property YPos="0"/>
                    <property Menu=""/>
                    <property CellName=""/>
                    <property MenuItem=""/>
                    <property Visible="true"/>
                    <property StyleSheetClass="subsytemtext"/>
                    <property Enable="false"/>
                    <property Moveable="false"/>
                    <property Sizeable="false"/>
                    <property Bold="false"/>
                    <property BorderWidth="3"/>
                    <property BorderOn="false"/>
                    <property ToolTipEnable="true"/>
                    <property ToolTip=""/>
                    <property Text="All ADTs"/>
                    <property Alignment="Left"/>
                    <property UserControl=""/>
                    <property Height="0:200"/>
                    <property Width="0:200"/>
                </widget>
            </widget>
        </widget>
        <widget>
            <property ID="gbxPageOne"/>
            <property ObjectType="GroupBox"/>
            <property XPos="220"/>
            <property YPos="80"/>
            <property Menu=""/>
            <property MenuItem=""/>
            <property Visible="true"/>
            <property StyleSheetClass="page"/>
            <property Enable="true"/>
            <property Moveable="true"/>
            <property HoverBGColor="standard"/>
            <property Sizeable="true"/>
            <property Bold="true"/>
            <property ToolTipEnable="true"/>
            <property BGColor="white"/>
            <property ToolTip=""/>
            <property Hover="false"/>
            <property Text=""/>
            <property UserControl=""/>
            <property Height="980"/>
            <property Width="1310"/>
            <widget>
                <property ID="gbxADT"/>
                <property ObjectType="GroupBox"/>
                <property XPos="20"/>
                <property YPos="15"/>
                <property Menu=""/>
                <property MenuItem=""/>
                <property Visible="true"/>
                <property StyleSheetClass=""/>
                <property Enable="true"/>
                <property Moveable="false"/>
                <property HoverBGColor="standard"/>
                <property Sizeable="true"/>
                <property Bold="true"/>
                <property ToolTipEnable="true"/>
                <property BGColor="blue"/>
                <property ToolTip=""/>
                <property Hover="false"/>
                <property Text=""/>
                <property UserControl=""/>
                <property Height="60"/>
                <property Width="600"/>
                <widget>
                    <property ID="lblDescription"/>
                    <property ObjectType="Label"/>
                    <property XPos="10"/>
                    <property YPos="5"/>
                    <property Menu=""/>
                    <property MenuItem=""/>
                    <property Visible="true"/>
                    <property StyleSheetClass="mainADTActiveMessage"/>
                    <property Enable="true"/>
                    <property Moveable="false"/>
                    <property Sizeable="true"/>
                    <property FontSize="Normal"/>
                    <property Bold="true"/>
                    <property Color="white"/>
                    <property ToolTipEnable="true"/>
                    <property BGColor="transparent"/>
                    <property ToolTip=""/>
                    <property PropScientific="false"/>
                    <property Text="This is an active ADT"/>
                    <property Alignment="Left"/>
                    <property UserControl=""/>
                    <property Height="30"/>
                    <property Width="330"/>
                </widget>
                <widget>
                    <property ID="lblName"/>
                    <property ObjectType="Label"/>
                    <property XPos="10"/>
                    <property YPos="30"/>
                    <property Menu=""/>
                    <property MenuItem=""/>
                    <property Visible="true"/>
                    <property StyleSheetClass="mainADT"/>
                    <property Enable="true"/>
                    <property Moveable="false"/>
                    <property Sizeable="true"/>
                    <property FontSize="Small"/>
                    <property Bold="false"/>
                    <property Color="white"/>
                    <property ToolTipEnable="true"/>
                    <property BGColor="transparent"/>
                    <property ToolTip=""/>
                    <property PropScientific="false"/>
                    <property Text="ADTDGSESI"/>
                    <property Alignment="Left"/>
                    <property UserControl=""/>
                    <property Height="30"/>
                    <property Width="150"/>
                </widget>
                <widget>
                    <property ID="lblType"/>
                    <property ObjectType="Label"/>
                    <property XPos="200"/>
                    <property YPos="30"/>
                    <property Menu=""/>
                    <property MenuItem=""/>
                    <property Visible="true"/>
                    <property StyleSheetClass="mainADT"/>
                    <property Enable="true"/>
                    <property Moveable="false"/>
                    <property Sizeable="true"/>
                    <property FontSize="small"/>
                    <property Bold="false"/>
                    <property Color="white"/>
                    <property ToolTipEnable="true"/>
                    <property BGColor="transparent"/>
                    <property ToolTip=""/>
                    <property PropScientific="false"/>
                    <property Text="Diagnostics"/>
                    <property Alignment="Left"/>
                    <property UserControl=""/>
                    <property Height="30"/>
                    <property Width="90"/>
                </widget>
                <widget>
                    <property ID="lblStatus"/>
                    <property ObjectType="Label"/>
                    <property XPos="300"/>
                    <property YPos="30"/>
                    <property Menu=""/>
                    <property MenuItem=""/>
                    <property Visible="true"/>
                    <property StyleSheetClass="mainADTActiveMessage"/>
                    <property Enable="true"/>
                    <property Moveable="false"/>
                    <property Sizeable="true"/>
                    <property FontSize="Small"/>
                    <property Bold="true"/>
                    <property Color="white"/>
                    <property ToolTipEnable="true"/>
                    <property BGColor="transparent"/>
                    <property ToolTip=""/>
                    <property PropScientific="false"/>
                    <property Text="ACTIVE"/>
                    <property Alignment="Left"/>
                    <property UserControl=""/>
                    <property Height="30"/>
                    <property Width="60"/>
                </widget>

            </widget>
            <widget>
                <property ID="gbxReport"/>
                <property ObjectType="GroupBox"/>
                <property XPos="760"/>
                <property YPos="2"/>
                <property Menu=""/>
                <property MenuItem=""/>
                <property Visible="false"/>
                <property StyleSheetClass="page"/>
                <property Enable="true"/>
                <property Moveable="false"/>
                <property HoverBGColor="standard"/>
                <property Sizeable="true"/>
                <property Bold="true"/>
                <property ToolTipEnable="true"/>
                <property BGColor="blue"/>
                <property ToolTip=""/>
                <property Hover="false"/>
                <property Text=""/>
                <property UserControl=""/>
                <property Height="593"/>
                <property Width="530"/>
                <widget>
                   <property ID="lblReportDescription"/>
                   <property ObjectType="Label"/>
                   <property XPos="10"/>
                   <property YPos="90"/>
                   <property Menu=""/>
                   <property MenuItem=""/>
                   <property Visible="true"/>
                   <property StyleSheetClass="reportDescription"/>
                   <property Enable="true"/>
                   <property Moveable="false"/>
                   <property Sizeable="true"/>
                   <property FontSize="Small"/>
                   <property Bold="false"/>
                   <property Color="transparent"/>
                   <property ToolTipEnable="true"/>
                   <property BGColor="transparent"/>
                   <property ToolTip=""/>
                   <property PropScientific="false"/>
                   <property Text=""/>
                   <property Alignment="Left"/>
                   <property UserControl=""/>
                   <property Height="20"/>
                   <property Width="300"/>
                 </widget>
                 <widget>
                    <property ID="wvwADTHTMLDescription"/>
                    <property ObjectType="WebView"/>
                    <property XPos="10"/>
                    <property YPos="130"/>
                    <property Menu=""/>
                    <property MenuItem=""/>
                    <property Visible="true"/>
                    <property StyleSheetClass=""/>
                    <property Enable="true"/>
                    <property Moveable="true"/>
                    <property Sizeable="true"/>
                    <property Url=""/>
                    <property Html=""/>
                    <property ZoomFactor="1.0"/>
                    <property BorderOn="true"/>
                    <property BorderWidth="4"/>
                    <property ToolTipEnable="true"/>
                    <property ToolTip=""/>
                    <property UserControl=""/>
                    <property Height="700"/>
                    <property Width="500"/>
                 </widget>
            </widget>
            <widget>
                <property ID="lblAllADTs"/>
                <property ObjectType="Label"/>
                <property XPos="20"/>
                <property YPos="15"/>
                <property Menu=""/>
                <property MenuItem=""/>
                <property Visible="true"/>
                <property StyleSheetClass="ADTMainHeader"/>
                <property Enable="true"/>
                <property Moveable="true"/>
                <property Sizeable="true"/>
                <property FontSize="Small"/>
                <property Bold="false"/>
                <property Color="#6b6b6b"/>
                <property ToolTipEnable="true"/>
                <property BGColor="Transparent"/>
                <property ToolTip=""/>
                <property PropScientific="false"/>
                <property Text="ALL ADTS"/>
                <property Alignment="Left"/>
                <property UserControl=""/>
                <property Height="30"/>
                <property Width="460"/>
            </widget>
            <widget>
               <property ID="tawADTList"/>
               <property ObjectType="TableWidget"/>
               <property XPos="30"/>
               <property YPos="30"/>
               <property Menu=""/>
               <property MenuItem=""/>
               <property Visible="true"/>
               <property StyleSheetClass=""/>
               <property Enable="true"/>
               <property Moveable="true"/>
               <property Sizeable="true"/>
               <property ColumnCount="2"/>
               <property RowCount="10"/>
               <property RowHeights="0,40;"/>
               <property ColumnWidths="0,250"/>
               <property ListViewMode="false"/>
               <property BorderWidth="3"/>
               <property BorderOn="false"/>
               <property ToolTipEnable="true"/>
               <property ToolTip=""/>
               <property MultipleRowSelection="false"/>
               <property HeadersOn="true"/>
               <property HorizonHeaderTags=""/>
               <property VerticalHeaderTags=""/>
               <property UserControl=""/>
               <property TabOrder="0"/>
               <property Height="800"/>
               <property Width="210"/>
               <widget>
                   <property ID="twi-tawADTList:1-1"/>
                   <property ObjectType="TableWidgetItem"/>
                   <property XPos="0"/>
                   <property YPos="0"/>
                   <property Menu=""/>
                   <property CellName=""/>
                   <property MenuItem=""/>
                   <property Visible="true"/>
                   <property StyleSheetClass=""/>
                   <property Enable="false"/>
                   <property Moveable="false"/>
                   <property Sizeable="false"/>
                   <property Bold="false"/>
                   <property BorderWidth="3"/>
                   <property BorderOn="false"/>
                   <property ToolTipEnable="true"/>
                   <property ToolTip=""/>
                   <property Text="Rajas"/>
                   <property Alignment="Left"/>
                   <property UserControl=""/>
                   <property Height="0:200"/>
                   <property Width="0:200"/>
               </widget>
           </widget>
        </widget>
        <widget>
            <property ID="gbxPageTwo"/>
            <property ObjectType="GroupBox"/>
            <property XPos="255"/>
            <property YPos="80"/>
            <property Menu=""/>
            <property MenuItem=""/>
            <property Visible="false"/>
            <property StyleSheetClass="page"/>
            <property Enable="true"/>
            <property Moveable="true"/>
            <property HoverBGColor="standard"/>
            <property Sizeable="true"/>
            <property Bold="true"/>
            <property ToolTipEnable="true"/>
            <property BGColor="white"/>
            <property ToolTip=""/>
            <property Hover="false"/>
            <property Text=""/>
            <property UserControl=""/>
            <property Height="938"/>
            <property Width="1310"/>
            <widget>
                <property ID="lblActiveADT"/>
                <property ObjectType="Label"/>
                <property XPos="20"/>
                <property YPos="15"/>
                <property Menu=""/>
                <property MenuItem=""/>
                <property Visible="true"/>
                <property StyleSheetClass="ADTMainHeader"/>
                <property Enable="true"/>
                <property Moveable="true"/>
                <property Sizeable="true"/>
                <property FontSize="Small"/>
                <property Bold="false"/>
                <property Color="#C0C0C0"/>
                <property ToolTipEnable="true"/>
                <property BGColor="Transparent"/>
                <property ToolTip=""/>
                <property PropScientific="false"/>
                <property Text="TEST REPORTS"/>
                <property Alignment="Left"/>
                <property UserControl=""/>
                <property Height="30"/>
                <property Width="460"/>
            </widget>
            <widget>
                <property ID="ddbSubsystem"/>
                <property ObjectType="DropDown"/>
                <property SUICoreVersion="2.0.0"/>
                <property XPos="20"/>
                <property SUIEditorVersion="1.8.0"/>
                <property YPos="60"/>
                <property SUIObjectFactory="Object factory"/>
                <property Menu=""/>
                <property MenuItem=""/>
                <property Text=""/>
                <property Visible="true"/>
                <property Enable="true"/>
                <property Moveable="true"/>
                <property Sizeable="true"/>
                <property SUIVersion="2.0.0"/>
                <property SUIName="System User Interface (SUI)"/>
                <property SUIDescription="SUI"/>
                <property HasBottomButtonBar="false"/>
                <property HasRightButtonBar="false"/>
                <property HasStatusBar="false"/>
                <property Bold="false"/>
                <property ToolTipEnable="true"/>
                <property Color="standard"/>
                <property ToolTip=""/>
                <property BGColor="tranparent"/>
                <property UserControl=""/>
                <property TabOrder="3"/>
                <property Height="30"/>
                <property Width="250"/>
            </widget>
            <widget>
                <property ID="btnShowReports"/>
                <property ObjectType="Button"/>
                <property XPos="550"/>
                <property YPos="60"/>
                <property Menu=""/>
                <property MenuItem=""/>
                <property Visible="true"/>
                <property StyleSheetClass="UCDBUTTON"/>
                <property Enable="true"/>
                <property Moveable="false"/>
                <property Sizeable="true"/>
                <property Bold="false"/>
                <property ToolTipEnable="true"/>
                <property ToolTip=""/>
                <property ImageData=""/>
                <property ImageDataPressed=""/>
                <property Text="Show reports"/>
                <property Alignment="center"/>
                <property UserControl=""/>
                <property TabOrder="0"/>
                <property Height="30"/>
                <property Width="100"/>
            </widget>
            <widget>
                <property ID="gbxADTReportView"/>
                <property ObjectType="GroupBox"/>
                <property XPos="2"/>
                <property YPos="120"/>
                <property Menu=""/>
                <property MenuItem=""/>
                <property Visible="true"/>
                <property StyleSheetClass="report"/>
                <property Enable="true"/>
                <property Moveable="false"/>
                <property HoverBGColor="black"/>
                <property Sizeable="true"/>
                <property Bold="true"/>
                <property ToolTipEnable="true"/>
                <property BGColor="black"/>
                <property BorderOn="true"/>
                <property BorderWidth="4"/>
                <property ToolTip=""/>
                <property Hover="false"/>
                <property Text=""/>
                <property UserControl=""/>
                <property Height="30"/>
                <property Width="800"/>
                <widget>
                    <property ID="lblADTReportTest"/>
                    <property ObjectType="Label"/>
                    <property XPos="10"/>
                    <property YPos="0"/>
                    <property Menu=""/>
                    <property MenuItem=""/>
                    <property Visible="true"/>
                    <property StyleSheetClass="uctsmallblack"/>
                    <property Enable="true"/>
                    <property Moveable="false"/>
                    <property Sizeable="true"/>
                    <property FontSize="Small"/>
                    <property Bold="false"/>
                    <property Color="transparent"/>
                    <property ToolTipEnable="true"/>
                    <property BGColor="transparent"/>
                    <property ToolTip=""/>
                    <property PropScientific="false"/>
                    <property Text="Test"/>
                    <property Alignment="Left"/>
                    <property UserControl=""/>
                    <property Height="30"/>
                    <property Width="120"/>
                </widget>
                <widget>
                    <property ID="lblADTReportDesc"/>
                    <property ObjectType="Label"/>
                    <property XPos="180"/>
                    <property YPos="0"/>
                    <property Menu=""/>
                    <property MenuItem=""/>
                    <property Visible="true"/>
                    <property StyleSheetClass="uctsmallblack"/>
                    <property Enable="true"/>
                    <property Moveable="false"/>
                    <property Sizeable="true"/>
                    <property FontSize="Normal"/>
                    <property Bold="false"/>
                    <property Color="transparent"/>
                    <property ToolTipEnable="true"/>
                    <property BGColor="transparent"/>
                    <property ToolTip=""/>
                    <property PropScientific="false"/>
                    <property Text="Description"/>
                    <property Alignment="Left"/>
                    <property UserControl=""/>
                    <property Height="30"/>
                    <property Width="250"/>
                </widget>
                <widget>
                    <property ID="lblADTReportType"/>
                    <property ObjectType="Label"/>
                    <property XPos="430"/>
                    <property YPos="0"/>
                    <property Menu=""/>
                    <property MenuItem=""/>
                    <property Visible="true"/>
                    <property StyleSheetClass="uctsmallblack"/>
                    <property Enable="true"/>
                    <property Moveable="false"/>
                    <property Sizeable="true"/>
                    <property FontSize="Small"/>
                    <property Bold="false"/>
                    <property Color="transparent"/>
                    <property ToolTipEnable="true"/>
                    <property BGColor="transparent"/>
                    <property ToolTip=""/>
                    <property PropScientific="false"/>
                    <property Text="Type"/>
                    <property Alignment="Left"/>
                    <property UserControl=""/>
                    <property Height="30"/>
                    <property Width="90"/>
                </widget>
                <widget>
                    <property ID="lblADTReportDate"/>
                    <property ObjectType="Label"/>
                    <property XPos="530"/>
                    <property YPos="0"/>
                    <property Menu=""/>
                    <property MenuItem=""/>
                    <property Visible="true"/>
                    <property StyleSheetClass="uctsmallblack"/>
                    <property Enable="true"/>
                    <property Moveable="false"/>
                    <property Sizeable="true"/>
                    <property FontSize="Small"/>
                    <property Bold="false"/>
                    <property Color="transparent"/>
                    <property ToolTipEnable="true"/>
                    <property BGColor="transparent"/>
                    <property ToolTip=""/>
                    <property PropScientific="false"/>
                    <property Text="Date"/>
                    <property Alignment="Left"/>
                    <property UserControl=""/>
                    <property Height="30"/>
                    <property Width="80"/>
                </widget>
                <widget>
                    <property ID="btnADTReportView"/>
                    <property ObjectType="Button"/>
                    <property XPos="620"/>
                    <property YPos="1"/>
                    <property Menu=""/>
                    <property MenuItem=""/>
                    <property Visible="true"/>
                    <property StyleSheetClass="ViewReport"/>
                    <property Enable="true"/>
                    <property Moveable="false"/>
                    <property Sizeable="true"/>
                    <property Bold="false"/>
                    <property ToolTipEnable="true"/>
                    <property ToolTip=""/>
                    <property ImageData=""/>
                    <property ImageDataPressed=""/>
                    <property Text=""/>
                    <property Alignment="center"/>
                    <property UserControl=""/>
                    <property TabOrder="0"/>
                    <property Height="27"/>
                    <property Width="90"/>
                </widget>
            </widget>
            <widget>
                <property ID="gbxADTReportView1"/>
                <property ObjectType="GroupBox"/>
                <property XPos="2"/>
                <property YPos="150"/>
                <property Menu=""/>
                <property MenuItem=""/>
                <property Visible="false"/>
                <property StyleSheetClass="report"/>
                <property Enable="true"/>
                <property Moveable="false"/>
                <property HoverBGColor="black"/>
                <property Sizeable="true"/>
                <property Bold="true"/>
                <property ToolTipEnable="true"/>
                <property BGColor="black"/>
                <property BorderOn="true"/>
                <property BorderWidth="4"/>
                <property ToolTip=""/>
                <property Hover="false"/>
                <property Text=""/>
                <property UserControl=""/>
                <property Height="30"/>
                <property Width="800"/>
                <widget>
                    <property ID="lblADTReportTest1"/>
                    <property ObjectType="Label"/>
                    <property XPos="10"/>
                    <property YPos="0"/>
                    <property Menu=""/>
                    <property MenuItem=""/>
                    <property Visible="true"/>
                    <property StyleSheetClass="uctsmallgrey"/>
                    <property Enable="true"/>
                    <property Moveable="false"/>
                    <property Sizeable="true"/>
                    <property FontSize="Small"/>
                    <property Bold="false"/>
                    <property Color="transparent"/>
                    <property ToolTipEnable="true"/>
                    <property BGColor="transparent"/>
                    <property ToolTip=""/>
                    <property PropScientific="false"/>
                    <property Text="Test"/>
                    <property Alignment="Left"/>
                    <property UserControl=""/>
                    <property Height="30"/>
                    <property Width="120"/>
                </widget>
                <widget>
                    <property ID="lblADTReportDesc1"/>
                    <property ObjectType="Label"/>
                    <property XPos="180"/>
                    <property YPos="0"/>
                    <property Menu=""/>
                    <property MenuItem=""/>
                    <property Visible="true"/>
                    <property StyleSheetClass="uctsmallgrey"/>
                    <property Enable="true"/>
                    <property Moveable="false"/>
                    <property Sizeable="true"/>
                    <property FontSize="Normal"/>
                    <property Bold="false"/>
                    <property Color="transparent"/>
                    <property ToolTipEnable="true"/>
                    <property BGColor="transparent"/>
                    <property ToolTip=""/>
                    <property PropScientific="false"/>
                    <property Text="Description"/>
                    <property Alignment="Left"/>
                    <property UserControl=""/>
                    <property Height="30"/>
                    <property Width="250"/>
                </widget>
                <widget>
                    <property ID="lblADTReportType1"/>
                    <property ObjectType="Label"/>
                    <property XPos="430"/>
                    <property YPos="0"/>
                    <property Menu=""/>
                    <property MenuItem=""/>
                    <property Visible="true"/>
                    <property StyleSheetClass="uctsmallgrey"/>
                    <property Enable="true"/>
                    <property Moveable="false"/>
                    <property Sizeable="true"/>
                    <property FontSize="Small"/>
                    <property Bold="false"/>
                    <property Color="transparent"/>
                    <property ToolTipEnable="true"/>
                    <property BGColor="transparent"/>
                    <property ToolTip=""/>
                    <property PropScientific="false"/>
                    <property Text="Type"/>
                    <property Alignment="Left"/>
                    <property UserControl=""/>
                    <property Height="30"/>
                    <property Width="90"/>
                </widget>
                <widget>
                    <property ID="lblADTReportDate1"/>
                    <property ObjectType="Label"/>
                    <property XPos="530"/>
                    <property YPos="0"/>
                    <property Menu=""/>
                    <property MenuItem=""/>
                    <property Visible="true"/>
                    <property StyleSheetClass="uctsmallgrey"/>
                    <property Enable="true"/>
                    <property Moveable="false"/>
                    <property Sizeable="true"/>
                    <property FontSize="Small"/>
                    <property Bold="false"/>
                    <property Color="transparent"/>
                    <property ToolTipEnable="true"/>
                    <property BGColor="transparent"/>
                    <property ToolTip=""/>
                    <property PropScientific="false"/>
                    <property Text="12:17:56"/>
                    <property Alignment="Left"/>
                    <property UserControl=""/>
                    <property Height="30"/>
                    <property Width="80"/>
                </widget>
                <widget>
                    <property ID="btnADTReportView1"/>
                    <property ObjectType="Button"/>
                    <property XPos="620"/>
                    <property YPos="1"/>
                    <property Menu=""/>
                    <property MenuItem=""/>
                    <property Visible="true"/>
                    <property StyleSheetClass="ViewReport"/>
                    <property Enable="true"/>
                    <property Moveable="false"/>
                    <property Sizeable="true"/>
                    <property Bold="false"/>
                    <property ToolTipEnable="true"/>
                    <property ToolTip=""/>
                    <property ImageData=""/>
                    <property ImageDataPressed=""/>
                    <property Text="View report..."/>
                    <property Alignment="center"/>
                    <property UserControl=""/>
                    <property TabOrder="0"/>
                    <property Height="27"/>
                    <property Width="90"/>
                </widget>
            </widget>
            <widget>
                <property ID="gbxADTReportView2"/>
                <property ObjectType="GroupBox"/>
                <property XPos="2"/>
                <property YPos="180"/>
                <property Menu=""/>
                <property MenuItem=""/>
                <property Visible="false"/>
                <property StyleSheetClass="report"/>
                <property Enable="true"/>
                <property Moveable="false"/>
                <property HoverBGColor="black"/>
                <property Sizeable="true"/>
                <property Bold="true"/>
                <property ToolTipEnable="true"/>
                <property BGColor="black"/>
                <property BorderOn="true"/>
                <property BorderWidth="4"/>
                <property ToolTip=""/>
                <property Hover="false"/>
                <property Text=""/>
                <property UserControl=""/>
                <property Height="30"/>
                <property Width="800"/>
                <widget>
                    <property ID="lblADTReportTest2"/>
                    <property ObjectType="Label"/>
                    <property XPos="10"/>
                    <property YPos="0"/>
                    <property Menu=""/>
                    <property MenuItem=""/>
                    <property Visible="true"/>
                    <property StyleSheetClass="uctsmallgrey"/>
                    <property Enable="true"/>
                    <property Moveable="false"/>
                    <property Sizeable="true"/>
                    <property FontSize="Small"/>
                    <property Bold="false"/>
                    <property Color="transparent"/>
                    <property ToolTipEnable="true"/>
                    <property BGColor="transparent"/>
                    <property ToolTip=""/>
                    <property PropScientific="false"/>
                    <property Text="Test"/>
                    <property Alignment="Left"/>
                    <property UserControl=""/>
                    <property Height="30"/>
                    <property Width="120"/>
                </widget>
                <widget>
                    <property ID="lblADTReportDesc2"/>
                    <property ObjectType="Label"/>
                    <property XPos="180"/>
                    <property YPos="0"/>
                    <property Menu=""/>
                    <property MenuItem=""/>
                    <property Visible="true"/>
                    <property StyleSheetClass="uctsmallgrey"/>
                    <property Enable="true"/>
                    <property Moveable="false"/>
                    <property Sizeable="true"/>
                    <property FontSize="Normal"/>
                    <property Bold="false"/>
                    <property Color="transparent"/>
                    <property ToolTipEnable="true"/>
                    <property BGColor="transparent"/>
                    <property ToolTip=""/>
                    <property PropScientific="false"/>
                    <property Text="Description"/>
                    <property Alignment="Left"/>
                    <property UserControl=""/>
                    <property Height="30"/>
                    <property Width="250"/>
                </widget>
                <widget>
                    <property ID="lblADTReportType2"/>
                    <property ObjectType="Label"/>
                    <property XPos="430"/>
                    <property YPos="0"/>
                    <property Menu=""/>
                    <property MenuItem=""/>
                    <property Visible="true"/>
                    <property StyleSheetClass="uctsmallgrey"/>
                    <property Enable="true"/>
                    <property Moveable="false"/>
                    <property Sizeable="true"/>
                    <property FontSize="Small"/>
                    <property Bold="false"/>
                    <property Color="transparent"/>
                    <property ToolTipEnable="true"/>
                    <property BGColor="transparent"/>
                    <property ToolTip=""/>
                    <property PropScientific="false"/>
                    <property Text="Type"/>
                    <property Alignment="Left"/>
                    <property UserControl=""/>
                    <property Height="30"/>
                    <property Width="90"/>
                </widget>
                <widget>
                    <property ID="lblADTReportDate2"/>
                    <property ObjectType="Label"/>
                    <property XPos="530"/>
                    <property YPos="0"/>
                    <property Menu=""/>
                    <property MenuItem=""/>
                    <property Visible="true"/>
                    <property StyleSheetClass="uctsmallgrey"/>
                    <property Enable="true"/>
                    <property Moveable="false"/>
                    <property Sizeable="true"/>
                    <property FontSize="Small"/>
                    <property Bold="false"/>
                    <property Color="transparent"/>
                    <property ToolTipEnable="true"/>
                    <property BGColor="transparent"/>
                    <property ToolTip=""/>
                    <property PropScientific="false"/>
                    <property Text="12:17:56"/>
                    <property Alignment="Left"/>
                    <property UserControl=""/>
                    <property Height="30"/>
                    <property Width="80"/>
                </widget>
                <widget>
                    <property ID="btnADTReportView2"/>
                    <property ObjectType="Button"/>
                    <property XPos="620"/>
                    <property YPos="1"/>
                    <property Menu=""/>
                    <property MenuItem=""/>
                    <property Visible="true"/>
                    <property StyleSheetClass="ViewReport"/>
                    <property Enable="true"/>
                    <property Moveable="false"/>
                    <property Sizeable="true"/>
                    <property Bold="false"/>
                    <property ToolTipEnable="true"/>
                    <property ToolTip=""/>
                    <property ImageData=""/>
                    <property ImageDataPressed=""/>
                    <property Text="View report..."/>
                    <property Alignment="center"/>
                    <property UserControl=""/>
                    <property TabOrder="0"/>
                    <property Height="27"/>
                    <property Width="90"/>
                </widget>
            </widget>
            <widget>
                <property ID="gbxADTReportView3"/>
                <property ObjectType="GroupBox"/>
                <property XPos="2"/>
                <property YPos="210"/>
                <property Menu=""/>
                <property MenuItem=""/>
                <property Visible="false"/>
                <property StyleSheetClass="report"/>
                <property Enable="true"/>
                <property Moveable="false"/>
                <property HoverBGColor="black"/>
                <property Sizeable="true"/>
                <property Bold="true"/>
                <property ToolTipEnable="true"/>
                <property BGColor="black"/>
                <property BorderOn="true"/>
                <property BorderWidth="4"/>
                <property ToolTip=""/>
                <property Hover="false"/>
                <property Text=""/>
                <property UserControl=""/>
                <property Height="30"/>
                <property Width="800"/>
                <widget>
                    <property ID="lblADTReportTest3"/>
                    <property ObjectType="Label"/>
                    <property XPos="10"/>
                    <property YPos="0"/>
                    <property Menu=""/>
                    <property MenuItem=""/>
                    <property Visible="true"/>
                    <property StyleSheetClass="uctsmallgrey"/>
                    <property Enable="true"/>
                    <property Moveable="false"/>
                    <property Sizeable="true"/>
                    <property FontSize="Small"/>
                    <property Bold="false"/>
                    <property Color="transparent"/>
                    <property ToolTipEnable="true"/>
                    <property BGColor="transparent"/>
                    <property ToolTip=""/>
                    <property PropScientific="false"/>
                    <property Text="Test"/>
                    <property Alignment="Left"/>
                    <property UserControl=""/>
                    <property Height="30"/>
                    <property Width="120"/>
                </widget>
                <widget>
                    <property ID="lblADTReportDesc3"/>
                    <property ObjectType="Label"/>
                    <property XPos="180"/>
                    <property YPos="0"/>
                    <property Menu=""/>
                    <property MenuItem=""/>
                    <property Visible="true"/>
                    <property StyleSheetClass="uctsmallgrey"/>
                    <property Enable="true"/>
                    <property Moveable="false"/>
                    <property Sizeable="true"/>
                    <property FontSize="Normal"/>
                    <property Bold="false"/>
                    <property Color="transparent"/>
                    <property ToolTipEnable="true"/>
                    <property BGColor="transparent"/>
                    <property ToolTip=""/>
                    <property PropScientific="false"/>
                    <property Text="Description"/>
                    <property Alignment="Left"/>
                    <property UserControl=""/>
                    <property Height="30"/>
                    <property Width="250"/>
                </widget>
                <widget>
                    <property ID="lblADTReportType3"/>
                    <property ObjectType="Label"/>
                    <property XPos="430"/>
                    <property YPos="0"/>
                    <property Menu=""/>
                    <property MenuItem=""/>
                    <property Visible="true"/>
                    <property StyleSheetClass="uctsmallgrey"/>
                    <property Enable="true"/>
                    <property Moveable="false"/>
                    <property Sizeable="true"/>
                    <property FontSize="Small"/>
                    <property Bold="false"/>
                    <property Color="transparent"/>
                    <property ToolTipEnable="true"/>
                    <property BGColor="transparent"/>
                    <property ToolTip=""/>
                    <property PropScientific="false"/>
                    <property Text="Type"/>
                    <property Alignment="Left"/>
                    <property UserControl=""/>
                    <property Height="30"/>
                    <property Width="90"/>
                </widget>
                <widget>
                    <property ID="lblADTReportDate3"/>
                    <property ObjectType="Label"/>
                    <property XPos="530"/>
                    <property YPos="0"/>
                    <property Menu=""/>
                    <property MenuItem=""/>
                    <property Visible="true"/>
                    <property StyleSheetClass="uctsmallgrey"/>
                    <property Enable="true"/>
                    <property Moveable="false"/>
                    <property Sizeable="true"/>
                    <property FontSize="Small"/>
                    <property Bold="false"/>
                    <property Color="transparent"/>
                    <property ToolTipEnable="true"/>
                    <property BGColor="transparent"/>
                    <property ToolTip=""/>
                    <property PropScientific="false"/>
                    <property Text="12:17:56"/>
                    <property Alignment="Left"/>
                    <property UserControl=""/>
                    <property Height="30"/>
                    <property Width="80"/>
                </widget>
                <widget>
                    <property ID="btnADTReportView3"/>
                    <property ObjectType="Button"/>
                    <property XPos="620"/>
                    <property YPos="1"/>
                    <property Menu=""/>
                    <property MenuItem=""/>
                    <property Visible="true"/>
                    <property StyleSheetClass="ViewReport"/>
                    <property Enable="true"/>
                    <property Moveable="false"/>
                    <property Sizeable="true"/>
                    <property Bold="false"/>
                    <property ToolTipEnable="true"/>
                    <property ToolTip=""/>
                    <property ImageData=""/>
                    <property ImageDataPressed=""/>
                    <property Text="View report..."/>
                    <property Alignment="center"/>
                    <property UserControl=""/>
                    <property TabOrder="0"/>
                    <property Height="27"/>
                    <property Width="90"/>
                </widget>
            </widget>
       </widget>
    </widget>
</SUI>
