<?xml version="1.0"?>
<KPIs>

<!-- System KPI's -->
<KPI name="Closed_Loop_EUV_Power_at_IF" valueset="MEAN" unit="W" factor="1" min="0" max="100" position="1" type="System"/>
<KPI name="EUV_Pulse_Energy_Internal" valueset="MEAN" unit="mJ" factor="1000" min="0" max="5" position="2" type="System"/>
<!-- KPI name="Dose_Margin" valueset="MEAN" unit="%" factor="1" min="0" max="50" position="3" type="System" -->
<!-- KPI name="Dose_Error" valueset="MEAN" unit="%" factor="1" min="0" max="100" position="4" type="System" -->

<!-- Normal KPI's -->
<KPI name="AMP_PA0in_MpPpPower_On" valueset="MEAN" unit="W" factor="1" min="0" max="150" position="1" type="KPI"/>
<KPI name="AMP_PA0in_MpPpPower_Off" valueset="MEAN" unit="W" factor="1" min="0" max="150" position="4" type="KPI"/>
<KPI name="AMP_PA3out_MpPpPower_On" valueset="MEAN" unit="kW" factor="0.001" min="0" max="30" position="7" type="KPI"/>
<KPI name="AMP_PA3out_MpPpPower_Off" valueset="MEAN" unit="kW" factor="0.001" min="0" max="30" position="9" type="KPI"/>
<KPI name="LeakagePwr_On" valueset="MEAN" unit="W" factor="1" min="0" max="400" position="15" type="KPI"/>
<KPI name="RejectedPwr_On" valueset="MEAN" unit="W" factor="1" min="0" max="1100" position="11" type="KPI"/>
<KPI name="FFA_FBD_M130_MpBeam_Width_D4s" valueset="MEAN" unit="um" factor="1000000" min="0" max="150" position="12" type="KPI"/>
<!-- KPI name="FFA_WFS_M130_PpBeam_Width_D4s" valueset="MEAN" unit="um" factor="1000000" min="0" max="150" position="2" type="KPI" -->
<!-- KPI name="DG_Satellites_Detected" valueset="COUNT" unit="Ratio" factor="1" min="0" max="1500" position="3" type="KPI" -->
<KPI name="DG_Droplet_Jump_Y" valueset="RATE" unit="Hz" factor="1" min="0" max="1000" position="18" type="KPI"/>
<KPI name="DG_Droplet_Jump_Z" valueset="RATE" unit="Hz" factor="1" min="0" max="1000" position="19" type="KPI"/>
<KPI name="DG_Droplet_Position_Off_Droplet_Y" valueset="THREESIGMA" unit="um" factor="1000000" min="0" max="30" position="5" type="KPI"/>
<KPI name="DG_Droplet_Position_Off_Droplet_Z" valueset="THREESIGMA" unit="um" factor="1000000" min="0" max="30" position="6" type="KPI"/>
<KPI name="Vanes_Top_Temperature" valueset="MEAN" unit="C" factor="1" min="0" max="500" position="10" type="KPI"/> <!-- valueset is in K !!! -->
<!-- KPI name="GV_InsideVanes_Pressure" valueset="MEAN" unit="Pa" factor="1" min="0" max="50" position="13" type="KPI" -->
<!-- KPI name="Vessel_Delta_Pressure" valueset="MEAN" unit="Pa" factor="1" min="0" max="50" position="14" type="KPI" -->

<!-- Consumable -->
<!-- KPI name="Collector_Reflection" valueset="MEAN" unit="%" factor="1" min="100" max="0" position="1" type="Consumable" -->
<!-- KPI name="DG_Tin_Level" valueset="MEAN" unit="ml" factor="1000000" min="0" max="2000" position="2" type="Consumable" -->
<!-- KPI name="TC_Tin_Level" valueset="MEAN" unit="ml" factor="1000000" min="0" max="2000" position="3" type="Consumable" -->
<!-- KPI name="HTVB_Fill_Level" valueset="MEAN" unit="ml" factor="1000000" min="0" max="2000" position="4" type="Consumable" -->
<!-- KPI name="TruCoax_Refill" valueset="MEAN" unit="ml" factor="1000000" min="0" max="2000" position="5" type="Consumable" -->
</KPIs>

