<?xml version="1.0" encoding="UTF-8"?>
<SUI>
    <property SUICoreVersion="2.51.0"/>
    <property SUIEditorVersion="2.51.0"/>
    <property SUIObjectFactory="SUI Object factory"/>
    <property Height="860"/>
    <property SUIStylesheet="SourceGUI"/>
    <property Width="1500"/>
    <property SUIVersion="2.51"/>
    <property SUIName="Example SUI"/>
    <property SUIDescription="Example SUI"/>
    <property HasBottomButtonBar="false"/>
    <property Namespace="NMSP"/>
    <property HasRightButtonBar="false"/>
    <property ClassName="CLNA"/>
    <property HasStatusBar="false"/>
    <widget>
        <property ID="wpg1"/>
        <property ObjectType="WidgetPage"/>
        <property XPos="0"/>
        <property YPos="132"/>
        <property Visible="true"/>
        <property Enable="true"/>
        <property Moveable="false"/>
        <property Sizeable="false"/>
        <property ToolTipEnable="true"/>
        <property StyleSheetClass="page"/>
        <property Height="860"/>
        <property Width="1500"/>
        <widget>
            <property ID="gbxTime"/>
            <property ObjectType="GroupBox"/>
            <property XPos="40"/>
            <property YPos="0"/>
            <property Visible="true"/>
            <property Enable="true"/>
            <property Moveable="true"/>
            <property HoverBGColor="standard"/>
            <property Sizeable="true"/>
            <property Bold="false"/>
            <property ToolTipEnable="false"/>
            <property BGColor="standard"/>
            <property Hover="false"/>
            <property Text=""/>
            <property Height="125"/>
            <property Width="1499"/>
            <widget>
                <property ID="lblTitle"/>
                <property ObjectType="Label"/>
                <property XPos="0"/>
                <property YPos="12"/>
                <property Visible="true"/>
                <property Enable="true"/>
                <property Moveable="true"/>
                <property Sizeable="true"/>
                <property FontSize="Normal"/>
                <property Bold="false"/>
                <property Color="transparent"/>
                <property ToolTipEnable="true"/>
                <property BGColor="transparent"/>
                <property PropScientific="false"/>
                <property Text="HEATED- PRESSURIZED"/>
                <property Alignment="Left"/>
                <property Height="25"/>
                <property Width="258"/>
            </widget>
            <widget>
                <property ID="lblStartTime"/>
                <property ObjectType="Label"/>
                <property XPos="0"/>
                <property YPos="37"/>
                <property Visible="true"/>
                <property Enable="true"/>
                <property Moveable="true"/>
                <property Sizeable="true"/>
                <property FontSize="Normal"/>
                <property Bold="false"/>
                <property Color="transparent"/>
                <property ToolTipEnable="true"/>
                <property BGColor="transparent"/>
                <property PropScientific="false"/>
                <property Text="Start Time :"/>
                <property Alignment="Left"/>
                <property Height="23"/>
                <property Width="97"/>
            </widget>
            <widget>
                <property ID="lblStartTimeText"/>
                <property ObjectType="Label"/>
                <property XPos="175"/>
                <property YPos="37"/>
                <property Visible="true"/>
                <property Enable="true"/>
                <property Moveable="true"/>
                <property Sizeable="true"/>
                <property FontSize="Normal"/>
                <property Bold="false"/>
                <property Color="transparent"/>
                <property ToolTipEnable="true"/>
                <property BGColor="transparent"/>
                <property PropScientific="false"/>
                <property Text="14:28:47"/>
                <property Alignment="Left"/>
                <property Height="23"/>
                <property Width="200"/>
            </widget>
            <widget>
                <property ID="lblExpectedTime"/>
                <property ObjectType="Label"/>
                <property XPos="0"/>
                <property YPos="60"/>
                <property Visible="true"/>
                <property Enable="true"/>
                <property Moveable="true"/>
                <property Sizeable="true"/>
                <property FontSize="Normal"/>
                <property Bold="false"/>
                <property Color="transparent"/>
                <property ToolTipEnable="true"/>
                <property BGColor="transparent"/>
                <property PropScientific="false"/>
                <property Text="Expected Time:"/>
                <property Alignment="Left"/>
                <property Height="23"/>
                <property Width="128"/>
            </widget>
            <widget>
                <property ID="lblExpectedTimeText"/>
                <property ObjectType="Label"/>
                <property XPos="175"/>
                <property YPos="60"/>
                <property Visible="true"/>
                <property Enable="true"/>
                <property Moveable="true"/>
                <property Sizeable="true"/>
                <property FontSize="Normal"/>
                <property Bold="false"/>
                <property Color="transparent"/>
                <property ToolTipEnable="true"/>
                <property BGColor="transparent"/>
                <property PropScientific="false"/>
                <property Text="&lt;unknown&gt;"/>
                <property Alignment="Left"/>
                <property Height="23"/>
                <property Width="200"/>
            </widget>
            <widget>
                <property ID="lblElapsedTime"/>
                <property ObjectType="Label"/>
                <property XPos="0"/>
                <property YPos="83"/>
                <property Visible="true"/>
                <property Enable="true"/>
                <property Moveable="true"/>
                <property Sizeable="true"/>
                <property FontSize="Normal"/>
                <property Bold="false"/>
                <property Color="transparent"/>
                <property ToolTipEnable="true"/>
                <property BGColor="transparent"/>
                <property PropScientific="false"/>
                <property Text="Elapsed Time:"/>
                <property Alignment="Left"/>
                <property Height="23"/>
                <property Width="113"/>
            </widget>
            <widget>
                <property ID="lblElapsedTimeText"/>
                <property ObjectType="Label"/>
                <property XPos="175"/>
                <property YPos="83"/>
                <property Visible="true"/>
                <property Enable="true"/>
                <property Moveable="true"/>
                <property Sizeable="true"/>
                <property FontSize="Normal"/>
                <property Bold="false"/>
                <property Color="transparent"/>
                <property ToolTipEnable="true"/>
                <property BGColor="transparent"/>
                <property PropScientific="false"/>
                <property Text="00:00:47"/>
                <property Alignment="Left"/>
                <property Height="23"/>
                <property Width="200"/>
            </widget>
            <widget>
                <property ID="gbxTitleLine"/>
                <property ObjectType="GroupBox"/>
                <property XPos="0"/>
                <property YPos="123"/>
                <property Visible="true"/>
                <property StyleSheetClass="GreyBorderGroupBox"/>
                <property Enable="true"/>
                <property Moveable="true"/>
                <property HoverBGColor="standard"/>
                <property Sizeable="true"/>
                <property Bold="true"/>
                <property ToolTipEnable="true"/>
                <property BGColor="standard"/>
                <property Hover="false"/>
                <property Text=""/>
                <property Height="1"/>
                <property Width="1300"/>
            </widget>
        </widget>
        <widget>
            <property ID="gbxRow1"/>
            <property ObjectType="GroupBox"/>
            <property XPos="0"/>
            <property YPos="125"/>
            <property Visible="true"/>
            <property Enable="true"/>
            <property Moveable="true"/>
            <property HoverBGColor="standard"/>
            <property Sizeable="true"/>
            <property Bold="true"/>
            <property ToolTipEnable="false"/>
            <property BGColor="standard"/>
            <property Hover="false"/>
            <property Text=""/>
            <property Height="190"/>
            <property Width="1499"/>            
            <widget>
                <property ID="lblTitleGroup1"/>
                <property ObjectType="Label"/>
                <property XPos="40"/>
                <property YPos="20"/>
                <property Visible="true"/>
                <property Enable="true"/>
                <property Moveable="true"/>
                <property Sizeable="true"/>
                <property FontSize="Normal"/>
                <property Bold="true"/>
                <property Color="transparent"/>
                <property ToolTipEnable="true"/>
                <property BGColor="transparent"/>
                <property PropScientific="false"/>
                <property Text="System States"/>
                <property Alignment="Left"/>
                <property Height="25"/>
                <property Width="200"/>
            </widget>
            <widget>
                <property ID="row1Container"/>
                <property ObjectType="Container"/>
                <property XPos="7"/>
                <property YPos="-100"/>
                <property TabOrder="0"/>                
                <property Visible="true"/>
                <property Enable="true"/>
                <property Moveable="true"/>
                <property Sizeable="true"/>
                <property ToolTipEnable="true"/>
                <property Height="807"/>
                <property Width="1500"/>
                <property BorderOn="false"/>
            </widget>            
            <widget>
                <property ID="gbxLine1"/>
                <property ObjectType="GroupBox"/>
                <property XPos="40"/>
                <property YPos="189"/>
                <property Visible="true"/>
                <property StyleSheetClass="GreyBorderGroupBox"/>
                <property Enable="true"/>
                <property Moveable="true"/>
                <property HoverBGColor="standard"/>
                <property Sizeable="true"/>
                <property Bold="true"/>
                <property ToolTipEnable="true"/>
                <property BGColor="standard"/>
                <property Hover="false"/>
                <property Text=""/>
                <property Height="1"/>
                <property Width="1300"/>
            </widget>
        </widget>
        <widget>
            <property ID="gbxRow2"/>
            <property ObjectType="GroupBox"/>
            <property XPos="0"/>
            <property YPos="315"/>
            <property Visible="true"/>
            <property Enable="true"/>
            <property Moveable="true"/>
            <property HoverBGColor="standard"/>
            <property Sizeable="true"/>
            <property Bold="true"/>
            <property ToolTipEnable="false"/>
            <property BGColor="standard"/>
            <property Hover="false"/>
            <property Text=""/>
            <property Height="190"/>
            <property Width="1499"/>            
            <widget>
                <property ID="lblTitleGroup2"/>
                <property ObjectType="Label"/>
                <property XPos="40"/>
                <property YPos="20"/>
                <property Visible="true"/>
                <property Enable="true"/>
                <property Moveable="true"/>
                <property Sizeable="true"/>
                <property FontSize="Normal"/>
                <property Bold="true"/>
                <property Color="transparent"/>
                <property ToolTipEnable="true"/>
                <property BGColor="transparent"/>
                <property PropScientific="false"/>
                <property Text="Service States"/>
                <property Alignment="Left"/>
                <property Height="25"/>
                <property Width="200"/>
            </widget>
            <widget>
                <property ID="row2Container"/>
                <property ObjectType="Container"/>
                <property XPos="7"/>
                <property YPos="-100"/>
                <property TabOrder="0"/>                
                <property Visible="true"/>
                <property Enable="true"/>
                <property Moveable="true"/>
                <property Sizeable="true"/>
                <property ToolTipEnable="true"/>
                <property Height="807"/>
                <property Width="1500"/>
                 <property BorderOn="false"/>
            </widget>            
            <widget>
                <property ID="gbxLine2"/>
                <property ObjectType="GroupBox"/>
                <property XPos="40"/>
                <property YPos="189"/>
                <property Visible="true"/>
                <property StyleSheetClass="GreyBorderGroupBox"/>
                <property Enable="true"/>
                <property Moveable="true"/>
                <property HoverBGColor="standard"/>
                <property Sizeable="true"/>
                <property Bold="true"/>
                <property ToolTipEnable="true"/>
                <property BGColor="standard"/>
                <property Hover="false"/>
                <property Text=""/>
                <property Height="1"/>
                <property Width="1300"/>
            </widget>
        </widget>
        <widget>
            <property ID="gbxRow3"/>
            <property ObjectType="GroupBox"/>
            <property XPos="0"/>
            <property YPos="505"/>
            <property Visible="true"/>
            <property Enable="true"/>
            <property Moveable="true"/>
            <property HoverBGColor="standard"/>
            <property Sizeable="true"/>
            <property Bold="true"/>
            <property ToolTipEnable="false"/>
            <property BGColor="standard"/>
            <property Hover="false"/>
            <property Text=""/>
            <property Height="190"/>
            <property Width="1449"/>
            <widget>
                <property ID="lblTitleGroup3"/>
                <property ObjectType="Label"/>
                <property XPos="40"/>
                <property YPos="20"/>
                <property Visible="true"/>
                <property Enable="true"/>
                <property Moveable="true"/>
                <property Sizeable="true"/>
                <property FontSize="Normal"/>
                <property Bold="true"/>
                <property Color="transparent"/>
                <property ToolTipEnable="true"/>
                <property BGColor="transparent"/>
                <property PropScientific="false"/>
                <property Text="Other States"/>
                <property Alignment="Left"/>
                <property Height="25"/>
                <property Width="200"/>
            </widget>
            <widget>
                <property ID="row3Container"/>
                <property ObjectType="Container"/>
                <property XPos="7"/>
                <property YPos="-100"/>
                <property TabOrder="0"/>                
                <property Visible="true"/>
                <property Enable="true"/>
                <property Moveable="true"/>
                <property Sizeable="true"/>
                <property ToolTipEnable="true"/>
                <property Height="807"/>
                <property Width="1500"/>
                <property BorderOn="false"/>
            </widget>
            <widget>
                <property ID="gbxLine3"/>
                <property ObjectType="GroupBox"/>
                <property XPos="40"/>
                <property YPos="189"/>
                <property Visible="true"/>
                <property StyleSheetClass="GreyBorderGroupBox"/>
                <property Enable="true"/>
                <property Moveable="true"/>
                <property HoverBGColor="standard"/>
                <property Sizeable="true"/>
                <property Bold="true"/>
                <property ToolTipEnable="true"/>
                <property BGColor="standard"/>
                <property Hover="false"/>
                <property Text=""/>
                <property Height="1"/>
                <property Width="1300"/>
            </widget>
        </widget>
    </widget>
</SUI>