<?xml version="1.0" encoding="UTF-8"?>
<SUI>
    <property SUICoreVersion="2.51.0"/>
    <property SUIEditorVersion="2.51.0"/>
    <property SUIObjectFactory="SUI Object factory"/>
    <property Height="800"/>
    <property SUIStylesheet="SourceGUI"/>
    <property Width="1500"/>
    <property SUIVersion="2.51"/>
    <property SUIName="Example SUI"/>
    <property SUIDescription="Example SUI"/>
    <property HasBottomButtonBar="false"/>
    <property Namespace="NMSP"/>
    <property HasRightButtonBar="false"/>
    <property ClassName="CLNA"/>
    <property HasStatusBar="false"/>
    <property Include-UCT-uctStateBox="UCT-uctStateBox.xml"/>
    <widget>
        <property ID="wpg1"/>
        <property ObjectType="WidgetPage"/>
        <property XPos="0"/>
        <property YPos="120"/>
        <property Visible="true"/>
        <property Enable="true"/>
        <property Moveable="false"/>
        <property Sizeable="false"/>
        <property ToolTipEnable="true"/>
        <property StyleSheetClass="page"/>
        <property Height="800"/>
        <property Width="1500"/>
        <widget>
                       <property ID="uctState11"/>
                       <property ObjectType="UserControl"/>
                       <property XPos="0"/>
                       <property YPos="25"/>
                       <property FileName="UCT-uctStateBox.xml"/>
                       <property Visible="false"/>
                       <property Enable="true"/>
                       <property Moveable="true"/>
                       <property Sizeable="false"/>
                       <property ToolTipEnable="true"/>
                       <property UserControl="UCT-uctStateBox"/>
                       <property Height="129"/>
                       <property Width="188"/>
                   </widget>
                   <widget>
                       <property ID="uctState12"/>
                       <property ObjectType="UserControl"/>
                       <property XPos="154"/>
                       <property YPos="25"/>
                       <property FileName="UCT-uctStateBox.xml"/>
                       <property Visible="false"/>
                       <property Enable="true"/>
                       <property Moveable="true"/>
                       <property Sizeable="false"/>
                       <property ToolTipEnable="true"/>
                       <property UserControl="UCT-uctStateBox"/>
                       <property Height="129"/>
                       <property Width="188"/>
                   </widget>
                   <widget>
                       <property ID="uctState13"/>
                       <property ObjectType="UserControl"/>
                       <property XPos="308"/>
                       <property YPos="25"/>
                       <property FileName="UCT-uctStateBox.xml"/>
                       <property Visible="false"/>
                       <property Enable="true"/>
                       <property Moveable="true"/>
                       <property Sizeable="false"/>
                       <property ToolTipEnable="true"/>
                       <property UserControl="UCT-uctStateBox"/>
                       <property Height="129"/>
                       <property Width="188"/>
                   </widget>
                   <widget>
                       <property ID="uctState14"/>
                       <property ObjectType="UserControl"/>
                       <property XPos="461"/>
                       <property YPos="25"/>
                       <property FileName="UCT-uctStateBox.xml"/>
                       <property Visible="false"/>
                       <property Enable="true"/>
                       <property Moveable="true"/>
                       <property Sizeable="false"/>
                       <property ToolTipEnable="true"/>
                       <property UserControl="UCT-uctStateBox"/>
                       <property Height="129"/>
                       <property Width="188"/>
                   </widget>
                   <widget>
                       <property ID="uctState15"/>
                       <property ObjectType="UserControl"/>
                       <property XPos="615"/>
                       <property YPos="25"/>
                       <property FileName="UCT-uctStateBox.xml"/>
                       <property Visible="false"/>
                       <property Enable="true"/>
                       <property Moveable="true"/>
                       <property Sizeable="false"/>
                       <property ToolTipEnable="true"/>
                       <property UserControl="UCT-uctStateBox"/>
                       <property Height="129"/>
                       <property Width="188"/>
                   </widget>
                   <widget>
                       <property ID="uctState16"/>
                       <property ObjectType="UserControl"/>
                       <property XPos="769"/>
                       <property YPos="25"/>
                       <property FileName="UCT-uctStateBox.xml"/>
                       <property Visible="false"/>
                       <property Enable="true"/>
                       <property Moveable="true"/>
                       <property Sizeable="false"/>
                       <property ToolTipEnable="true"/>
                       <property UserControl="UCT-uctStateBox"/>
                       <property Height="129"/>
                       <property Width="188"/>
                   </widget>
                   <widget>
                       <property ID="uctState17"/>
                       <property ObjectType="UserControl"/>
                       <property XPos="923"/>
                       <property YPos="25"/>
                       <property FileName="UCT-uctStateBox.xml"/>
                       <property Visible="false"/>
                       <property Enable="true"/>
                       <property Moveable="true"/>
                       <property Sizeable="false"/>
                       <property ToolTipEnable="true"/>
                       <property UserControl="UCT-uctStateBox"/>
                       <property Height="129"/>
                       <property Width="188"/>
                   </widget>
                   <widget>
                       <property ID="uctState18"/>
                       <property ObjectType="UserControl"/>
                       <property XPos="1077"/>
                       <property YPos="25"/>
                       <property FileName="UCT-uctStateBox.xml"/>
                       <property Visible="false"/>
                       <property Enable="true"/>
                       <property Moveable="true"/>
                       <property Sizeable="false"/>
                       <property ToolTipEnable="true"/>
                       <property UserControl="UCT-uctStateBox"/>
                       <property Height="129"/>
                       <property Width="188"/>
                   </widget>
                   <widget>
                       <property ID="uctState19"/>
                       <property ObjectType="UserControl"/>
                       <property XPos="1231"/>
                       <property YPos="25"/>
                       <property FileName="UCT-uctStateBox.xml"/>
                       <property Visible="false"/>
                       <property Enable="true"/>
                       <property Moveable="true"/>
                       <property Sizeable="false"/>
                       <property ToolTipEnable="true"/>
                       <property UserControl="UCT-uctStateBox"/>
                       <property Height="129"/>
                       <property Width="188"/>
                   </widget>
    </widget>
</SUI>
