<?xml version="1.0" encoding="UTF-8"?>
<UserControl>
    <property ID="UCT-TestReport"/>
    <property ObjectType="UserControl"/>
    <property XPos="0"/>
    <property YPos="0"/>
    <property Menu=""/>
    <property MenuItem=""/>
    <property Visible="true"/>
    <property StyleSheetClass=""/>
    <property Enable="true"/>
    <property Moveable="true"/>
    <property Sizeable="false"/>
    <property ToolTipEnable="true"/>
    <property ToolTip=""/>
    <property UserControl="UCT-TestReport"/>
    <property Height="40"/>
    <property Width="690"/>
    <widget>
        <property ID="gbxTestReportUCT"/>
        <property ObjectType="GroupBox"/>
        <property XPos="0"/>
        <property YPos="0"/>
        <property Menu=""/>
        <property MenuItem=""/>
        <property Visible="true"/>
        <property StyleSheetClass=""/>
        <property Enable="true"/>
        <property Moveable="false"/>
        <property HoverBGColor=""/>
        <property Sizeable="true"/>
        <property Bold="true"/>
        <property ToolTipEnable="true"/>
        <property BGColor="green"/>
        <property ToolTip=""/>
        <property Hover=""/>
        <property Text=""/>
        <property UserControl="UCT-TestReport"/>
        <property Height="40"/>
        <property Width="690"/>
        <widget>
            <property ID="cbxSelect"/>
            <property ObjectType="CheckBox"/>
            <property XPos="10"/>
            <property YPos="-2"/>
            <property Menu=""/>
            <property MenuItem=""/>
            <property Visible="true"/>
            <property StyleSheetClass="testreport"/>
            <property Enable="false"/>
            <property Checked="false"/>
            <property Moveable="false"/>
            <property Sizeable="false"/>
            <property Bold="false"/>
            <property ToolTipEnable="true"/>
            <property BGColor=""/>
            <property ToolTip=""/>
            <property Text=""/>
            <property TabOrder="2"/>
            <property Alignment="Left"/>
            <property Height="40"/>
            <property Width="50"/>
        </widget>
        <widget>
            <property ID="lblTestReportName"/>
            <property ObjectType="Label"/>
            <property XPos="50"/>
            <property YPos="0"/>
            <property Menu=""/>
            <property MenuItem=""/>
            <property Visible="true"/>
            <property StyleSheetClass="GreyLabel14PxRoboRegular"/>
            <property Enable="true"/>
            <property Moveable="false"/>
            <property Sizeable="true"/>
            <property FontSize="Small"/>
            <property Bold="false"/>
            <property Color=""/>
            <property ToolTipEnable=""/>
            <property BGColor="transparent"/>
            <property ToolTip=""/>
            <property PropScientific="false"/>
            <property Text=""/>
            <property Alignment="Left"/>
            <property UserControl="UCT-TestReport"/>
            <property Height="38"/>
            <property Width="350"/>
        </widget>
        <widget>
            <property ID="lblTestReportDate"/>
            <property ObjectType="Label"/>
            <property XPos="400"/>
            <property YPos="0"/>
            <property Menu=""/>
            <property MenuItem=""/>
            <property Visible="true"/>
            <property StyleSheetClass="GreyLabel14PxRoboRegular"/>
            <property Enable="true"/>
            <property Moveable="false"/>
            <property Sizeable="true"/>
            <property FontSize="Small"/>
            <property Bold="false"/>
            <property Color="grey"/>
            <property ToolTipEnable="true"/>
            <property BGColor="transparent"/>
            <property ToolTip=""/>
            <property PropScientific="false"/>
            <property Text=""/>
            <property Alignment="Left"/>
            <property UserControl="UCT-TestReport"/>
            <property Height="38"/>
            <property Width="260"/>
        </widget>
        <widget>
            <property ID="lblTestReportHiddenURLPath"/>
            <property ObjectType="Label"/>
            <property XPos="660"/>
            <property YPos="0"/>
            <property Menu=""/>
            <property MenuItem=""/>
            <property Visible="false"/>
            <property StyleSheetClass="GreyLabel14PxRoboRegular"/>
            <property Enable="true"/>
            <property Moveable="false"/>
            <property Sizeable="true"/>
            <property FontSize="Small"/>
            <property Bold="false"/>
            <property Color="grey"/>
            <property ToolTipEnable="true"/>
            <property BGColor="transparent"/>
            <property ToolTip=""/>
            <property PropScientific="false"/>
            <property Text=""/>
            <property Alignment="Left"/>
            <property UserControl="UCT-TestReport"/>
            <property Height="40"/>
            <property Width="1"/>
        </widget>
    </widget>
</UserControl>
