<?xml version="1.0" encoding="UTF-8"?>
<SUI>
    <property SUICoreVersion="2.0.0"/>
    <property SUIEditorVersion="1.8.0"/>
    <property SUIObjectFactory="SUI Object factory"/>
    <property Height="960"/>
    <property SUIStylesheet="SourceGUI"/>
    <property Width="1545"/>
    <property SUIVersion="2.0"/>
    <property SUIName="Example SUI"/>
    <property SUIDescription="Example SUI"/>
    <property HasBottomButtonBar="false"/>
    <property HasRightButtonBar="false"/>
    <property HasStatusBar="false"/>
    <property Include-UCT-ADT="UCT-ADT.xml"/>
    <widget>
        <property ID="wpg1"/>
        <property ObjectType="WidgetPage"/>
        <property XPos="0"/>
        <property YPos="0"/>
        <property Menu=""/>
        <property MenuItem=""/>
        <property Visible="true"/>
        <property StyleSheetClass="page"/>
        <property Enable="true"/>
        <property Moveable="false"/>
        <property Sizeable="false"/>
        <property ToolTipEnable="true"/>
        <property BGColor="white"/>
        <property ToolTip=""/>
        <property UserControl=""/>
        <property Height="960"/>
        <property Width="1545"/>
        <widget>
            <property ID="uctADT"/>
            <property ObjectType="UserControl"/>
            <property UserControl="UCT-ADT"/>
            <property XPos="20"/>
            <property YPos="80"/>
            <property Visible="true"/>
            <property Menu=""/>
            <property Enable="true"/>
            <property MenuItem=""/>
            <property Moveable="true"/>
            <property Sizeable="true"/>
            <property ToolTipEnable="true"/>
            <property ToolTip=""/>
            <property FileName="UCT-ADT.xml"/>
            <property StyleSheetClass=""/>
            <property Height="60"/>
            <property Width="545"/>
        </widget>
        <widget>
            <property ID="lblHeader"/>
            <property ObjectType="Label"/>
            <property XPos="0"/>
            <property YPos="40"/>
            <property Menu=""/>
            <property MenuItem=""/>
            <property Visible="true"/>
            <property StyleSheetClass=""/>
            <property Enable="true"/>
            <property Moveable="true"/>
            <property Sizeable="true"/>
            <property FontSize="Small"/>
            <property Bold="false"/>
            <property Color="white"/>
            <property ToolTipEnable="true"/>
            <property BGColor="Transparent"/>
            <property ToolTip=""/>
            <property PropScientific="false"/>
            <property Text="Advanced Diagnostic Tools"/>
            <property Alignment="Left"/>
            <property UserControl=""/>
            <property Height="30"/>
            <property Width="460"/>
        </widget>
        <widget>
            <property ID="gbxTable"/>
            <property ObjectType="GroupBox"/>
            <property XPos="0"/>
            <property YPos="80"/>
            <property Menu=""/>
            <property MenuItem=""/>
            <property Visible="true"/>
            <property StyleSheetClass="adttable"/>
            <property Enable="true"/>
            <property Moveable="true"/>
            <property HoverBGColor="standard"/>
            <property Sizeable="true"/>
            <property Bold="true"/>
            <property ToolTipEnable="true"/>
            <property BGColor="white"/>
            <property ToolTip=""/>
            <property Hover="false"/>
            <property Text=""/>
            <property UserControl=""/>
            <property Height="938"/>
            <property Width="240"/>
            <widget>
                <property ID="lblSubsystem"/>
                <property ObjectType="Label"/>
                <property XPos="10"/>
                <property YPos="20"/>
                <property Menu=""/>
                <property MenuItem=""/>
                <property Visible="true"/>
                <property StyleSheetClass=""/>
                <property Enable="true"/>
                <property Moveable="true"/>
                <property Sizeable="true"/>
                <property FontSize="Small"/>
                <property Bold="false"/>
                <property Color="white"/>
                <property ToolTipEnable="true"/>
                <property BGColor="Transparent"/>
                <property ToolTip=""/>
                <property PropScientific="false"/>
                <property Text="SUBSYSTEMS"/>
                <property Alignment="Left"/>
                <property UserControl=""/>
                <property Height="30"/>
                <property Width="220"/>
            </widget>
            <widget>
                <property ID="tawADTSubsystem"/>
                <property ObjectType="TableWidget"/>
                <property XPos="20"/>
                <property YPos="60"/>
                <property Menu=""/>
                <property MenuItem=""/>
                <property Visible="true"/>
                <property StyleSheetClass="adtsubsystem"/>
                <property Enable="true"/>
                <property Moveable="true"/>
                <property Sizeable="true"/>
                <property ColumnCount="3"/>
                <property RowCount="1"/>
                <property RowHeights="0,40;"/>
                <property ColumnWidths="0,150;1,40;2,20;"/>
                <property ListViewMode="true"/>
                <property BorderWidth="3"/>
                <property BorderOn="false"/>
                <property ToolTipEnable="true"/>
                <property ToolTip=""/>
                <property MultipleRowSelection="false"/>
                <property HeadersOn="false"/>
                <property HorizonHeaderTags=""/>
                <property VerticalHeaderTags=""/>
                <property UserControl=""/>
                <property TabOrder="0"/>
                <property Height="800"/>
                <property Width="210"/>
                <widget>
                    <property ID="twi-tawADTSubsystem:1-1"/>
                    <property ObjectType="TableWidgetItem"/>
                    <property XPos="0"/>
                    <property YPos="0"/>
                    <property Menu=""/>
                    <property CellName=""/>
                    <property MenuItem=""/>
                    <property Visible="true"/>
                    <property StyleSheetClass="adtsubsystem"/>
                    <property Enable="false"/>
                    <property Moveable="false"/>
                    <property Sizeable="false"/>
                    <property Bold="false"/>
                    <property BorderWidth="3"/>
                    <property BorderOn="false"/>
                    <property ToolTipEnable="true"/>
                    <property ToolTip=""/>
                    <property Text="All ADTs"/>
                    <property Alignment="Left"/>
                    <property UserControl=""/>
                    <property Height="0:40"/>
                    <property Width="0:20"/>
                </widget>
            </widget>
        </widget>
        <widget>
            <property ID="gbxRightPane"/>
            <property ObjectType="GroupBox"/>
            <property XPos="240"/>
            <property YPos="80"/>
            <property Menu=""/>
            <property MenuItem=""/>
            <property Visible="true"/>
            <property StyleSheetClass="adttable"/>
            <property Enable="true"/>
            <property Moveable="true"/>
            <property HoverBGColor="standard"/>
            <property Sizeable="true"/>
            <property Bold="true"/>
            <property ToolTipEnable="true"/>
            <property BGColor=""/>
            <property ToolTip=""/>
            <property Hover="false"/>
            <property Text=""/>
            <property UserControl=""/>
            <property Height="938"/>
            <property Width="1280"/>
            <widget>
                <property ID="lblAllADTs"/>
                <property ObjectType="Label"/>
                <property XPos="20"/>
                <property YPos="10"/>
                <property Menu=""/>
                <property MenuItem=""/>
                <property Visible="true"/>
                <property StyleSheetClass="GreyLabel16PxRoboRegular"/>
                <property Enable="true"/>
                <property Moveable="true"/>
                <property Sizeable="true"/>
                <property FontSize="Small"/>
                <property Bold="false"/>
                <property Color="black"/>
                <property ToolTipEnable="true"/>
                <property BGColor="Transparent"/>
                <property ToolTip=""/>
                <property PropScientific="false"/>
                <property Text="ALL ADTs"/>
                <property Alignment="Left"/>
                <property UserControl=""/>
                <property Height="30"/>
                <property Width="500"/>
            </widget>
            <widget>
                <property ID="tawADT" />
                <property ObjectType="TableWidget" />
                <property XPos="20" />
                <property YPos="50" />
                <property Menu="" />
                <property MenuItem="" />
                <property Visible="true" />
                <property StyleSheetClass="adttable" />
                <property Enable="true" />
                <property Moveable="true" />
                <property Sizeable="true" />
                <property RowHeights="0,60" />
                <property ColumnCount="1" />
                <property RowCount="1" />
                <property ColumnWidths="0,550;" />
                <property ListViewMode="true" />
                <property BorderWidth="0" />
                <property BorderOn="false" />
                <property Bold="false" />
                <property ToolTipEnable="true" />
                <property ToolTip="" />
                <property MultipleRowSelection="false" />
                <property HeadersOn="false" />
                <property HorizonHeaderTags="" />
                <property VerticalHeaderTags="" />
                <property UserControl="" />
                <property TabOrder="0" />
                <property Height="720" />
                <property Width="575" />
                <widget>
                    <property ID="twi-tawADT:1-1" />
                    <property ObjectType="TableWidgetItem" />
                    <property XPos="0" />
                    <property YPos="0" />
                    <property Menu="" />
                    <property CellName="" />
                    <property MenuItem="" />
                    <property Visible="true" />
                    <property StyleSheetClass="" />
                    <property Enable="true" />
                    <property Moveable="false" />
                    <property Sizeable="false" />
                    <property FontSize="Small" />
                    <property Bold="false" />
                    <property CellAlignment="stretch" />
                    <property BorderWidth="3" />
                    <property BorderOn="false" />
                    <property ToolTipEnable="true" />
                    <property ToolTip="" />
                    <property Text="Amplification Chain" />
                    <property Alignment="left" />
                    <property UserControl="" />
                    <property Height="60" />
                    <property Width="550" />
                </widget>
            </widget>
            <widget>
                <property ID="lblSelectedADT"/>
                <property ObjectType="Label"/>
                <property XPos="620"/>
                <property YPos="50"/>
                <property Menu=""/>
                <property MenuItem=""/>
                <property Visible="false"/>
                <property StyleSheetClass="BlackLabel16PxRoboRegular"/>
                <property Enable="true"/>
                <property Moveable="true"/>
                <property Sizeable="true"/>
                <property FontSize="Small"/>
                <property Bold="false"/>
                <property Color="black"/>
                <property ToolTipEnable="true"/>
                <property BGColor="Transparent"/>
                <property ToolTip=""/>
                <property PropScientific="false"/>
                <property Text=""/>
                <property Alignment="Left"/>
                <property UserControl=""/>
                <property Height="30"/>
                <property Width="400"/>
            </widget>
            <widget>
                <property ID="btnOpenADT"/>
                <property ObjectType="Button"/>
                <property XPos="620"/>
                <property YPos="100"/>
                <property Menu=""/>
                <property MenuItem=""/>
                <property Visible="false"/>
                <property StyleSheetClass="Updatelogbutton"/>
                <property Enable="true"/>
                <property Moveable="true"/>
                <property Sizeable="true"/>
                <property Bold="false"/>
                <property ToolTipEnable="true"/>
                <property ToolTip="Start the ADT..."/>
                <property ImageData=""/>
                <property ImageDataPressed=""/>
                <property Text="Open ADT..."/>
                <property Alignment="center"/>
                <property UserControl=""/>
                <property TabOrder="1"/>
                <property Height="35"/>
                <property Width="150"/>
            </widget>
            <widget>
                <property ID="lblAngle"/>
                <property ObjectType="Label"/>
                <property XPos="625"/>
                <property YPos="158"/>
                <property Menu=""/>
                <property MenuItem=""/>
                <property Visible="false"/>
                <property StyleSheetClass=""/>
                <property Enable="true"/>
                <property Moveable="true"/>
                <property Sizeable="true"/>
                <property FontSize="Small"/>
                <property Bold="true"/>
                <property Color="black"/>
                <property ToolTipEnable="true"/>
                <property BGColor="Transparent"/>
                <property ToolTip=""/>
                <property PropScientific="false"/>
                <property Text=""/>
                <property Alignment="Left"/>
                <property UserControl=""/>
                <property Height="20"/>
                <property Width="20"/>
            </widget>
            <widget>
                <property ID="btnDescription"/>
                <property ObjectType="Button"/>
                <property XPos="645"/>
                <property YPos="154"/>
                <property Menu=""/>
                <property MenuItem=""/>
                <property Visible="false"/>
                <property StyleSheetClass="ASMLDarkBlueButton16PxRoboRegular"/>
                <property Enable="true"/>
                <property Moveable="true"/>
                <property Sizeable="true"/>
                <property Bold="false"/>
                <property ToolTipEnable="true"/>
                <property ToolTip=""/>
                <property ImageData=""/>
                <property ImageDataPressed=""/>
                <property Text="Description"/>
                <property Alignment="left"/>
                <property UserControl=""/>
                <property TabOrder="1"/>
                <property Height="30"/>
                <property Width="130"/>
            </widget>
            <widget>
              <property ID="lblLine" />
              <property ObjectType="Label" />
              <property XPos="620" />
              <property YPos="190" />
              <property Menu="" />
              <property MenuItem="" />
              <property Visible="false" />
              <property StyleSheetClass="greyLine1Px" />
              <property Enable="true" />
              <property Moveable="true" />
              <property Sizeable="true" />
              <property Bold="false" />
              <property ToolTipEnable="true" />
              <property ToolTip="" />
              <property ImageData="" />
              <property ImageDataPressed="" />
              <property Text="" />
              <property Alignment="Left" />
              <property UserControl="" />
              <property TabOrder="4" />
              <property Height="1" />
              <property Width="1368" />
            </widget>
            <widget>
                <property ID="wvwADTHTMLDescription"/>
                <property ObjectType="WebView"/>
                <property XPos="620"/>
                <property YPos="200"/>
                <property Menu=""/>
                <property MenuItem=""/>
                <property Visible="true"/>
                <property StyleSheetClass=""/>
                <property Enable="true"/>
                <property Moveable="true"/>
                <property Sizeable="true"/>
                <property Url=""/>
                <property Html=""/>
                <property ZoomFactor="1.0"/>
                <property BorderOn="true"/>
                <property BorderWidth="4"/>
                <property ToolTipEnable="true"/>
                <property ToolTip=""/>
                <property UserControl=""/>
                <property Height="490"/>
                <property Width="650"/>
            </widget>
        </widget>
    </widget>
</SUI>
