<?xml version="1.0" encoding="UTF-8"?>
<SUI>
    <property SUICoreVersion="2.0.0"/>
    <property SUIEditorVersion="1.8.0"/>
    <property SUIObjectFactory="SUI Object factory"/>
    <property Height="960"/>
    <property SUIStylesheet="SourceGUI"/>
    <property Width="1545"/>
    <property SUIVersion="2.0"/>
    <property SUIName="Example SUI"/>
    <property SUIDescription="Example SUI"/>
    <property HasBottomButtonBar="false"/>
    <property HasRightButtonBar="false"/>
    <property HasStatusBar="false"/>
    <property Include-UCT-HeaderButton="UCT-HeaderButton.xml"/>
    <widget>
        <property ID="wpg1"/>
        <property ObjectType="WidgetPage"/>
        <property XPos="0"/>
        <property YPos="0"/>
        <property Menu=""/>
        <property MenuItem=""/>
        <property Visible="true"/>
        <property StyleSheetClass="page"/>
        <property Enable="true"/>
        <property Moveable="false"/>
        <property Sizeable="false"/>
        <property ToolTipEnable="true"/>
        <property BGColor="white"/>
        <property ToolTip=""/>
        <property UserControl=""/>
        <property Height="960"/>
        <property Width="1545"/>
        <widget>
            <property ID="btnNoAlerts"/>
            <property ObjectType="Button"/>
            <property XPos="0"/>
            <property YPos="147"/>
            <property Menu=""/>
            <property MenuItem=""/>
            <property Text="No Alerts reported"/>
            <property StyleSheetClass="NoAlertsButton"/>
            <property Visible="true"/>
            <property Enable="true"/>
            <property Moveable="true"/>
            <property Sizeable="true"/>
            <property FontSize="Large"/>
            <property Bold="false"/>
            <property ToolTipEnable="true"/>
            <property Color="white"/>
            <property ToolTip=""/>
            <property BGColor=""/>
            <property PropScientific="false"/>
            <property Alignment="center"/>
            <property UserControl=""/>
            <property Height="40"/>
            <property Width="1310"/>
        </widget>
        <widget>
            <property ID="lblHeader"/>
            <property ObjectType="Label"/>
            <property XPos="0"/>
            <property YPos="40"/>
            <property Menu=""/>
            <property MenuItem=""/>
            <property Text="Active alerts"/>
            <property StyleSheetClass=""/>
            <property Visible="true"/>
            <property Enable="true"/>
            <property Moveable="true"/>
            <property Sizeable="true"/>
            <property FontSize="Large"/>
            <property Bold="false"/>
            <property ToolTipEnable="true"/>
            <property Color="white"/>
            <property ToolTip=""/>
            <property BGColor="Transparent"/>
            <property PropScientific="false"/>
            <property Alignment="Left"/>
            <property UserControl=""/>
            <property Height="30"/>
            <property Width="460"/>
        </widget>
        <widget>
          <property ID="lblHeaderBottom" />
          <property ObjectType="Label" />
          <property XPos="0" />
          <property YPos="80" />
          <property Menu="" />
          <property MenuItem="" />
          <property Visible="true" />
          <property StyleSheetClass="HeaderBottom" />
          <property Enable="true" />
          <property Moveable="true" />
          <property Sizeable="true" />
          <property Bold="false" />
          <property ToolTipEnable="true" />
          <property ToolTip="" />
          <property ImageData="" />
          <property ImageDataPressed="" />
          <property Text="" />
          <property Alignment="Left" />
          <property UserControl="" />
          <property TabOrder="4" />
          <property Height="30" />
          <property Width="1380" />
        </widget>
        <widget>
            <property ID="lblalarmsimage"/>
            <property ObjectType="Label"/>
            <property XPos="190"/>
            <property YPos="45"/>
            <property Menu=""/>
            <property MenuItem=""/>
            <property Text="Alarms"/>
            <property StyleSheetClass=""/>
            <property Visible="true"/>
            <property Enable="true"/>
            <property Moveable="true"/>
            <property Sizeable="true"/>
            <property FontSize="Large"/>
            <property Bold="false"/>
            <property ToolTipEnable="true"/>
            <property Color="white"/>
            <property ToolTip=""/>
            <property BGColor="Transparent"/>
            <property PropScientific="false"/>
            <property Alignment="Left"/>
            <property UserControl=""/>
            <property Height="30"/>
            <property Width="460"/>
        </widget>
        <widget>
            <property ID="lblalarms"/>
            <property ObjectType="Label"/>
            <property XPos="200"/>
            <property YPos="45"/>
            <property Menu=""/>
            <property MenuItem=""/>
            <property Text="Alarms"/>
            <property StyleSheetClass=""/>
            <property Visible="true"/>
            <property Enable="true"/>
            <property Moveable="true"/>
            <property Sizeable="true"/>
            <property FontSize="Large"/>
            <property Bold="false"/>
            <property ToolTipEnable="true"/>
            <property Color="white"/>
            <property ToolTip=""/>
            <property BGColor="Transparent"/>
            <property PropScientific="false"/>
            <property Alignment="Left"/>
            <property UserControl=""/>
            <property Height="30"/>
            <property Width="460"/>
        </widget>
        <widget>
            <property ID="lblerrorsimage"/>
            <property ObjectType="Label"/>
            <property XPos="300"/>
            <property YPos="45"/>
            <property Menu=""/>
            <property MenuItem=""/>
            <property Text="Errors"/>
            <property StyleSheetClass=""/>
            <property Visible="true"/>
            <property Enable="true"/>
            <property Moveable="true"/>
            <property Sizeable="true"/>
            <property FontSize="Large"/>
            <property Bold="false"/>
            <property ToolTipEnable="true"/>
            <property Color="white"/>
            <property ToolTip=""/>
            <property BGColor="Transparent"/>
            <property PropScientific="false"/>
            <property Alignment="Left"/>
            <property UserControl=""/>
            <property Height="30"/>
            <property Width="460"/>
        </widget>
        <widget>
            <property ID="lblerrors"/>
            <property ObjectType="Label"/>
            <property XPos="320"/>
            <property YPos="45"/>
            <property Menu=""/>
            <property MenuItem=""/>
            <property Text="Errors"/>
            <property StyleSheetClass=""/>
            <property Visible="true"/>
            <property Enable="true"/>
            <property Moveable="true"/>
            <property Sizeable="true"/>
            <property FontSize="Large"/>
            <property Bold="false"/>
            <property ToolTipEnable="true"/>
            <property Color="white"/>
            <property ToolTip=""/>
            <property BGColor="Transparent"/>
            <property PropScientific="false"/>
            <property Alignment="Left"/>
            <property UserControl=""/>
            <property Height="30"/>
            <property Width="460"/>
        </widget>
        <widget>
            <property ID="lblwarningsimage"/>
            <property ObjectType="Label"/>
            <property XPos="410"/>
            <property YPos="45"/>
            <property Menu=""/>
            <property MenuItem=""/>
            <property Text="Warnings"/>
            <property StyleSheetClass=""/>
            <property Visible="true"/>
            <property Enable="true"/>
            <property Moveable="true"/>
            <property Sizeable="true"/>
            <property FontSize="Large"/>
            <property Bold="false"/>
            <property ToolTipEnable="true"/>
            <property Color="white"/>
            <property ToolTip=""/>
            <property BGColor="Transparent"/>
            <property PropScientific="false"/>
            <property Alignment="Left"/>
            <property UserControl=""/>
            <property Height="30"/>
            <property Width="460"/>
        </widget>
        <widget>
            <property ID="lblwarnings"/>
            <property ObjectType="Label"/>
            <property XPos="430"/>
            <property YPos="45"/>
            <property Menu=""/>
            <property MenuItem=""/>
            <property Text="Warnings"/>
            <property StyleSheetClass=""/>
            <property Visible="true"/>
            <property Enable="true"/>
            <property Moveable="true"/>
            <property Sizeable="true"/>
            <property FontSize="Large"/>
            <property Bold="false"/>
            <property ToolTipEnable="true"/>
            <property Color="white"/>
            <property ToolTip=""/>
            <property BGColor="Transparent"/>
            <property PropScientific="false"/>
            <property Alignment="Left"/>
            <property UserControl=""/>
            <property Height="30"/>
            <property Width="460"/>
        </widget>
        <widget>
            <property ID="uctSeverity"/>
            <property ObjectType="UserControl"/>
            <property UserControl="UCT-HeaderButton"/>
            <property XPos="0"/>
            <property YPos="80"/>
            <property Visible="true"/>
            <property Menu=""/>
            <property Enable="true"/>
            <property MenuItem=""/>
            <property Moveable="true"/>
            <property Sizeable="true"/>
            <property ToolTipEnable="true"/>
            <property ToolTip=""/>
            <property FileName=""/>
            <property StyleSheetClass=""/>
            <property Height="30"/>
            <property Width="130"/>
        </widget>
        <widget>
            <property ID="uctTimeReported"/>
            <property ObjectType="UserControl"/>
            <property UserControl="UCT-HeaderButton"/>
            <property XPos="170"/>
            <property YPos="80"/>
            <property Visible="true"/>
            <property Menu=""/>
            <property Enable="true"/>
            <property MenuItem=""/>
            <property Moveable="true"/>
            <property Sizeable="true"/>
            <property ToolTipEnable="true"/>
            <property ToolTip=""/>
            <property FileName=""/>
            <property StyleSheetClass=""/>
            <property Height="30"/>
            <property Width="130"/>
        </widget>
        <widget>
            <property ID="uctCode"/>
            <property ObjectType="UserControl"/>
            <property UserControl="UCT-HeaderButton"/>
            <property XPos="340"/>
            <property YPos="80"/>
            <property Visible="true"/>
            <property Menu=""/>
            <property Enable="true"/>
            <property MenuItem=""/>
            <property Moveable="true"/>
            <property Sizeable="true"/>
            <property ToolTipEnable="true"/>
            <property ToolTip=""/>
            <property FileName=""/>
            <property StyleSheetClass=""/>
            <property Height="30"/>
            <property Width="130"/>
        </widget>
        <widget>
          <property ID="btnMessage" />
          <property ObjectType="Button" />
          <property XPos="510" />
          <property YPos="80" />
          <property Menu="" />
          <property MenuItem="" />
          <property Visible="true" />
          <property StyleSheetClass="DefaultHeader" />
          <property Enable="true" />
          <property Moveable="true" />
          <property Sizeable="true" />
          <property Bold="false" />
          <property ToolTipEnable="true" />
          <property ToolTip="" />
          <property ImageData="" />
          <property ImageDataPressed="" />
          <property Text="MESSAGE" />
          <property Alignment="Left" />
          <property UserControl="" />
          <property TabOrder="4" />
          <property Height="30" />
          <property Width="800" />
        </widget>
        <widget>
          <property ID="tawAlert" />
          <property ObjectType="TableWidget" />
          <property XPos="0" />
          <property YPos="110" />
          <property Menu="" />
          <property MenuItem="" />
          <property Visible="true" />
          <property StyleSheetClass="alerttable" />
          <property Enable="true" />
          <property Moveable="true" />
          <property Sizeable="true" />
          <property RowHeights="0,40" />
          <property ColumnCount="7" />
          <property RowCount="1" />
          <property ColumnWidths="0,30;1,140;2,170;3,170;4,800;5,70;6,0;" />
          <property ListViewMode="true" />
          <property BorderWidth="0" />
          <property BorderOn="false" />
          <property ToolTipEnable="true" />
          <property ToolTip="" />
          <property MultipleRowSelection="false" />
          <property HeadersOn="false" />
          <property HorizonHeaderTags="" />
          <property VerticalHeaderTags="" />
          <property UserControl="" />
          <property TabOrder="0" />
          <property Height="720" />
          <property Width="1397" />
          <widget>
            <property ID="twi-tawAlert:1-1" />
            <property ObjectType="TableWidgetItem" />
            <property XPos="0" />
            <property YPos="0" />
            <property Menu="" />
            <property CellName="" />
            <property MenuItem="" />
            <property Visible="false" />
            <property StyleSheetClass="" />
            <property Enable="true" />
            <property Moveable="false" />
            <property Sizeable="false" />
            <property FontSize="Normal" />
            <property Bold="false" />
            <property CellAlignment="stretch" />
            <property BorderWidth="3" />
            <property BorderOn="false" />
            <property ToolTipEnable="true" />
            <property ToolTip="" />
            <property Text="" />
            <property Alignment="left" />
            <property UserControl="" />
            <property Height="0" />
            <property Width="0" />
          </widget>
          <widget>
            <property ID="twi-tawAlert:1-2" />
            <property ObjectType="TableWidgetItem" />
            <property XPos="0" />
            <property YPos="0" />
            <property Menu="" />
            <property CellName="" />
            <property MenuItem="" />
            <property Visible="false" />
            <property StyleSheetClass="" />
            <property Enable="true" />
            <property Moveable="false" />
            <property Sizeable="false" />
            <property FontSize="Normal" />
            <property Bold="false" />
            <property CellAlignment="stretch" />
            <property BorderWidth="3" />
            <property BorderOn="false" />
            <property ToolTipEnable="true" />
            <property ToolTip="" />
            <property Text="" />
            <property Alignment="left" />
            <property UserControl="" />
            <property Height="0" />
            <property Width="0" />
          </widget>
          <widget>
            <property ID="twi-tawAlert:1-3" />
            <property ObjectType="TableWidgetItem" />
            <property XPos="0" />
            <property YPos="0" />
            <property Menu="" />
            <property CellName="" />
            <property MenuItem="" />
            <property Visible="true" />
            <property StyleSheetClass="" />
            <property Enable="true" />
            <property Moveable="false" />
            <property Sizeable="false" />
            <property FontSize="Normal" />
            <property Bold="false" />
            <property CellAlignment="stretch" />
            <property BorderWidth="3" />
            <property BorderOn="false" />
            <property ToolTipEnable="true" />
            <property ToolTip="" />
            <property Text="" />
            <property Alignment="left" />
            <property UserControl="" />
            <property Height="0" />
            <property Width="0" />
          </widget>
          <widget>
            <property ID="twi-tawAlert:1-4" />
            <property ObjectType="TableWidgetItem" />
            <property XPos="0" />
            <property YPos="0" />
            <property Menu="" />
            <property CellName="" />
            <property MenuItem="" />
            <property Visible="true" />
            <property StyleSheetClass="" />
            <property Enable="true" />
            <property Moveable="false" />
            <property Sizeable="false" />
            <property FontSize="Normal" />
            <property Bold="false" />
            <property CellAlignment="stretch" />
            <property BorderWidth="3" />
            <property BorderOn="false" />
            <property ToolTipEnable="true" />
            <property ToolTip="" />
            <property Text="ABC-1234" />
            <property Alignment="left" />
            <property UserControl="" />
            <property Height="0" />
            <property Width="0" />
          </widget>
          <widget>
            <property ID="twi-tawAlert:1-5" />
            <property ObjectType="TableWidgetItem" />
            <property XPos="0" />
            <property YPos="0" />
            <property Menu="" />
            <property CellName="" />
            <property MenuItem="" />
            <property Visible="true" />
            <property StyleSheetClass="" />
            <property Enable="true" />
            <property Moveable="false" />
            <property Sizeable="false" />
            <property FontSize="Normal" />
            <property Bold="false" />
            <property CellAlignment="stretch" />
            <property BorderWidth="3" />
            <property BorderOn="false" />
            <property ToolTipEnable="true" />
            <property ToolTip="" />
            <property Text="This is an alarm message" />
            <property Alignment="left" />
            <property UserControl="" />
            <property Height="0" />
            <property Width="0" />
          </widget>          
          <widget>
            <property ID="twi-tawAlert:1-6" />
            <property ObjectType="TableWidgetItem" />
            <property XPos="0" />
            <property YPos="0" />
            <property Menu="" />
            <property CellName="" />
            <property MenuItem="" />
            <property Visible="false" />
            <property StyleSheetClass="" />
            <property Enable="true" />
            <property Moveable="false" />
            <property Sizeable="false" />
            <property FontSize="Normal" />
            <property Bold="false" />
            <property CellAlignment="stretch" />
            <property BorderWidth="3" />
            <property BorderOn="false" />
            <property ToolTipEnable="true" />
            <property ToolTip="" />
            <property Text="" />
            <property Alignment="left" />
            <property UserControl="" />
            <property Height="0" />
            <property Width="0" />
          </widget>
          <widget>
            <property ID="twi-tawAlert:1-7" />
            <property ObjectType="TableWidgetItem" />
            <property XPos="0" />
            <property YPos="0" />
            <property Menu="" />
            <property CellName="" />
            <property MenuItem="" />
            <property Visible="false" />
            <property StyleSheetClass="" />
            <property Enable="true" />
            <property Moveable="false" />
            <property Sizeable="false" />
            <property FontSize="Normal" />
            <property Bold="false" />
            <property CellAlignment="stretch" />
            <property BorderWidth="3" />
            <property BorderOn="false" />
            <property ToolTipEnable="true" />
            <property ToolTip="" />
            <property Text="" />
            <property Alignment="left" />
            <property UserControl="" />
            <property Height="0" />
            <property Width="0" />
          </widget>
        </widget>
    </widget>
</SUI>
