<?xml version="1.0" encoding="UTF-8"?>
<UserControl>
    <property ID="UCT-ADTSubSystem"/>
    <property ObjectType="UserControl"/>
    <property XPos="0"/>
    <property YPos="0"/>
    <property Menu=""/>
    <property MenuItem=""/>
    <property FileName="/home/adt/Test/UCT-ADTSubSystem.xml"/>
    <property Visible="true"/>
    <property StyleSheetClass=""/>
    <property Enable="true"/>
    <property Moveable="true"/>
    <property Sizeable="false"/>
    <property ToolTipEnable="true"/>
    <property ToolTip=""/>
    <property UserControl="UCT-ADTSubSystem"/>
    <property Height="40"/>
    <property Width="210"/>
    <widget>
        <property ID="gbxADTSubSystemUCT"/>
        <property ObjectType="GroupBox"/>
        <property XPos="2"/>
        <property YPos="2"/>
        <property Menu=""/>
        <property MenuItem=""/>
        <property Visible="true"/>
        <property StyleSheetClass=""/>
        <property Enable="true"/>
        <property Moveable="false"/>
        <property HoverBGColor="black"/>
        <property Sizeable="true"/>
        <property Bold="true"/>
        <property ToolTipEnable="true"/>
        <property BGColor="black"/>
        <property ToolTip=""/>
        <property Hover="false"/>
        <property Text=""/>
        <property UserControl="UCT-ADTSubSystem"/>
        <property Height="40"/>
        <property Width="210"/>
        <widget>
            <property ID="lblADTSubSystemName"/>
            <property ObjectType="Label"/>
            <property XPos="0"/>
            <property YPos="0"/>
            <property Menu=""/>
            <property MenuItem=""/>
            <property Visible="true"/>
            <property StyleSheetClass=""/>
            <property Enable="true"/>
            <property Moveable="false"/>
            <property Sizeable="true"/>
            <property FontSize="Small"/>
            <property Bold="false"/>
            <property Color="transparent"/>
            <property ToolTipEnable="true"/>
            <property BGColor="transparent"/>
            <property ToolTip=""/>
            <property PropScientific="false"/>
            <property Text="Plasma Generation and Energy Control"/>
            <property Alignment="Left"/>
            <property UserControl="UCT-ADTSubSystem"/>
            <property Height="40"/>
            <property Width="150"/>
        </widget>
        <widget>
            <property ID="lblADTSubSystemCount"/>
            <property ObjectType="Label"/>
            <property XPos="151"/>
            <property YPos="-10"/>
            <property Menu=""/>
            <property MenuItem=""/>
            <property Visible="true"/>
            <property StyleSheetClass=""/>
            <property Enable="true"/>
            <property Moveable="false"/>
            <property Sizeable="true"/>
            <property FontSize="Small"/>
            <property Bold="false"/>
            <property Color="transparent"/>
            <property ToolTipEnable="true"/>
            <property BGColor="transparent"/>
            <property ToolTip=""/>
            <property PropScientific="false"/>
            <property Text="(100)"/>
            <property Alignment="Right"/>
            <property UserControl="UCT-ADTSubSystem"/>
            <property Height="40"/>
            <property Width="30"/>
        </widget>
        <widget>
            <property ID="btnADTSubSystemClose"/>
            <property ObjectType="Button"/>
            <property XPos="181"/>
            <property YPos="0"/>
            <property Menu=""/>
            <property MenuItem=""/>
            <property Visible="true"/>
            <property StyleSheetClass=""/>
            <property Enable="true"/>
            <property Moveable="false"/>
            <property Sizeable="true"/>
            <property Bold="false"/>
            <property ToolTipEnable="true"/>
            <property ToolTip=""/>
            <property ImageData=""/>
            <property ImageDataPressed=""/>
            <property Text="Close"/>
            <property Alignment="center"/>
            <property UserControl="UCT-ADTSubSystem"/>
            <property TabOrder="0"/>
            <property Height="40"/>
            <property Width="30"/>
        </widget>
    </widget>
</UserControl>
