<?xml version="1.0" encoding="UTF-8"?>
<SUI>
   <property SUICoreVersion="2.0.0"/>
   <property SUIEditorVersion="1.8.0"/>
   <property SUIObjectFactory="SUI Object factory"/>
   <property Height="908"/>
   <property SUIStylesheet="SourceGUI"/>
   <property Width="1550"/>
   <property SUIVersion="2.0"/>
   <property SUIName="Dashboard"/>
   <property SUIDescription="Dashboard"/>
   <property HasBottomButtonBar="false"/>
   <property HasRightButtonBar="false"/>
   <property HasStatusBar="false"/>
   <property Include-UCT-CONSUMABLE="UCT-CONSUMABLE.xml"/>
   <property Include-UCT-PLOT="UCT-PLOT.xml"/>
   <property Include-UCT-NORMALKPI="UCT-NORMALKPI.xml"/>
   <property Include-UCT-SYSTEMKPI="UCT-SYSTEMKPI.xml"/>
   <widget>
     <property ID="wpg1"/>
    <property ObjectType="WidgetPage"/>
      <property UserControl=""/>
      <property XPos="0"/>
      <property YPos="4"/>
      <property Visible="true"/>
      <property Menu=""/>
      <property Enable="true"/>
      <property MenuItem=""/>
      <property Moveable="true"/>
      <property Sizeable="true"/>
      <property ToolTipEnable="true"/>
      <property ToolTip=""/>
      <property StyleSheetClass=""/>
      <property Height="1200"/>
      <property Width="1550"/>
      <widget>
                     <property ID="scbTimeSlider"/>
                     <property ObjectType="ScrollBar"/>
                     <property XPos="5"/>
                     <property YPos="5"/>
                     <property Menu=""/>
                     <property MenuItem=""/>
                     <property Visible="true"/>
                     <property StyleSheetClass=""/>
                     <property Enable="true"/>
                     <property Moveable="true"/>
                     <property Sizeable="true"/>
                     <property StepSize="1"/>
                     <property MaxValue="95"/>
                     <property MinValue="0"/>
                     <property ToolTipEnable="true"/>
                     <property ToolTip=""/>
                     <property Orientation="Horizontal"/>
                     <property UserControl=""/>
                     <property Height="30"/>
                     <property Width="1530"/>
                 </widget>

      <widget>
         <property ID="uctKPIGraph1"/>
         <property ObjectType="UserControl"/>
         <property UserControl="UCT-PLOT"/>
         <property XPos="0"/>
         <property YPos="30"/>
         <property Visible="true"/>
         <property Menu=""/>
         <property Enable="true"/>
         <property MenuItem=""/>
         <property Moveable="true"/>
         <property Sizeable="true"/>
         <property ToolTipEnable="true"/>
         <property ToolTip=""/>
         <property FileName=""/>
         <property StyleSheetClass=""/>
         <property Height="300"/>
         <property Width="300"/>
      </widget>
      <widget>
         <property ID="uctKPIGraph2"/>
         <property ObjectType="UserControl"/>
         <property UserControl="UCT-PLOT"/>
         <property XPos="310"/>
         <property YPos="30"/>
         <property Visible="true"/>
         <property Menu=""/>
         <property Enable="true"/>
         <property MenuItem=""/>
         <property Moveable="true"/>
         <property Sizeable="true"/>
         <property ToolTipEnable="true"/>
         <property ToolTip=""/>
         <property FileName=""/>
         <property StyleSheetClass=""/>
         <property Height="300"/>
         <property Width="300"/>
      </widget>
      <widget>
         <property ID="uctKPIGraph3"/>
         <property ObjectType="UserControl"/>
         <property UserControl="UCT-PLOT"/>
         <property XPos="620"/>
         <property YPos="30"/>
         <property Visible="true"/>
         <property Menu=""/>
         <property Enable="true"/>
         <property MenuItem=""/>
         <property Moveable="true"/>
         <property Sizeable="true"/>
         <property ToolTipEnable="true"/>
         <property ToolTip=""/>
         <property FileName=""/>
         <property StyleSheetClass=""/>
         <property Height="300"/>
         <property Width="300"/>
      </widget>
      <widget>
         <property ID="uctKPIGraph4"/>
         <property ObjectType="UserControl"/>
         <property UserControl="UCT-PLOT"/>
         <property XPos="930"/>
         <property YPos="30"/>
         <property Visible="true"/>
         <property Menu=""/>
         <property Enable="true"/>
         <property MenuItem=""/>
         <property Moveable="true"/>
         <property Sizeable="true"/>
         <property ToolTipEnable="true"/>
         <property ToolTip=""/>
         <property FileName=""/>
         <property StyleSheetClass=""/>
         <property Height="300"/>
         <property Width="300"/>
      </widget>
      <widget>
         <property ID="uctKPIGraph5"/>
         <property ObjectType="UserControl"/>
         <property UserControl="UCT-PLOT"/>
         <property XPos="1240"/>
         <property YPos="30"/>
         <property Visible="true"/>
         <property Menu=""/>
         <property Enable="true"/>
         <property MenuItem=""/>
         <property Moveable="true"/>
         <property Sizeable="true"/>
         <property ToolTipEnable="true"/>
         <property ToolTip=""/>
         <property FileName=""/>
         <property StyleSheetClass=""/>
         <property Height="300"/>
         <property Width="300"/>
      </widget>
      <widget>
          <property ID="lblHeadingNormalKPI1"/>
          <property ObjectType="Label"/>
          <property XPos="0"/>
          <property YPos="360"/>
          <property Menu=""/>
          <property MenuItem=""/>
          <property Visible="true"/>
          <property StyleSheetClass="headingkpitable"/>
          <property Enable="true"/>
          <property Moveable="true"/>
          <property Sizeable="true"/>
          <property FontSize="Normal"/>
          <property Bold="false"/>
          <property Color="transparent"/>
          <property ToolTipEnable="true"/>
          <property BGColor="green"/>
          <property ToolTip=""/>
          <property PropScientific="false"/>
          <property Text="MODULE"/>
          <property Alignment="center"/>
          <property UserControl=""/>
          <property Height="30"/>
          <property Width="260"/>
      </widget>
      <widget>
          <property ID="lblHeadingNormalKPI2"/>
          <property ObjectType="Label"/>
          <property XPos="261"/>
          <property YPos="360"/>
          <property Menu=""/>
          <property MenuItem=""/>
          <property Visible="true"/>
          <property StyleSheetClass="headingkpitable"/>
          <property Enable="true"/>
          <property Moveable="true"/>
          <property Sizeable="true"/>
          <property FontSize="Normal"/>
          <property Bold="false"/>
          <property Color="transparent"/>
          <property ToolTipEnable="true"/>
          <property BGColor="green"/>
          <property ToolTip=""/>
          <property PropScientific="false"/>
          <property Text="Last Updated"/>
          <property Alignment="center"/>
          <property UserControl=""/>
          <property Height="30"/>
          <property Width="160"/>
      </widget>
      <widget>
          <property ID="lblHeadingNormalKPI3"/>
          <property ObjectType="Label"/>
          <property XPos="422"/>
          <property YPos="360"/>
          <property Menu=""/>
          <property MenuItem=""/>
          <property Visible="true"/>
          <property StyleSheetClass="headingkpitable"/>
          <property Enable="true"/>
          <property Moveable="true"/>
          <property Sizeable="true"/>
          <property FontSize="Normal"/>
          <property Bold="false"/>
          <property Color="transparent"/>
          <property ToolTipEnable="true"/>
          <property BGColor="green"/>
          <property ToolTip=""/>
          <property PropScientific="false"/>
          <property Text="Value"/>
          <property Alignment="center"/>
          <property UserControl=""/>
          <property Height="30"/>
          <property Width="78"/>
      </widget>
      <widget>
         <property ID="uctNormalKPI1"/>
         <property ObjectType="UserControl"/>
         <property UserControl="UCT-NORMALKPI"/>
         <property XPos="0"/>
         <property YPos="390"/>
         <property Visible="true"/>
         <property Menu=""/>
         <property Enable="true"/>
         <property MenuItem=""/>
         <property Moveable="true"/>
         <property Sizeable="true"/>
         <property ToolTipEnable="true"/>
         <property ToolTip=""/>
         <property FileName=""/>
         <property StyleSheetClass=""/>
         <property Height="40"/>
         <property Width="510"/>
      </widget>
      <widget>
         <property ID="uctNormalKPI2"/>
         <property ObjectType="UserControl"/>
         <property UserControl="UCT-NORMALKPI"/>
         <property XPos="0"/>
         <property YPos="430"/>
         <property Visible="true"/>
         <property Menu=""/>
         <property Enable="true"/>
         <property MenuItem=""/>
         <property Moveable="true"/>
         <property Sizeable="true"/>
         <property ToolTipEnable="true"/>
         <property ToolTip=""/>
         <property FileName=""/>
         <property StyleSheetClass=""/>
         <property Height="40"/>
         <property Width="510"/>
      </widget>
      <widget>
         <property ID="uctNormalKPI3"/>
         <property ObjectType="UserControl"/>
         <property UserControl="UCT-NORMALKPI"/>
         <property XPos="0"/>
         <property YPos="470"/>
         <property Visible="true"/>
         <property Menu=""/>
         <property Enable="true"/>
         <property MenuItem=""/>
         <property Moveable="true"/>
         <property Sizeable="true"/>
         <property ToolTipEnable="true"/>
         <property ToolTip=""/>
         <property FileName=""/>
         <property StyleSheetClass=""/>
         <property Height="40"/>
         <property Width="510"/>
      </widget>
      <widget>
         <property ID="uctNormalKPI4"/>
         <property ObjectType="UserControl"/>
         <property UserControl="UCT-NORMALKPI"/>
         <property XPos="0"/>
         <property YPos="510"/>
         <property Visible="true"/>
         <property Menu=""/>
         <property Enable="true"/>
         <property MenuItem=""/>
         <property Moveable="true"/>
         <property Sizeable="true"/>
         <property ToolTipEnable="true"/>
         <property ToolTip=""/>
         <property FileName=""/>
         <property StyleSheetClass=""/>
         <property Height="40"/>
         <property Width="510"/>
      </widget>
      <widget>
         <property ID="uctNormalKPI5"/>
         <property ObjectType="UserControl"/>
         <property UserControl="UCT-NORMALKPI"/>
         <property XPos="0"/>
         <property YPos="550"/>
         <property Visible="true"/>
         <property Menu=""/>
         <property Enable="true"/>
         <property MenuItem=""/>
         <property Moveable="true"/>
         <property Sizeable="true"/>
         <property ToolTipEnable="true"/>
         <property ToolTip=""/>
         <property FileName=""/>
         <property StyleSheetClass=""/>
         <property Height="40"/>
         <property Width="510"/>
      </widget>
      <widget>
         <property ID="uctNormalKPI6"/>
         <property ObjectType="UserControl"/>
         <property UserControl="UCT-NORMALKPI"/>
         <property XPos="0"/>
         <property YPos="590"/>
         <property Visible="true"/>
         <property Menu=""/>
         <property Enable="true"/>
         <property MenuItem=""/>
         <property Moveable="true"/>
         <property Sizeable="true"/>
         <property ToolTipEnable="true"/>
         <property ToolTip=""/>
         <property FileName=""/>
         <property StyleSheetClass=""/>
         <property Height="40"/>
         <property Width="510"/>
      </widget>
      <widget>
         <property ID="uctNormalKPI7"/>
         <property ObjectType="UserControl"/>
         <property UserControl="UCT-NORMALKPI"/>
         <property XPos="0"/>
         <property YPos="630"/>
         <property Visible="true"/>
         <property Menu=""/>
         <property Enable="true"/>
         <property MenuItem=""/>
         <property Moveable="true"/>
         <property Sizeable="true"/>
         <property ToolTipEnable="true"/>
         <property ToolTip=""/>
         <property FileName=""/>
         <property StyleSheetClass=""/>
         <property Height="40"/>
         <property Width="510"/>
      </widget>
      <widget>
         <property ID="uctNormalKPI8"/>
         <property ObjectType="UserControl"/>
         <property UserControl="UCT-NORMALKPI"/>
         <property XPos="0"/>
         <property YPos="670"/>
         <property Visible="true"/>
         <property Menu=""/>
         <property Enable="true"/>
         <property MenuItem=""/>
         <property Moveable="true"/>
         <property Sizeable="true"/>
         <property ToolTipEnable="true"/>
         <property ToolTip=""/>
         <property FileName=""/>
         <property StyleSheetClass=""/>
         <property Height="40"/>
         <property Width="510"/>
      </widget>
      <widget>
         <property ID="uctNormalKPI9"/>
         <property ObjectType="UserControl"/>
         <property UserControl="UCT-NORMALKPI"/>
         <property XPos="0"/>
         <property YPos="710"/>
         <property Visible="true"/>
         <property Menu=""/>
         <property Enable="true"/>
         <property MenuItem=""/>
         <property Moveable="true"/>
         <property Sizeable="true"/>
         <property ToolTipEnable="true"/>
         <property ToolTip=""/>
         <property FileName=""/>
         <property StyleSheetClass=""/>
         <property Height="40"/>
         <property Width="510"/>
      </widget>
      <widget>
         <property ID="uctNormalKPI10"/>
         <property ObjectType="UserControl"/>
         <property UserControl="UCT-NORMALKPI"/>
         <property XPos="0"/>
         <property YPos="750"/>
         <property Visible="true"/>
         <property Menu=""/>
         <property Enable="true"/>
         <property MenuItem=""/>
         <property Moveable="true"/>
         <property Sizeable="true"/>
         <property ToolTipEnable="true"/>
         <property ToolTip=""/>
         <property FileName=""/>
         <property StyleSheetClass=""/>
         <property Height="40"/>
         <property Width="510"/>
      </widget>
      <widget>
          <property ID="lblHeadingSystemKPI1"/>
          <property ObjectType="Label"/>
          <property XPos="515"/>
          <property YPos="360"/>
          <property Menu=""/>
          <property MenuItem=""/>
          <property Visible="true"/>760
          <property StyleSheetClass="headingkpitable"/>
          <property Enable="true"/>
          <property Moveable="true"/>
          <property Sizeable="true"/>
          <property FontSize="Normal"/>
          <property Bold="false"/>
          <property Color="transparent"/>
          <property ToolTipEnable="true"/>
          <property BGColor="green"/>
          <property ToolTip=""/>
          <property PropScientific="false"/>
          <property Text="MODULE"/>
          <property Alignment="center"/>
          <property UserControl=""/>
          <property Height="30"/>
          <property Width="260"/>
      </widget>
      <widget>
          <property ID="lblHeadingSystemKPI2"/>
          <property ObjectType="Label"/>
          <property XPos="776"/>
          <property YPos="360"/>
          <property Menu=""/>
          <property MenuItem=""/>
          <property Visible="true"/>
          <property StyleSheetClass="headingkpitable"/>
          <property Enable="true"/>
          <property Moveable="true"/>
          <property Sizeable="true"/>
          <property FontSize="Normal"/>
          <property Bold="false"/>
          <property Color="transparent"/>
          <property ToolTipEnable="true"/>
          <property BGColor="green"/>
          <property ToolTip=""/>
          <property PropScientific="false"/>
          <property Text="Last Updated"/>
          <property Alignment="center"/>
          <property UserControl=""/>
          <property Height="30"/>
          <property Width="160"/>
      </widget>
      <widget>
          <property ID="lblHeadingSystemKPI3"/>
          <property ObjectType="Label"/>
          <property XPos="937"/>
          <property YPos="360"/>
          <property Menu=""/>
          <property MenuItem=""/>
          <property Visible="true"/>
          <property StyleSheetClass="headingkpitable"/>
          <property Enable="true"/>
          <property Moveable="true"/>
          <property Sizeable="true"/>
          <property FontSize="Normal"/>
          <property Bold="false"/>
          <property Color="transparent"/>
          <property ToolTipEnable="true"/>
          <property BGColor=""/>
          <property ToolTip=""/>
          <property PropScientific="false"/>
          <property Text="Value"/>
          <property Alignment="center"/>
          <property UserControl=""/>
          <property Height="30"/>
          <property Width="78"/>
      </widget>
      <widget>
               <property ID="uctSystemKPI1"/>
               <property ObjectType="UserControl"/>
               <property UserControl="UCT-SYSTEMKPI"/>
               <property XPos="515"/>
               <property YPos="390"/>
               <property Visible="true"/>
               <property Menu=""/>
               <property Enable="true"/>
               <property MenuItem=""/>
               <property Moveable="true"/>
               <property Sizeable="true"/>
               <property ToolTipEnable="true"/>
               <property ToolTip=""/>
               <property FileName=""/>
               <property StyleSheetClass=""/>
               <property Height="40"/>
               <property Width="510"/>
            </widget>
            <widget>
               <property ID="uctSystemKPI2"/>
               <property ObjectType="UserControl"/>
               <property UserControl="UCT-SYSTEMKPI"/>
               <property XPos="515"/>
               <property YPos="430"/>
               <property Visible="true"/>
               <property Menu=""/>
               <property Enable="true"/>
               <property MenuItem=""/>
               <property Moveable="true"/>
               <property Sizeable="true"/>
               <property ToolTipEnable="true"/>
               <property ToolTip=""/>
               <property FileName=""/>
               <property StyleSheetClass=""/>
               <property Height="40"/>
               <property Width="510"/>
            </widget>
            <widget>
               <property ID="uctSystemKPI3"/>
               <property ObjectType="UserControl"/>
               <property UserControl="UCT-SYSTEMKPI"/>
               <property XPos="515"/>
               <property YPos="470"/>
               <property Visible="true"/>
               <property Menu=""/>
               <property Enable="true"/>
               <property MenuItem=""/>
               <property Moveable="true"/>
               <property Sizeable="true"/>
               <property ToolTipEnable="true"/>
               <property ToolTip=""/>
               <property FileName=""/>
               <property StyleSheetClass=""/>
               <property Height="40"/>
               <property Width="510"/>
            </widget>
            <widget>
               <property ID="uctSystemKPI4"/>
               <property ObjectType="UserControl"/>
               <property UserControl="UCT-SYSTEMKPI"/>
               <property XPos="515"/>
               <property YPos="510"/>
               <property Visible="true"/>
               <property Menu=""/>
               <property Enable="true"/>
               <property MenuItem=""/>
               <property Moveable="true"/>
               <property Sizeable="true"/>
               <property ToolTipEnable="true"/>
               <property ToolTip=""/>
               <property FileName=""/>
               <property StyleSheetClass=""/>
               <property Height="40"/>
               <property Width="510"/>
            </widget>
            <widget>
               <property ID="uctSystemKPI5"/>
               <property ObjectType="UserControl"/>
               <property UserControl="UCT-SYSTEMKPI"/>
               <property XPos="515"/>
               <property YPos="550"/>
               <property Visible="true"/>
               <property Menu=""/>
               <property Enable="true"/>
               <property MenuItem=""/>
               <property Moveable="true"/>
               <property Sizeable="true"/>
               <property ToolTipEnable="true"/>
               <property ToolTip=""/>
               <property FileName=""/>
               <property StyleSheetClass=""/>
               <property Height="50"/>
               <property Width="510"/>
            </widget>
            <widget>
               <property ID="uctSystemKPI6"/>
               <property ObjectType="UserControl"/>
               <property UserControl="UCT-SYSTEMKPI"/>
               <property XPos="515"/>
               <property YPos="590"/>
               <property Visible="true"/>
               <property Menu=""/>
               <property Enable="true"/>
               <property MenuItem=""/>
               <property Moveable="true"/>
               <property Sizeable="true"/>
               <property ToolTipEnable="true"/>
               <property ToolTip=""/>
               <property FileName=""/>
               <property StyleSheetClass=""/>
               <property Height="40"/>
               <property Width="510"/>
            </widget>
            <widget>
               <property ID="uctSystemKPI7"/>
               <property ObjectType="UserControl"/>
               <property UserControl="UCT-SYSTEMKPI"/>
               <property XPos="515"/>
               <property YPos="630"/>
               <property Visible="true"/>
               <property Menu=""/>
               <property Enable="true"/>
               <property MenuItem=""/>
               <property Moveable="true"/>
               <property Sizeable="true"/>
               <property ToolTipEnable="true"/>
               <property ToolTip=""/>
               <property FileName=""/>
               <property StyleSheetClass=""/>
               <property Height="40"/>
               <property Width="510"/>
            </widget>
            <widget>
               <property ID="uctSystemKPI8"/>
               <property ObjectType="UserControl"/>
               <property UserControl="UCT-SYSTEMKPI"/>
               <property XPos="515"/>
               <property YPos="670"/>
               <property Visible="true"/>
               <property Menu=""/>
               <property Enable="true"/>
               <property MenuItem=""/>
               <property Moveable="true"/>
               <property Sizeable="true"/>
               <property ToolTipEnable="true"/>
               <property ToolTip=""/>
               <property FileName=""/>
               <property StyleSheetClass=""/>
               <property Height="40"/>
               <property Width="510"/>
            </widget>
            <widget>
               <property ID="uctSystemKPI9"/>
               <property ObjectType="UserControl"/>
               <property UserControl="UCT-SYSTEMKPI"/>
               <property XPos="515"/>
               <property YPos="710"/>
               <property Visible="true"/>
               <property Menu=""/>
               <property Enable="true"/>
               <property MenuItem=""/>
               <property Moveable="true"/>
               <property Sizeable="true"/>
               <property ToolTipEnable="true"/>
               <property ToolTip=""/>
               <property FileName=""/>
               <property StyleSheetClass=""/>
               <property Height="50"/>
               <property Width="510"/>
            </widget>
            <widget>
               <property ID="uctSystemKPI10"/>
               <property ObjectType="UserControl"/>
               <property UserControl="UCT-SYSTEMKPI"/>
               <property XPos="515"/>
               <property YPos="750"/>
               <property Visible="true"/>
               <property Menu=""/>
               <property Enable="true"/>
               <property MenuItem=""/>
               <property Moveable="true"/>
               <property Sizeable="true"/>
               <property ToolTipEnable="true"/>
               <property ToolTip=""/>
               <property FileName=""/>
               <property StyleSheetClass=""/>
               <property Height="40"/>
               <property Width="510"/>
            </widget>
            <widget>
                <property ID="lblHeadingConsumable1"/>
                <property ObjectType="Label"/>
                <property XPos="1025"/>
                <property YPos="360"/>
                <property Menu=""/>
                <property MenuItem=""/>
                <property Visible="true"/>
                <property StyleSheetClass="headingkpitable"/>
                <property Enable="true"/>
                <property Moveable="true"/>
                <property Sizeable="true"/>
                <property FontSize="Normal"/>
                <property Bold="false"/>
                <property Color="transparent"/>
                <property ToolTipEnable="true"/>
                <property BGColor="green"/>
                <property ToolTip=""/>
                <property PropScientific="false"/>
                <property Text="MODULE"/>
                <property Alignment="center"/>
                <property UserControl=""/>
                <property Height="30"/>
                <property Width="260"/>
            </widget>
            <widget>
                <property ID="lblHeadingConsumable2"/>
                <property ObjectType="Label"/>
                <property XPos="1286"/>
                <property YPos="360"/>
                <property Menu=""/>
                <property MenuItem=""/>
                <property Visible="true"/>
                <property StyleSheetClass="headingkpitable"/>
                <property Enable="true"/>
                <property Moveable="true"/>
                <property Sizeable="true"/>
                <property FontSize="Normal"/>
                <property Bold="false"/>
                <property Color="transparent"/>
                <property ToolTipEnable="true"/>
                <property BGColor="green"/>
                <property ToolTip=""/>
                <property PropScientific="false"/>
                <property Text="Last Updated"/>
                <property Alignment="center"/>
                <property UserControl=""/>
                <property Height="30"/>
                <property Width="160"/>
            </widget>
            <widget>
                <property ID="lblHeadingConsumable3"/>
                <property ObjectType="Label"/>
                <property XPos="1447"/>
                <property YPos="360"/>
                <property Menu=""/>
                <property MenuItem=""/>
                <property Visible="true"/>
                <property StyleSheetClass="headingkpitable"/>
                <property Enable="true"/>
                <property Moveable="true"/>
                <property Sizeable="true"/>
                <property FontSize="Normal"/>
                <property Bold="false"/>
                <property Color="transparent"/>
                <property ToolTipEnable="true"/>
                <property BGColor=""/>
                <property ToolTip=""/>
                <property PropScientific="false"/>
                <property Text="Value"/>
                <property Alignment="center"/>
                <property UserControl=""/>
                <property Height="30"/>
                <property Width="78"/>
            </widget>
      <widget>
         <property ID="uctConsumable1"/>
         <property ObjectType="UserControl"/>
         <property UserControl="UCT-CONSUMABLE"/>
         <property XPos="1025"/>
         <property YPos="390"/>
         <property Visible="true"/>
         <property Menu=""/>
         <property Enable="true"/>
         <property MenuItem=""/>
         <property Moveable="true"/>
         <property Sizeable="true"/>
         <property ToolTipEnable="true"/>
         <property ToolTip=""/>
         <property FileName=""/>
         <property StyleSheetClass=""/>
         <property Height="50"/>
         <property Width="510"/>
      </widget>
      <widget>
         <property ID="uctConsumable2"/>
         <property ObjectType="UserControl"/>
         <property UserControl="UCT-CONSUMABLE"/>
         <property XPos="1025"/>
         <property YPos="440"/>
         <property Visible="true"/>
         <property Menu=""/>
         <property Enable="true"/>
         <property MenuItem=""/>
         <property Moveable="true"/>
         <property Sizeable="true"/>
         <property ToolTipEnable="true"/>
         <property ToolTip=""/>
         <property FileName=""/>
         <property StyleSheetClass=""/>
         <property Height="50"/>
         <property Width="510"/>
      </widget>
      <widget>
         <property ID="uctConsumable3"/>
         <property ObjectType="UserControl"/>
         <property UserControl="UCT-CONSUMABLE"/>
         <property XPos="1025"/>
         <property YPos="490"/>
         <property Visible="true"/>
         <property Menu=""/>
         <property Enable="true"/>
         <property MenuItem=""/>
         <property Moveable="true"/>
         <property Sizeable="true"/>
         <property ToolTipEnable="true"/>
         <property ToolTip=""/>
         <property FileName=""/>
         <property StyleSheetClass=""/>
         <property Height="50"/>
         <property Width="510"/>
      </widget>
      <widget>
         <property ID="uctConsumable4"/>
         <property ObjectType="UserControl"/>
         <property UserControl="UCT-CONSUMABLE"/>
         <property XPos="1025"/>
         <property YPos="540"/>
         <property Visible="true"/>
         <property Menu=""/>
         <property Enable="true"/>
         <property MenuItem=""/>
         <property Moveable="true"/>
         <property Sizeable="true"/>
         <property ToolTipEnable="true"/>
         <property ToolTip=""/>
         <property FileName=""/>
         <property StyleSheetClass=""/>
         <property Height="50"/>
         <property Width="510"/>
      </widget>
      <widget>
         <property ID="uctConsumable5"/>
         <property ObjectType="UserControl"/>
         <property UserControl="UCT-CONSUMABLE"/>
         <property XPos="1025"/>
         <property YPos="590"/>
         <property Visible="true"/>
         <property Menu=""/>
         <property Enable="true"/>
         <property MenuItem=""/>
         <property Moveable="true"/>
         <property Sizeable="true"/>
         <property ToolTipEnable="true"/>
         <property ToolTip=""/>
         <property FileName=""/>
         <property StyleSheetClass=""/>
         <property Height="50"/>
         <property Width="510"/>
      </widget>
      <widget>
         <property ID="uctConsumable6"/>
         <property ObjectType="UserControl"/>
         <property UserControl="UCT-CONSUMABLE"/>
         <property XPos="1025"/>
         <property YPos="640"/>
         <property Visible="true"/>
         <property Menu=""/>
         <property Enable="true"/>
         <property MenuItem=""/>
         <property Moveable="true"/>
         <property Sizeable="true"/>
         <property ToolTipEnable="true"/>
         <property ToolTip=""/>
         <property FileName=""/>
         <property StyleSheetClass=""/>
         <property Height="50"/>
         <property Width="510"/>
      </widget>
      <widget>
         <property ID="uctConsumable7"/>
         <property ObjectType="UserControl"/>
         <property UserControl="UCT-CONSUMABLE"/>
         <property XPos="1025"/>
         <property YPos="690"/>
         <property Visible="true"/>
         <property Menu=""/>
         <property Enable="true"/>
         <property MenuItem=""/>
         <property Moveable="true"/>
         <property Sizeable="true"/>
         <property ToolTipEnable="true"/>
         <property ToolTip=""/>
         <property FileName=""/>
         <property StyleSheetClass=""/>
         <property Height="50"/>
         <property Width="510"/>
      </widget>
      <widget>
         <property ID="uctConsumable8"/>
         <property ObjectType="UserControl"/>
         <property UserControl="UCT-CONSUMABLE"/>
         <property XPos="1025"/>
         <property YPos="740"/>
         <property Visible="true"/>
         <property Menu=""/>
         <property Enable="true"/>
         <property MenuItem=""/>
         <property Moveable="true"/>
         <property Sizeable="true"/>
         <property ToolTipEnable="true"/>
         <property ToolTip=""/>
         <property FileName=""/>
         <property StyleSheetClass=""/>
         <property Height="50"/>
         <property Width="510"/>
      </widget>
      <widget>
         <property ID="uctConsumable9"/>
         <property ObjectType="UserControl"/>
         <property UserControl="UCT-CONSUMABLE"/>
         <property XPos="1025"/>
         <property YPos="790"/>
         <property Visible="true"/>
         <property Menu=""/>
         <property Enable="true"/>
         <property MenuItem=""/>
         <property Moveable="true"/>
         <property Sizeable="true"/>
         <property ToolTipEnable="true"/>
         <property ToolTip=""/>
         <property FileName=""/>
         <property StyleSheetClass=""/>
         <property Height="50"/>
         <property Width="510"/>
      </widget>
   </widget>
</SUI>
