<?xml version="1.0" encoding="UTF-8"?>
<SUI>
    <property SUICoreVersion="2.0.0"/>
    <property SUIEditorVersion="1.8.0"/>
    <property SUIObjectFactory="SUI Object factory"/>
    <property Height="908"/>
    <property SUIStylesheet="SourceGUI"/>
    <property Width="1230"/>
    <property SUIVersion="2.0"/>
    <property SUIName="Dashboard"/>
    <property SUIDescription="Dashboard"/>
    <property HasBottomButtonBar="false"/>
    <property HasRightButtonBar="false"/>
    <property HasStatusBar="false"/>
    <widget>
        <property ID="wpg1"/>
        <property ObjectType="WidgetPage"/>
        <property UserControl=""/>
        <property XPos="4"/>
        <property YPos="4"/>
        <property Visible="true"/>
        <property Menu=""/>
        <property Enable="true"/>
        <property MenuItem=""/>
        <property Moveable="false"/>
        <property Sizeable="false"/>
        <property ToolTipEnable="true"/>
        <property ToolTip=""/>
        <property StyleSheetClass=""/>
        <property Height="896"/>
        <property Width="1230"/>
        <widget>
            <property ID="tawKPI"/>
            <property ObjectType="TableWidget"/>
            <property XPos="250"/>
            <property YPos="100"/>
            <property Menu=""/>
            <property MenuItem=""/>
            <property Visible="true"/>
            <property StyleSheetClass=""/>
            <property Enable="true"/>
            <property Moveable="true"/>
            <property Sizeable="true"/>
            <property ColumnCount="4"/>
            <property RowCount="1"/>
            <property ColumnWidths="0,250;1,100;2,200;3,100"/>
            <property ListViewMode="false"/>
            <property BorderWidth="3"/>
            <property BorderOn="false"/>
            <property ToolTipEnable="true"/>
            <property ToolTip=""/>
            <property MultipleRowSelection="false"/>
            <property HeadersOn="false"/>
            <property HorizonHeaderTags=""/>
            <property VerticalHeaderTags=""/>
            <property UserControl=""/>
            <property TabOrder="0"/>
            <property Height="556"/>
            <property Width="700"/>
            <widget>
                <property ID="twi-tawKPI:1-1"/>
                <property ObjectType="TableWidgetItem"/>
                <property XPos="0"/>
                <property YPos="0"/>
                <property Menu=""/>
                <property CellName=""/>
                <property MenuItem=""/>
                <property Visible="true"/>
                <property StyleSheetClass=""/>
                <property Enable="true"/>
                <property Moveable="false"/>
                <property Sizeable="false"/>
                <property Bold="false"/>
                <property BorderWidth="3"/>
                <property BorderOn="false"/>
                <property ToolTipEnable="true"/>
                <property ToolTip=""/>
                <property Text="KPI NAME"/>
                <property Alignment="Center"/>
                <property UserControl=""/>
                <property Height="0:200"/>
                <property Width="0:200"/>
            </widget>
            <widget>
                <property ID="twi-tawKPI:1-2"/>
                <property ObjectType="TableWidgetItem"/>
                <property XPos="0"/>
                <property YPos="0"/>
                <property Menu=""/>
                <property CellName=""/>
                <property MenuItem=""/>
                <property Visible="true"/>
                <property StyleSheetClass=""/>
                <property Enable="true"/>
                <property Moveable="false"/>
                <property Sizeable="false"/>
                <property Bold="false"/>
                <property BorderWidth="3"/>
                <property BorderOn="false"/>
                <property ToolTipEnable="true"/>
                <property ToolTip=""/>
                <property Text="VALUE NAME"/>
                <property Alignment="Center"/>
                <property UserControl=""/>
                <property Height="0:200"/>
                <property Width="0:200"/>
            </widget>
            <widget>
                <property ID="twi-tawKPI:1-3"/>
                <property ObjectType="TableWidgetItem"/>
                <property XPos="0"/>
                <property YPos="0"/>
                <property Menu=""/>
                <property CellName=""/>
                <property MenuItem=""/>
                <property Visible="true"/>
                <property StyleSheetClass=""/>
                <property Enable="true"/>
                <property Moveable="false"/>
                <property Sizeable="false"/>
                <property Bold="false"/>
                <property BorderWidth="3"/>
                <property BorderOn="false"/>
                <property ToolTipEnable="true"/>
                <property ToolTip=""/>
                <property Text="CURRENT VALUE"/>
                <property Alignment="Center"/>
                <property UserControl=""/>
                <property Height="0:200"/>
                <property Width="0:200"/>
            </widget>
            <widget>
                <property ID="twi-tawKPI:1-4"/>
                <property ObjectType="TableWidgetItem"/>
                <property XPos="0"/>
                <property YPos="0"/>
                <property Menu=""/>
                <property CellName=""/>
                <property MenuItem=""/>
                <property Visible="true"/>
                <property StyleSheetClass=""/>
                <property Enable="true"/>
                <property Moveable="false"/>
                <property Sizeable="false"/>
                <property Bold="false"/>
                <property BorderWidth="3"/>
                <property BorderOn="false"/>
                <property ToolTipEnable="true"/>
                <property ToolTip=""/>
                <property Text=""/>
                <property Alignment="Center"/>
                <property UserControl=""/>
                <property Height="0:200"/>
                <property Width="0:200"/>
            </widget>
        </widget>
    </widget>
</SUI>
