<?xml version="1.0" encoding="UTF-8"?>
<SUI>
    <property SUICoreVersion="2.0.0"/>
    <property SUIEditorVersion="1.8.0"/>
    <property SUIObjectFactory="SUI Object factory"/>
    <property Height="768"/>
    <property SUIStylesheet="ADT"/>
    <property Width="1600"/>
    <property SUIVersion="2.0"/>
    <property SUIName="Example SUI"/>
    <property SUIDescription="Example SUI"/>
    <property HasBottomButtonBar="false"/>
    <property HasRightButtonBar="false"/>
    <property HasStatusBar="false"/>
     <widget>
            <property ID="tbp2"/>
            <property ObjectType="TabPage"/>
            <property XPos="6"/>
            <property YPos="36"/>
            <property Menu=""/>
            <property MenuItem=""/>
            <property Visible="true"/>
            <property StyleSheetClass=""/>
            <property Enable="true"/>
            <property Moveable="false"/>
            <property Sizeable="false"/>
            <property ToolTipEnable="true"/>
            <property ToolTip=""/>
            <property ImageData=""/>
            <property Text="Default"/>
            <property UserControl=""/>
            <property Height="714"/>
            <property Width="1600"/>
            <widget>
                <property ID="btnSeverity"/>
                <property ObjectType="Button"/>
                <property XPos="17"/>
                <property YPos="44"/>
                <property Menu=""/>
                <property MenuItem=""/>
                <property Visible="true"/>
                <property StyleSheetClass="headingalerttable"/>
                <property Enable="false"/>
                <property Moveable="true"/>
                <property Sizeable="true"/>
                <property Bold="false"/>
                <property ToolTipEnable="true"/>
                <property ToolTip=""/>
                <property ImageData=""/>
                <property ImageDataPressed=""/>
                <property Text="SEVERITY"/>
                <property Alignment="Left"/>
                <property UserControl=""/>
                <property TabOrder="2"/>
                <property Height="30"/>
                <property Width="123"/>
            </widget>
            <widget>
                <property ID="btnCode"/>
                <property ObjectType="Button"/>
                <property XPos="140"/>
                <property YPos="44"/>
                <property Menu=""/>
                <property MenuItem=""/>
                <property Visible="true"/>
                <property StyleSheetClass="headingalerttable"/>
                <property Enable="true"/>
                <property Moveable="true"/>
                <property Sizeable="true"/>
                <property Bold="false"/>
                <property ToolTipEnable="true"/>
                <property ToolTip=""/>
                <property ImageData=""/>
                <property ImageDataPressed=""/>
                <property Text="CODE"/>
                <property Alignment="Left"/>
                <property UserControl=""/>
                <property TabOrder="3"/>
                <property Height="30"/>
                <property Width="96"/>
            </widget>
            <widget>
                <property ID="btnMessage"/>
                <property ObjectType="Button"/>
                <property XPos="225"/>
                <property YPos="44"/>
                <property Menu=""/>
                <property MenuItem=""/>
                <property Visible="true"/>
                <property StyleSheetClass="headingalerttable"/>
                <property Enable="true"/>
                <property Moveable="true"/>
                <property Sizeable="true"/>
                <property Bold="false"/>
                <property ToolTipEnable="true"/>
                <property ToolTip=""/>
                <property ImageData=""/>
                <property ImageDataPressed=""/>
                <property Text="MESSAGE"/>
                <property Alignment="Left"/>
                <property UserControl=""/>
                <property TabOrder="4"/>
                <property Height="30"/>
                <property Width="848"/>
            </widget>
            <widget>
                <property ID="btnTimeReported"/>
                <property ObjectType="Button"/>
                <property XPos="1073"/>
                <property YPos="44"/>
                <property Menu=""/>
                <property MenuItem=""/>
                <property Visible="true"/>
                <property StyleSheetClass="headingalerttable"/>
                <property Enable="true"/>
                <property Moveable="true"/>
                <property Sizeable="true"/>
                <property Bold="false"/>
                <property ToolTipEnable="true"/>
                <property ToolTip=""/>
                <property ImageData=""/>
                <property ImageDataPressed=""/>
                <property Text="TIME REPORTED"/>
                <property Alignment="Left"/>
                <property UserControl=""/>
                <property TabOrder="5"/>
                <property Height="30"/>
                <property Width="256"/>
            </widget>
            <widget>
                <property ID="tawAlert"/>
                <property ObjectType="TableWidget"/>
                <property XPos="17"/>
                <property YPos="79"/>
                <property Menu=""/>
                <property MenuItem=""/>
                <property Visible="true"/>
                <property StyleSheetClass="alerttable"/>
                <property Enable="true"/>
                <property Moveable="true"/>
                <property Sizeable="true"/>
                <property RowHeights="0,40;1,40;2,40;3,40;4,40;5,60;6,40;7,40;8,40;9,40;10,40;11,40;12,40;13,40;14,40"/>
                <property ColumnCount="5"/>
                <property RowCount="15"/>
                <property ColumnWidths="0,122;1,88;2,850;3,170;4,80"/>
                <property ListViewMode="false"/>
                <property BorderWidth="1"/>
                <property BorderOn="false"/>
                <property ToolTipEnable="true"/>
                <property ToolTip=""/>
                <property MultipleRowSelection="false"/>
                <property HeadersOn="false"/>
                <property HorizonHeaderTags="&lt;SEVERITY&gt;"/>
                <property VerticalHeaderTags=""/>
                <property UserControl=""/>
                <property TabOrder="0"/>
                <property Height="720"/>
                <property Width="1350"/>
                <widget>
                    <property ID="btn-tawAlert:1-1"/>
                    <property ObjectType="Button"/>
                    <property XPos="0"/>
                    <property YPos="0"/>
                    <property Menu=""/>
                    <property CellName=""/>
                    <property MenuItem=""/>
                    <property Visible="true"/>
                    <property StyleSheetClass=""/>
                    <property Enable="true"/>
                    <property Moveable="false"/>
                    <property Sizeable="false"/>
                    <property Bold="false"/>
                    <property CellAlignment="stretch"/>
                    <property ToolTipEnable="true"/>
                    <property ToolTip=""/>
                    <property ImageData=""/>
                    <property ImageDataPressed=""/>
                    <property Text="  Alarm"/>
                    <property Alignment="Right"/>>
                    <property UserControl=""/>
                    <property TabOrder="1"/>
                    <property Height="30"/>
                    <property Width="200"/>
                </widget>
                <widget>
                    <property ID="twi-taw29:1-2"/>
                    <property ObjectType="TableWidgetItem"/>
                    <property XPos="0"/>
                    <property YPos="0"/>
                    <property Menu=""/>
                    <property CellName=""/>
                    <property MenuItem=""/>
                    <property Visible="true"/>
                    <property StyleSheetClass=""/>
                    <property Enable="true"/>
                    <property Moveable="false"/>
                    <property Sizeable="false"/>
                    <property FontSize="Normal"/>
                    <property Bold="false"/>
                    <property CellAlignment="stretch"/>
                    <property BorderWidth="3"/>
                    <property BorderOn="false"/>
                    <property ToolTipEnable="true"/>
                    <property ToolTip=""/>
                    <property Text="ABC-1234"/>
                    <property Alignment="left"/>
                    <property UserControl=""/>
                    <property Height="0:200"/>
                    <property Width="0:200"/>
                </widget>
                <widget>
                    <property ID="twi-taw29:1-3"/>
                    <property ObjectType="TableWidgetItem"/>
                    <property XPos="0"/>
                    <property YPos="0"/>
                    <property Menu=""/>
                    <property CellName=""/>
                    <property MenuItem=""/>
                    <property Visible="true"/>
                    <property StyleSheetClass=""/>
                    <property Enable="true"/>
                    <property Moveable="false"/>
                    <property Sizeable="false"/>
                    <property FontSize="Normal"/>
                    <property Bold="false"/>
                    <property CellAlignment="stretch"/>
                    <property BorderWidth="3"/>
                    <property BorderOn="false"/>
                    <property ToolTipEnable="true"/>
                    <property ToolTip=""/>
                    <property Text="This is an alarm message"/>
                    <property Alignment="left"/>
                    <property UserControl=""/>
                    <property Height="0:200"/>
                    <property Width="90"/>
                </widget>
                <widget>
                    <property ID="twi-taw29:1-4"/>
                    <property ObjectType="TableWidgetItem"/>
                    <property XPos="0"/>
                    <property YPos="0"/>
                    <property Menu=""/>
                    <property CellName=""/>
                    <property MenuItem=""/>
                    <property Visible="true"/>
                    <property StyleSheetClass=""/>
                    <property Enable="true"/>
                    <property Moveable="false"/>
                    <property Sizeable="false"/>
                    <property FontSize="Normal"/>
                    <property Bold="false"/>
                    <property CellAlignment="stretch"/>
                    <property BorderWidth="3"/>
                    <property BorderOn="false"/>
                    <property ToolTipEnable="true"/>
                    <property ToolTip=""/>
                    <property Text="2017-04-24  09:01:00"/>
                    <property Alignment="left"/>
                    <property UserControl=""/>
                    <property Height="0:200"/>
                    <property Width="0:300"/>
                </widget>

                <widget>
                    <property ID="btn-taw29:1-5"/>
                    <property ObjectType="Button"/>
                    <property XPos="0"/>
                    <property YPos="2"/>
                    <property Menu=""/>
                    <property CellName=""/>
                    <property MenuItem=""/>
                    <property Visible="true"/>
                    <property StyleSheetClass="newbutton"/>
                    <property Enable="true"/>
                    <property Moveable="false"/>
                    <property Sizeable="false"/>
                    <property Bold="false"/>
                    <property CellAlignment="stretch"/>
                    <property ToolTipEnable="true"/>
                    <property ToolTip=""/>
                    <property ImageData=""/>
                    <property ImageDataPressed=""/>
                    <property Text="NEW"/>
                    <property Alignment="center"/>
                    <property UserControl=""/>
                    <property TabOrder="1"/>
                    <property Height="30"/>
                    <property Width="40"/>
                </widget>
                <widget>
                    <property ID="twi-taw29:2-1"/>
                    <property ObjectType="TableWidgetItem"/>
                    <property XPos="0"/>
                    <property YPos="0"/>
                    <property Menu=""/>
                    <property CellName=""/>
                    <property MenuItem=""/>
                    <property Visible="true"/>
                    <property StyleSheetClass=""/>
                    <property Enable="true"/>
                    <property Moveable="false"/>
                    <property Sizeable="false"/>
                    <property FontSize="Normal"/>
                    <property Bold="false"/>
                    <property CellAlignment="stretch"/>
                    <property BorderWidth="3"/>
                    <property BorderOn="false"/>
                    <property ToolTipEnable="true"/>
                    <property ToolTip=""/>
                    <property Text="Alarm"/>
                    <property Alignment="left"/>
                    <property UserControl=""/>
                    <property Height="0:200"/>
                    <property Width="0:200"/>
                </widget>
                <widget>
                    <property ID="twi-taw29:2-2"/>
                    <property ObjectType="TableWidgetItem"/>
                    <property XPos="0"/>
                    <property YPos="0"/>
                    <property Menu=""/>
                    <property CellName=""/>
                    <property MenuItem=""/>
                    <property Visible="true"/>
                    <property StyleSheetClass=""/>
                    <property Enable="true"/>
                    <property Moveable="false"/>
                    <property Sizeable="false"/>
                    <property FontSize="Normal"/>
                    <property Bold="false"/>
                    <property CellAlignment="stretch"/>
                    <property BorderWidth="3"/>
                    <property BorderOn="false"/>
                    <property ToolTipEnable="true"/>
                    <property ToolTip=""/>
                    <property Text="ABC-1234"/>
                    <property Alignment="left"/>
                    <property UserControl=""/>
                    <property Height="0:200"/>
                    <property Width="0:200"/>
                </widget>
                <widget>
                    <property ID="twi-taw29:2-3"/>
                    <property ObjectType="TableWidgetItem"/>
                    <property XPos="0"/>
                    <property YPos="0"/>
                    <property Menu=""/>
                    <property CellName=""/>
                    <property MenuItem=""/>
                    <property Visible="true"/>
                    <property StyleSheetClass=""/>
                    <property Enable="true"/>
                    <property Moveable="false"/>
                    <property Sizeable="false"/>
                    <property FontSize="Normal"/>
                    <property Bold="false"/>
                    <property CellAlignment="stretch"/>
                    <property BorderWidth="3"/>
                    <property BorderOn="false"/>
                    <property ToolTipEnable="true"/>
                    <property ToolTip=""/>
                    <property Text="This is an alarm message"/>
                    <property Alignment="left"/>
                    <property UserControl=""/>
                    <property Height="0:200"/>
                    <property Width="0:200"/>
                </widget>
                <widget>
                    <property ID="twi-taw29:2-4"/>
                    <property ObjectType="TableWidgetItem"/>
                    <property XPos="0"/>
                    <property YPos="0"/>
                    <property Menu=""/>
                    <property CellName=""/>
                    <property MenuItem=""/>
                    <property Visible="true"/>
                    <property StyleSheetClass=""/>
                    <property Enable="true"/>
                    <property Moveable="false"/>
                    <property Sizeable="false"/>
                    <property FontSize="Normal"/>
                    <property Bold="false"/>
                    <property CellAlignment="stretch"/>
                    <property BorderWidth="3"/>
                    <property BorderOn="false"/>
                    <property ToolTipEnable="true"/>
                    <property ToolTip=""/>
                    <property Text="2017-04-24  09:01:00"/>
                    <property Alignment="left"/>
                    <property UserControl=""/>
                    <property Height="0:200"/>
                    <property Width="0:200"/>
                </widget>
                <widget>
                    <property ID="twi-taw29:2-5"/>
                    <property ObjectType="TableWidgetItem"/>
                    <property XPos="0"/>
                    <property YPos="0"/>
                    <property Menu=""/>
                    <property CellName=""/>
                    <property MenuItem=""/>
                    <property Visible="true"/>
                    <property StyleSheetClass=""/>
                    <property Enable="true"/>
                    <property Moveable="false"/>
                    <property Sizeable="false"/>
                    <property FontSize="Normal"/>
                    <property Bold="false"/>
                    <property CellAlignment="stretch"/>
                    <property BorderWidth="3"/>
                    <property BorderOn="false"/>
                    <property ToolTipEnable="true"/>
                    <property ToolTip=""/>
                    <property Text=""/>
                    <property Alignment="left"/>
                    <property UserControl=""/>
                    <property Height="0:200"/>
                    <property Width="0:200"/>
                </widget>
                <widget>
                    <property ID="twi-taw29:3-1"/>
                    <property ObjectType="TableWidgetItem"/>
                    <property XPos="0"/>
                    <property YPos="0"/>
                    <property Menu=""/>
                    <property CellName=""/>
                    <property MenuItem=""/>
                    <property Visible="true"/>
                    <property StyleSheetClass=""/>
                    <property Enable="true"/>
                    <property Moveable="false"/>
                    <property Sizeable="false"/>
                    <property FontSize="Normal"/>
                    <property Bold="false"/>
                    <property CellAlignment="stretch"/>
                    <property BorderWidth="3"/>
                    <property BorderOn="false"/>
                    <property ToolTipEnable="true"/>
                    <property ToolTip=""/>
                    <property Text="Warning"/>
                    <property Alignment="left"/>
                    <property UserControl=""/>
                    <property Height="0:200"/>
                    <property Width="0:200"/>
                </widget>
                <widget>
                    <property ID="twi-taw29:3-2"/>
                    <property ObjectType="TableWidgetItem"/>
                    <property XPos="0"/>
                    <property YPos="0"/>
                    <property Menu=""/>
                    <property CellName=""/>
                    <property MenuItem=""/>
                    <property Visible="true"/>
                    <property StyleSheetClass=""/>
                    <property Enable="true"/>
                    <property Moveable="false"/>
                    <property Sizeable="false"/>
                    <property FontSize="Normal"/>
                    <property Bold="false"/>
                    <property CellAlignment="stretch"/>
                    <property BorderWidth="3"/>
                    <property BorderOn="false"/>
                    <property ToolTipEnable="true"/>
                    <property ToolTip=""/>
                    <property Text="ABC-1234"/>
                    <property Alignment="left"/>
                    <property UserControl=""/>
                    <property Height="0:200"/>
                    <property Width="0:200"/>
                </widget>
                <widget>
                    <property ID="twi-taw29:3-3"/>
                    <property ObjectType="TableWidgetItem"/>
                    <property XPos="0"/>
                    <property YPos="0"/>
                    <property Menu=""/>
                    <property CellName=""/>
                    <property MenuItem=""/>
                    <property Visible="true"/>
                    <property StyleSheetClass=""/>
                    <property Enable="true"/>
                    <property Moveable="false"/>
                    <property Sizeable="false"/>
                    <property FontSize="Normal"/>
                    <property Bold="false"/>
                    <property CellAlignment="stretch"/>
                    <property BorderWidth="3"/>
                    <property BorderOn="false"/>
                    <property ToolTipEnable="true"/>
                    <property ToolTip=""/>
                    <property Text="The catcher is running full. Estimated running time :12 hours"/>
                    <property Alignment="left"/>
                    <property UserControl=""/>
                    <property Height="0:200"/>
                    <property Width="0:200"/>
                </widget>
                <widget>
                    <property ID="twi-taw29:3-4"/>
                    <property ObjectType="TableWidgetItem"/>
                    <property XPos="0"/>
                    <property YPos="0"/>
                    <property Menu=""/>
                    <property CellName=""/>
                    <property MenuItem=""/>
                    <property Visible="true"/>
                    <property StyleSheetClass=""/>
                    <property Enable="true"/>
                    <property Moveable="false"/>
                    <property Sizeable="false"/>
                    <property FontSize="Normal"/>
                    <property Bold="false"/>
                    <property CellAlignment="stretch"/>
                    <property BorderWidth="3"/>
                    <property BorderOn="false"/>
                    <property ToolTipEnable="true"/>
                    <property ToolTip=""/>
                    <property Text="2017-04-20  09:01:00"/>
                    <property Alignment="left"/>
                    <property UserControl=""/>
                    <property Height="0:200"/>
                    <property Width="0:200"/>
                </widget>
                <widget>
                    <property ID="twi-taw29:3-5"/>
                    <property ObjectType="TableWidgetItem"/>
                    <property XPos="0"/>
                    <property YPos="0"/>
                    <property Menu=""/>
                    <property CellName=""/>
                    <property MenuItem=""/>
                    <property Visible="true"/>
                    <property StyleSheetClass=""/>
                    <property Enable="true"/>
                    <property Moveable="false"/>
                    <property Sizeable="false"/>
                    <property FontSize="Normal"/>
                    <property Bold="false"/>
                    <property CellAlignment="stretch"/>
                    <property BorderWidth="3"/>
                    <property BorderOn="false"/>
                    <property ToolTipEnable="true"/>
                    <property ToolTip=""/>
                    <property Text="NEW"/>
                    <property Alignment="left"/>
                    <property UserControl=""/>
                    <property Height="0:200"/>
                    <property Width="0:200"/>
                </widget>
                <widget>
                    <property ID="twi-taw29:4-1"/>
                    <property ObjectType="TableWidgetItem"/>
                    <property XPos="0"/>
                    <property YPos="0"/>
                    <property Menu=""/>
                    <property CellName=""/>
                    <property MenuItem=""/>
                    <property Visible="true"/>
                    <property StyleSheetClass=""/>
                    <property Enable="true"/>
                    <property Moveable="false"/>
                    <property Sizeable="false"/>
                    <property FontSize="Normal"/>
                    <property Bold="false"/>
                    <property CellAlignment="stretch"/>
                    <property BorderWidth="3"/>
                    <property BorderOn="false"/>
                    <property ToolTipEnable="true"/>
                    <property ToolTip=""/>
                    <property Text="Error"/>
                    <property Alignment="left"/>
                    <property UserControl=""/>
                    <property Height="0:200"/>
                    <property Width="0:200"/>
                </widget>
                <widget>
                    <property ID="twi-taw29:4-2"/>
                    <property ObjectType="TableWidgetItem"/>
                    <property XPos="0"/>
                    <property YPos="0"/>
                    <property Menu=""/>
                    <property CellName=""/>
                    <property MenuItem=""/>
                    <property Visible="true"/>
                    <property StyleSheetClass=""/>
                    <property Enable="true"/>
                    <property Moveable="false"/>
                    <property Sizeable="false"/>
                    <property FontSize="Normal"/>
                    <property Bold="false"/>
                    <property CellAlignment="stretch"/>
                    <property BorderWidth="3"/>
                    <property BorderOn="false"/>
                    <property ToolTipEnable="true"/>
                    <property ToolTip=""/>
                    <property Text="ABC-1234"/>
                    <property Alignment="left"/>
                    <property UserControl=""/>
                    <property Height="0:200"/>
                    <property Width="0:200"/>
                </widget>
                <widget>
                    <property ID="twi-taw29:4-3"/>
                    <property ObjectType="TableWidgetItem"/>
                    <property XPos="0"/>
                    <property YPos="0"/>
                    <property Menu=""/>
                    <property CellName=""/>
                    <property MenuItem=""/>
                    <property Visible="true"/>
                    <property StyleSheetClass=""/>
                    <property Enable="true"/>
                    <property Moveable="false"/>
                    <property Sizeable="false"/>
                    <property FontSize="Normal"/>
                    <property Bold="false"/>
                    <property CellAlignment="stretch"/>
                    <property BorderWidth="3"/>
                    <property BorderOn="false"/>
                    <property ToolTipEnable="true"/>
                    <property ToolTip=""/>
                    <property Text="Disk space is full"/>
                    <property Alignment="left"/>
                    <property UserControl=""/>
                    <property Height="0:200"/>
                    <property Width="0:200"/>
                </widget>
                <widget>
                    <property ID="twi-taw29:4-4"/>
                    <property ObjectType="TableWidgetItem"/>
                    <property XPos="0"/>
                    <property YPos="0"/>
                    <property Menu=""/>
                    <property CellName=""/>
                    <property MenuItem=""/>
                    <property Visible="true"/>
                    <property StyleSheetClass=""/>
                    <property Enable="true"/>
                    <property Moveable="false"/>
                    <property Sizeable="false"/>
                    <property FontSize="Normal"/>
                    <property Bold="false"/>
                    <property CellAlignment="stretch"/>
                    <property BorderWidth="3"/>
                    <property BorderOn="false"/>
                    <property ToolTipEnable="true"/>
                    <property ToolTip=""/>
                    <property Text="2017-04-20  09:01:00"/>
                    <property Alignment="left"/>
                    <property UserControl=""/>
                    <property Height="0:200"/>
                    <property Width="0:200"/>
                </widget>
                <widget>
                    <property ID="twi-taw29:4-5"/>
                    <property ObjectType="TableWidgetItem"/>
                    <property XPos="0"/>
                    <property YPos="0"/>
                    <property Menu=""/>
                    <property CellName=""/>
                    <property MenuItem=""/>
                    <property Visible="true"/>
                    <property StyleSheetClass=""/>
                    <property Enable="true"/>
                    <property Moveable="false"/>
                    <property Sizeable="false"/>
                    <property FontSize="Normal"/>
                    <property Bold="false"/>
                    <property CellAlignment="stretch"/>
                    <property BorderWidth="3"/>
                    <property BorderOn="false"/>
                    <property ToolTipEnable="true"/>
                    <property ToolTip=""/>
                    <property Text=""/>
                    <property Alignment="left"/>
                    <property UserControl=""/>
                    <property Height="0:200"/>
                    <property Width="0:200"/>
                </widget>
                <widget>
                    <property ID="twi-taw29:5-1"/>
                    <property ObjectType="TableWidgetItem"/>
                    <property XPos="0"/>
                    <property YPos="0"/>
                    <property Menu=""/>
                    <property CellName=""/>
                    <property MenuItem=""/>
                    <property Visible="true"/>
                    <property StyleSheetClass=""/>
                    <property Enable="true"/>
                    <property Moveable="false"/>
                    <property Sizeable="false"/>
                    <property FontSize="Normal"/>
                    <property Bold="false"/>
                    <property CellAlignment="stretch"/>
                    <property BorderWidth="3"/>
                    <property BorderOn="false"/>
                    <property ToolTipEnable="true"/>
                    <property ToolTip=""/>
                    <property Text="Warning"/>
                    <property Alignment="left"/>
                    <property UserControl=""/>
                    <property Height="0:200"/>
                    <property Width="0:200"/>
                </widget>
                <widget>
                    <property ID="twi-taw29:5-2"/>
                    <property ObjectType="TableWidgetItem"/>
                    <property XPos="0"/>
                    <property YPos="0"/>
                    <property Menu=""/>
                    <property CellName=""/>
                    <property MenuItem=""/>
                    <property Visible="true"/>
                    <property StyleSheetClass=""/>
                    <property Enable="true"/>
                    <property Moveable="false"/>
                    <property Sizeable="false"/>
                    <property FontSize="Normal"/>
                    <property Bold="false"/>
                    <property CellAlignment="stretch"/>
                    <property BorderWidth="3"/>
                    <property BorderOn="false"/>
                    <property ToolTipEnable="true"/>
                    <property ToolTip=""/>
                    <property Text="ABC-1234"/>
                    <property Alignment="left"/>
                    <property UserControl=""/>
                    <property Height="0:200"/>
                    <property Width="0:200"/>
                </widget>
                <widget>
                    <property ID="twi-taw29:5-3"/>
                    <property ObjectType="TableWidgetItem"/>
                    <property XPos="0"/>
                    <property YPos="0"/>
                    <property Menu=""/>
                    <property CellName=""/>
                    <property MenuItem=""/>
                    <property Visible="true"/>
                    <property StyleSheetClass=""/>
                    <property Enable="true"/>
                    <property Moveable="false"/>
                    <property Sizeable="false"/>
                    <property FontSize="Normal"/>
                    <property Bold="false"/>
                    <property CellAlignment="stretch"/>
                    <property BorderWidth="3"/>
                    <property BorderOn="false"/>
                    <property ToolTipEnable="true"/>
                    <property ToolTip=""/>
                    <property Text="This is another warning"/>
                    <property Alignment="left"/>
                    <property UserControl=""/>
                    <property Height="0:200"/>
                    <property Width="0:200"/>
                </widget>
                <widget>
                    <property ID="twi-taw29:5-4"/>
                    <property ObjectType="TableWidgetItem"/>
                    <property XPos="0"/>
                    <property YPos="0"/>
                    <property Menu=""/>
                    <property CellName=""/>
                    <property MenuItem=""/>
                    <property Visible="true"/>
                    <property StyleSheetClass=""/>
                    <property Enable="true"/>
                    <property Moveable="false"/>
                    <property Sizeable="false"/>
                    <property FontSize="Normal"/>
                    <property Bold="false"/>
                    <property CellAlignment="stretch"/>
                    <property BorderWidth="3"/>
                    <property BorderOn="false"/>
                    <property ToolTipEnable="true"/>
                    <property ToolTip=""/>
                    <property Text="2017-04-20  09:01:00"/>
                    <property Alignment="left"/>
                    <property UserControl=""/>
                    <property Height="0:200"/>
                    <property Width="0:200"/>
                </widget>
                <widget>
                    <property ID="twi-taw29:5-5"/>
                    <property ObjectType="TableWidgetItem"/>
                    <property XPos="0"/>
                    <property YPos="0"/>
                    <property Menu=""/>
                    <property CellName=""/>
                    <property MenuItem=""/>
                    <property Visible="true"/>
                    <property StyleSheetClass=""/>
                    <property Enable="true"/>
                    <property Moveable="false"/>
                    <property Sizeable="false"/>
                    <property FontSize="Normal"/>
                    <property Bold="false"/>
                    <property CellAlignment="stretch"/>
                    <property BorderWidth="3"/>
                    <property BorderOn="false"/>
                    <property ToolTipEnable="true"/>
                    <property ToolTip=""/>
                    <property Text="NEW"/>
                    <property Alignment="left"/>
                    <property UserControl=""/>
                    <property Height="0:200"/>
                    <property Width="0:200"/>
                </widget>
                <widget>
                    <property ID="twi-taw29:6-1"/>
                    <property ObjectType="TableWidgetItem"/>
                    <property XPos="0"/>
                    <property YPos="0"/>
                    <property Menu=""/>
                    <property CellName=""/>
                    <property MenuItem=""/>
                    <property Visible="true"/>
                    <property StyleSheetClass=""/>
                    <property Enable="true"/>
                    <property Moveable="false"/>
                    <property Sizeable="false"/>
                    <property FontSize="Normal"/>
                    <property Bold="false"/>
                    <property CellAlignment="stretch"/>
                    <property BorderWidth="3"/>
                    <property BorderOn="false"/>
                    <property ToolTipEnable="true"/>
                    <property ToolTip=""/>
                    <property Text="Warning"/>
                    <property Alignment="left"/>
                    <property UserControl=""/>
                    <property Height="0:200"/>
                    <property Width="0:200"/>
                </widget>
                <widget>
                    <property ID="twi-taw29:6-2"/>
                    <property ObjectType="TableWidgetItem"/>
                    <property XPos="0"/>
                    <property YPos="0"/>
                    <property Menu=""/>
                    <property CellName=""/>
                    <property MenuItem=""/>
                    <property Visible="true"/>
                    <property StyleSheetClass=""/>
                    <property Enable="true"/>
                    <property Moveable="false"/>
                    <property Sizeable="false"/>
                    <property FontSize="Normal"/>
                    <property Bold="false"/>
                    <property CellAlignment="stretch"/>
                    <property BorderWidth="3"/>
                    <property BorderOn="false"/>
                    <property ToolTipEnable="true"/>
                    <property ToolTip=""/>
                    <property Text="ABC-1234"/>
                    <property Alignment="left"/>
                    <property UserControl=""/>
                    <property Height="0:200"/>
                    <property Width="0:200"/>
                </widget>
                <widget>
                    <property ID="twi-taw29:6-3"/>
                    <property ObjectType="TableWidgetItem"/>
                    <property XPos="0"/>
                    <property YPos="0"/>
                    <property Menu=""/>
                    <property CellName=""/>
                    <property MenuItem=""/>
                    <property Visible="true"/>
                    <property StyleSheetClass=""/>
                    <property Enable="true"/>
                    <property Moveable="false"/>
                    <property Sizeable="false"/>
                    <property FontSize="Normal"/>
                    <property Bold="false"/>
                    <property CellAlignment="stretch"/>
                    <property BorderWidth="3"/>
                    <property BorderOn="false"/>
                    <property ToolTipEnable="true"/>
                    <property ToolTip=""/>
                    <property Text="Docking body hardware, inconsistent with CM config. --------- ------- ------- ----- ------ ------- ------ ------ ----- ------ ------ ------"/>
                    <property Alignment="left"/>
                    <property UserControl=""/>
                    <property Height="0:200"/>
                    <property Width="0:200"/>
                </widget>
                <widget>
                    <property ID="twi-taw29:6-4"/>
                    <property ObjectType="TableWidgetItem"/>
                    <property XPos="0"/>
                    <property YPos="0"/>
                    <property Menu=""/>
                    <property CellName=""/>
                    <property MenuItem=""/>
                    <property Visible="true"/>
                    <property StyleSheetClass=""/>
                    <property Enable="true"/>
                    <property Moveable="false"/>
                    <property Sizeable="false"/>
                    <property FontSize="Normal"/>
                    <property Bold="false"/>
                    <property CellAlignment="stretch"/>
                    <property BorderWidth="3"/>
                    <property BorderOn="false"/>
                    <property ToolTipEnable="true"/>
                    <property ToolTip=""/>
                    <property Text="2017-04-20  09:01:00"/>
                    <property Alignment="left"/>
                    <property UserControl=""/>
                    <property Height="0:200"/>
                    <property Width="0:200"/>
                </widget>
                <widget>
                    <property ID="twi-taw29:6-5"/>
                    <property ObjectType="TableWidgetItem"/>
                    <property XPos="0"/>
                    <property YPos="0"/>
                    <property Menu=""/>
                    <property CellName=""/>
                    <property MenuItem=""/>
                    <property Visible="true"/>
                    <property StyleSheetClass=""/>
                    <property Enable="true"/>
                    <property Moveable="false"/>
                    <property Sizeable="false"/>
                    <property FontSize="Normal"/>
                    <property Bold="false"/>
                    <property CellAlignment="stretch"/>
                    <property BorderWidth="3"/>
                    <property BorderOn="false"/>
                    <property ToolTipEnable="true"/>
                    <property ToolTip=""/>
                    <property Text=""/>
                    <property Alignment="left"/>
                    <property UserControl=""/>
                    <property Height="0:200"/>
                    <property Width="0:200"/>
                </widget>
                <widget>
                    <property ID="twi-taw29:7-1"/>
                    <property ObjectType="TableWidgetItem"/>
                    <property XPos="0"/>
                    <property YPos="0"/>
                    <property Menu=""/>
                    <property CellName=""/>
                    <property MenuItem=""/>
                    <property Visible="true"/>
                    <property StyleSheetClass=""/>
                    <property Enable="true"/>
                    <property Moveable="false"/>
                    <property Sizeable="false"/>
                    <property FontSize="Normal"/>
                    <property Bold="false"/>
                    <property CellAlignment="stretch"/>
                    <property BorderWidth="3"/>
                    <property BorderOn="false"/>
                    <property ToolTipEnable="true"/>
                    <property ToolTip=""/>
                    <property Text=""/>
                    <property Alignment="left"/>
                    <property UserControl=""/>
                    <property Height="0:200"/>
                    <property Width="0:200"/>
                </widget>
                <widget>
                    <property ID="twi-taw29:7-2"/>
                    <property ObjectType="TableWidgetItem"/>
                    <property XPos="0"/>
                    <property YPos="0"/>
                    <property Menu=""/>
                    <property CellName=""/>
                    <property MenuItem=""/>
                    <property Visible="true"/>
                    <property StyleSheetClass=""/>
                    <property Enable="true"/>
                    <property Moveable="false"/>
                    <property Sizeable="false"/>
                    <property FontSize="Normal"/>
                    <property Bold="false"/>
                    <property CellAlignment="stretch"/>
                    <property BorderWidth="3"/>
                    <property BorderOn="false"/>
                    <property ToolTipEnable="true"/>
                    <property ToolTip=""/>
                    <property Text=""/>
                    <property Alignment="left"/>
                    <property UserControl=""/>
                    <property Height="0:200"/>
                    <property Width="0:200"/>
                </widget>
                <widget>
                    <property ID="twi-taw29:7-3"/>
                    <property ObjectType="TableWidgetItem"/>
                    <property XPos="0"/>
                    <property YPos="0"/>
                    <property Menu=""/>
                    <property CellName=""/>
                    <property MenuItem=""/>
                    <property Visible="true"/>
                    <property StyleSheetClass=""/>
                    <property Enable="true"/>
                    <property Moveable="false"/>
                    <property Sizeable="false"/>
                    <property FontSize="Normal"/>
                    <property Bold="false"/>
                    <property CellAlignment="stretch"/>
                    <property BorderWidth="3"/>
                    <property BorderOn="false"/>
                    <property ToolTipEnable="true"/>
                    <property ToolTip=""/>
                    <property Text=""/>
                    <property Alignment="left"/>
                    <property UserControl=""/>
                    <property Height="0:200"/>
                    <property Width="0:200"/>
                </widget>
                <widget>
                    <property ID="twi-taw29:7-4"/>
                    <property ObjectType="TableWidgetItem"/>
                    <property XPos="0"/>
                    <property YPos="0"/>
                    <property Menu=""/>
                    <property CellName=""/>
                    <property MenuItem=""/>
                    <property Visible="true"/>
                    <property StyleSheetClass=""/>
                    <property Enable="true"/>
                    <property Moveable="false"/>
                    <property Sizeable="false"/>
                    <property FontSize="Normal"/>
                    <property Bold="false"/>
                    <property CellAlignment="stretch"/>
                    <property BorderWidth="3"/>
                    <property BorderOn="false"/>
                    <property ToolTipEnable="true"/>
                    <property ToolTip=""/>
                    <property Text=""/>
                    <property Alignment="left"/>
                    <property UserControl=""/>
                    <property Height="0:200"/>
                    <property Width="0:200"/>
                </widget>
                <widget>
                    <property ID="twi-taw29:7-5"/>
                    <property ObjectType="TableWidgetItem"/>
                    <property XPos="0"/>
                    <property YPos="0"/>
                    <property Menu=""/>
                    <property CellName=""/>
                    <property MenuItem=""/>
                    <property Visible="true"/>
                    <property StyleSheetClass=""/>
                    <property Enable="true"/>
                    <property Moveable="false"/>
                    <property Sizeable="false"/>
                    <property FontSize="Normal"/>
                    <property Bold="false"/>
                    <property CellAlignment="stretch"/>
                    <property BorderWidth="3"/>
                    <property BorderOn="false"/>
                    <property ToolTipEnable="true"/>
                    <property ToolTip=""/>
                    <property Text=""/>
                    <property Alignment="left"/>
                    <property UserControl=""/>
                    <property Height="0:200"/>
                    <property Width="0:200"/>
                </widget>
                <widget>
                    <property ID="twi-taw29:8-1"/>
                    <property ObjectType="TableWidgetItem"/>
                    <property XPos="0"/>
                    <property YPos="0"/>
                    <property Menu=""/>
                    <property CellName=""/>
                    <property MenuItem=""/>
                    <property Visible="true"/>
                    <property StyleSheetClass=""/>
                    <property Enable="true"/>
                    <property Moveable="false"/>
                    <property Sizeable="false"/>
                    <property FontSize="Normal"/>
                    <property Bold="false"/>
                    <property CellAlignment="stretch"/>
                    <property BorderWidth="3"/>
                    <property BorderOn="false"/>
                    <property ToolTipEnable="true"/>
                    <property ToolTip=""/>
                    <property Text=""/>
                    <property Alignment="left"/>
                    <property UserControl=""/>
                    <property Height="0:200"/>
                    <property Width="0:200"/>
                </widget>
                <widget>
                    <property ID="twi-taw29:8-2"/>
                    <property ObjectType="TableWidgetItem"/>
                    <property XPos="0"/>
                    <property YPos="0"/>
                    <property Menu=""/>
                    <property CellName=""/>
                    <property MenuItem=""/>
                    <property Visible="true"/>
                    <property StyleSheetClass=""/>
                    <property Enable="true"/>
                    <property Moveable="false"/>
                    <property Sizeable="false"/>
                    <property FontSize="Normal"/>
                    <property Bold="false"/>
                    <property CellAlignment="stretch"/>
                    <property BorderWidth="3"/>
                    <property BorderOn="false"/>
                    <property ToolTipEnable="true"/>
                    <property ToolTip=""/>
                    <property Text=""/>
                    <property Alignment="left"/>
                    <property UserControl=""/>
                    <property Height="0:200"/>
                    <property Width="0:200"/>
                </widget>
                <widget>
                    <property ID="twi-taw29:8-3"/>
                    <property ObjectType="TableWidgetItem"/>
                    <property XPos="0"/>
                    <property YPos="0"/>
                    <property Menu=""/>
                    <property CellName=""/>
                    <property MenuItem=""/>
                    <property Visible="true"/>
                    <property StyleSheetClass=""/>
                    <property Enable="true"/>
                    <property Moveable="false"/>
                    <property Sizeable="false"/>
                    <property FontSize="Normal"/>
                    <property Bold="false"/>
                    <property CellAlignment="stretch"/>
                    <property BorderWidth="3"/>
                    <property BorderOn="false"/>
                    <property ToolTipEnable="true"/>
                    <property ToolTip=""/>
                    <property Text=""/>
                    <property Alignment="left"/>
                    <property UserControl=""/>
                    <property Height="0:200"/>
                    <property Width="0:200"/>
                </widget>
                <widget>
                    <property ID="twi-taw29:8-4"/>
                    <property ObjectType="TableWidgetItem"/>
                    <property XPos="0"/>
                    <property YPos="0"/>
                    <property Menu=""/>
                    <property CellName=""/>
                    <property MenuItem=""/>
                    <property Visible="true"/>
                    <property StyleSheetClass=""/>
                    <property Enable="true"/>
                    <property Moveable="false"/>
                    <property Sizeable="false"/>
                    <property FontSize="Normal"/>
                    <property Bold="false"/>
                    <property CellAlignment="stretch"/>
                    <property BorderWidth="3"/>
                    <property BorderOn="false"/>
                    <property ToolTipEnable="true"/>
                    <property ToolTip=""/>
                    <property Text=""/>
                    <property Alignment="left"/>
                    <property UserControl=""/>
                    <property Height="0:200"/>
                    <property Width="0:200"/>
                </widget>
                <widget>
                    <property ID="twi-taw29:8-5"/>
                    <property ObjectType="TableWidgetItem"/>
                    <property XPos="0"/>
                    <property YPos="0"/>
                    <property Menu=""/>
                    <property CellName=""/>
                    <property MenuItem=""/>
                    <property Visible="true"/>
                    <property StyleSheetClass=""/>
                    <property Enable="true"/>
                    <property Moveable="false"/>
                    <property Sizeable="false"/>
                    <property FontSize="Normal"/>
                    <property Bold="false"/>
                    <property CellAlignment="stretch"/>
                    <property BorderWidth="3"/>
                    <property BorderOn="false"/>
                    <property ToolTipEnable="true"/>
                    <property ToolTip=""/>
                    <property Text=""/>
                    <property Alignment="left"/>
                    <property UserControl=""/>
                    <property Height="0:200"/>
                    <property Width="0:200"/>
                </widget>
                <widget>
                    <property ID="twi-taw29:9-1"/>
                    <property ObjectType="TableWidgetItem"/>
                    <property XPos="0"/>
                    <property YPos="0"/>
                    <property Menu=""/>
                    <property CellName=""/>
                    <property MenuItem=""/>
                    <property Visible="true"/>
                    <property StyleSheetClass=""/>
                    <property Enable="true"/>
                    <property Moveable="false"/>
                    <property Sizeable="false"/>
                    <property FontSize="Normal"/>
                    <property Bold="false"/>
                    <property CellAlignment="stretch"/>
                    <property BorderWidth="3"/>
                    <property BorderOn="false"/>
                    <property ToolTipEnable="true"/>
                    <property ToolTip=""/>
                    <property Text=""/>
                    <property Alignment="left"/>
                    <property UserControl=""/>
                    <property Height="0:200"/>
                    <property Width="0:200"/>
                </widget>
                <widget>
                    <property ID="twi-taw29:9-2"/>
                    <property ObjectType="TableWidgetItem"/>
                    <property XPos="0"/>
                    <property YPos="0"/>
                    <property Menu=""/>
                    <property CellName=""/>
                    <property MenuItem=""/>
                    <property Visible="true"/>
                    <property StyleSheetClass=""/>
                    <property Enable="true"/>
                    <property Moveable="false"/>
                    <property Sizeable="false"/>
                    <property FontSize="Normal"/>
                    <property Bold="false"/>
                    <property CellAlignment="stretch"/>
                    <property BorderWidth="3"/>
                    <property BorderOn="false"/>
                    <property ToolTipEnable="true"/>
                    <property ToolTip=""/>
                    <property Text=""/>
                    <property Alignment="left"/>
                    <property UserControl=""/>
                    <property Height="0:200"/>
                    <property Width="0:200"/>
                </widget>
                <widget>
                    <property ID="twi-taw29:9-3"/>
                    <property ObjectType="TableWidgetItem"/>
                    <property XPos="0"/>
                    <property YPos="0"/>
                    <property Menu=""/>
                    <property CellName=""/>
                    <property MenuItem=""/>
                    <property Visible="true"/>
                    <property StyleSheetClass=""/>
                    <property Enable="true"/>
                    <property Moveable="false"/>
                    <property Sizeable="false"/>
                    <property FontSize="Normal"/>
                    <property Bold="false"/>
                    <property CellAlignment="stretch"/>
                    <property BorderWidth="3"/>
                    <property BorderOn="false"/>
                    <property ToolTipEnable="true"/>
                    <property ToolTip=""/>
                    <property Text=""/>
                    <property Alignment="left"/>
                    <property UserControl=""/>
                    <property Height="0:200"/>
                    <property Width="0:200"/>
                </widget>
                <widget>
                    <property ID="twi-taw29:9-4"/>
                    <property ObjectType="TableWidgetItem"/>
                    <property XPos="0"/>
                    <property YPos="0"/>
                    <property Menu=""/>
                    <property CellName=""/>
                    <property MenuItem=""/>
                    <property Visible="true"/>
                    <property StyleSheetClass=""/>
                    <property Enable="true"/>
                    <property Moveable="false"/>
                    <property Sizeable="false"/>
                    <property FontSize="Normal"/>
                    <property Bold="false"/>
                    <property CellAlignment="stretch"/>
                    <property BorderWidth="3"/>
                    <property BorderOn="false"/>
                    <property ToolTipEnable="true"/>
                    <property ToolTip=""/>
                    <property Text=""/>
                    <property Alignment="left"/>
                    <property UserControl=""/>
                    <property Height="0:200"/>
                    <property Width="0:200"/>
                </widget>
                <widget>
                    <property ID="twi-taw29:9-5"/>
                    <property ObjectType="TableWidgetItem"/>
                    <property XPos="0"/>
                    <property YPos="0"/>
                    <property Menu=""/>
                    <property CellName=""/>
                    <property MenuItem=""/>
                    <property Visible="true"/>
                    <property StyleSheetClass=""/>
                    <property Enable="true"/>
                    <property Moveable="false"/>
                    <property Sizeable="false"/>
                    <property FontSize="Normal"/>
                    <property Bold="false"/>
                    <property CellAlignment="stretch"/>
                    <property BorderWidth="3"/>
                    <property BorderOn="false"/>
                    <property ToolTipEnable="true"/>
                    <property ToolTip=""/>
                    <property Text=""/>
                    <property Alignment="left"/>
                    <property UserControl=""/>
                    <property Height="0:200"/>
                    <property Width="0:200"/>
                </widget>
                <widget>
                    <property ID="twi-taw29:10-1"/>
                    <property ObjectType="TableWidgetItem"/>
                    <property XPos="0"/>
                    <property YPos="0"/>
                    <property Menu=""/>
                    <property CellName=""/>
                    <property MenuItem=""/>
                    <property Visible="true"/>
                    <property StyleSheetClass=""/>
                    <property Enable="true"/>
                    <property Moveable="false"/>
                    <property Sizeable="false"/>
                    <property FontSize="Normal"/>
                    <property Bold="false"/>
                    <property CellAlignment="stretch"/>
                    <property BorderWidth="3"/>
                    <property BorderOn="false"/>
                    <property ToolTipEnable="true"/>
                    <property ToolTip=""/>
                    <property Text=""/>
                    <property Alignment="left"/>
                    <property UserControl=""/>
                    <property Height="0:200"/>
                    <property Width="0:200"/>
                </widget>
                <widget>
                    <property ID="twi-taw29:10-2"/>
                    <property ObjectType="TableWidgetItem"/>
                    <property XPos="0"/>
                    <property YPos="0"/>
                    <property Menu=""/>
                    <property CellName=""/>
                    <property MenuItem=""/>
                    <property Visible="true"/>
                    <property StyleSheetClass=""/>
                    <property Enable="true"/>
                    <property Moveable="false"/>
                    <property Sizeable="false"/>
                    <property FontSize="Normal"/>
                    <property Bold="false"/>
                    <property CellAlignment="stretch"/>
                    <property BorderWidth="3"/>
                    <property BorderOn="false"/>
                    <property ToolTipEnable="true"/>
                    <property ToolTip=""/>
                    <property Text=""/>
                    <property Alignment="left"/>
                    <property UserControl=""/>
                    <property Height="0:200"/>
                    <property Width="0:200"/>
                </widget>
                <widget>
                    <property ID="twi-taw29:10-3"/>
                    <property ObjectType="TableWidgetItem"/>
                    <property XPos="0"/>
                    <property YPos="0"/>
                    <property Menu=""/>
                    <property CellName=""/>
                    <property MenuItem=""/>
                    <property Visible="true"/>
                    <property StyleSheetClass=""/>
                    <property Enable="true"/>
                    <property Moveable="false"/>
                    <property Sizeable="false"/>
                    <property FontSize="Normal"/>
                    <property Bold="false"/>
                    <property CellAlignment="stretch"/>
                    <property BorderWidth="3"/>
                    <property BorderOn="false"/>
                    <property ToolTipEnable="true"/>
                    <property ToolTip=""/>
                    <property Text=""/>
                    <property Alignment="left"/>
                    <property UserControl=""/>
                    <property Height="0:200"/>
                    <property Width="0:200"/>
                </widget>
                <widget>
                    <property ID="twi-taw29:10-4"/>
                    <property ObjectType="TableWidgetItem"/>
                    <property XPos="0"/>
                    <property YPos="0"/>
                    <property Menu=""/>
                    <property CellName=""/>
                    <property MenuItem=""/>
                    <property Visible="true"/>
                    <property StyleSheetClass=""/>
                    <property Enable="true"/>
                    <property Moveable="false"/>
                    <property Sizeable="false"/>
                    <property FontSize="Normal"/>
                    <property Bold="false"/>
                    <property CellAlignment="stretch"/>
                    <property BorderWidth="3"/>
                    <property BorderOn="false"/>
                    <property ToolTipEnable="true"/>
                    <property ToolTip=""/>
                    <property Text=""/>
                    <property Alignment="left"/>
                    <property UserControl=""/>
                    <property Height="0:200"/>
                    <property Width="0:200"/>
                </widget>
                <widget>
                    <property ID="twi-taw29:10-5"/>
                    <property ObjectType="TableWidgetItem"/>
                    <property XPos="0"/>
                    <property YPos="0"/>
                    <property Menu=""/>
                    <property CellName=""/>
                    <property MenuItem=""/>
                    <property Visible="true"/>
                    <property StyleSheetClass=""/>
                    <property Enable="true"/>
                    <property Moveable="false"/>
                    <property Sizeable="false"/>
                    <property FontSize="Normal"/>
                    <property Bold="false"/>
                    <property CellAlignment="stretch"/>
                    <property BorderWidth="3"/>
                    <property BorderOn="false"/>
                    <property ToolTipEnable="true"/>
                    <property ToolTip=""/>
                    <property Text=""/>
                    <property Alignment="left"/>
                    <property UserControl=""/>
                    <property Height="0:200"/>
                    <property Width="0:200"/>
                </widget>
                <widget>
                    <property ID="twi-taw29:11-1"/>
                    <property ObjectType="TableWidgetItem"/>
                    <property XPos="0"/>
                    <property YPos="0"/>
                    <property Menu=""/>
                    <property CellName=""/>
                    <property MenuItem=""/>
                    <property Visible="true"/>
                    <property StyleSheetClass=""/>
                    <property Enable="true"/>
                    <property Moveable="false"/>
                    <property Sizeable="false"/>
                    <property FontSize="Normal"/>
                    <property Bold="false"/>
                    <property CellAlignment="stretch"/>
                    <property BorderWidth="3"/>
                    <property BorderOn="false"/>
                    <property ToolTipEnable="true"/>
                    <property ToolTip=""/>
                    <property Text=""/>
                    <property Alignment="left"/>
                    <property UserControl=""/>
                    <property Height="0:200"/>
                    <property Width="0:200"/>
                </widget>
                <widget>
                    <property ID="twi-taw29:11-2"/>
                    <property ObjectType="TableWidgetItem"/>
                    <property XPos="0"/>
                    <property YPos="0"/>
                    <property Menu=""/>
                    <property CellName=""/>
                    <property MenuItem=""/>
                    <property Visible="true"/>
                    <property StyleSheetClass=""/>
                    <property Enable="true"/>
                    <property Moveable="false"/>
                    <property Sizeable="false"/>
                    <property FontSize="Normal"/>
                    <property Bold="false"/>
                    <property CellAlignment="stretch"/>
                    <property BorderWidth="3"/>
                    <property BorderOn="false"/>
                    <property ToolTipEnable="true"/>
                    <property ToolTip=""/>
                    <property Text=""/>
                    <property Alignment="left"/>
                    <property UserControl=""/>
                    <property Height="0:200"/>
                    <property Width="0:200"/>
                </widget>
                <widget>
                    <property ID="twi-taw29:11-3"/>
                    <property ObjectType="TableWidgetItem"/>
                    <property XPos="0"/>
                    <property YPos="0"/>
                    <property Menu=""/>
                    <property CellName=""/>
                    <property MenuItem=""/>
                    <property Visible="true"/>
                    <property StyleSheetClass=""/>
                    <property Enable="true"/>
                    <property Moveable="false"/>
                    <property Sizeable="false"/>
                    <property FontSize="Normal"/>
                    <property Bold="false"/>
                    <property CellAlignment="stretch"/>
                    <property BorderWidth="3"/>
                    <property BorderOn="false"/>
                    <property ToolTipEnable="true"/>
                    <property ToolTip=""/>
                    <property Text=""/>
                    <property Alignment="left"/>
                    <property UserControl=""/>
                    <property Height="0:200"/>
                    <property Width="0:200"/>
                </widget>
                <widget>
                    <property ID="twi-taw29:11-4"/>
                    <property ObjectType="TableWidgetItem"/>
                    <property XPos="0"/>
                    <property YPos="0"/>
                    <property Menu=""/>
                    <property CellName=""/>
                    <property MenuItem=""/>
                    <property Visible="true"/>
                    <property StyleSheetClass=""/>
                    <property Enable="true"/>
                    <property Moveable="false"/>
                    <property Sizeable="false"/>
                    <property FontSize="Normal"/>
                    <property Bold="false"/>
                    <property CellAlignment="stretch"/>
                    <property BorderWidth="3"/>
                    <property BorderOn="false"/>
                    <property ToolTipEnable="true"/>
                    <property ToolTip=""/>
                    <property Text=""/>
                    <property Alignment="left"/>
                    <property UserControl=""/>
                    <property Height="0:200"/>
                    <property Width="0:200"/>
                </widget>
                <widget>
                    <property ID="twi-taw29:11-5"/>
                    <property ObjectType="TableWidgetItem"/>
                    <property XPos="0"/>
                    <property YPos="0"/>
                    <property Menu=""/>
                    <property CellName=""/>
                    <property MenuItem=""/>
                    <property Visible="true"/>
                    <property StyleSheetClass=""/>
                    <property Enable="true"/>
                    <property Moveable="false"/>
                    <property Sizeable="false"/>
                    <property FontSize="Normal"/>
                    <property Bold="false"/>
                    <property CellAlignment="stretch"/>
                    <property BorderWidth="3"/>
                    <property BorderOn="false"/>
                    <property ToolTipEnable="true"/>
                    <property ToolTip=""/>
                    <property Text=""/>
                    <property Alignment="left"/>
                    <property UserControl=""/>
                    <property Height="0:200"/>
                    <property Width="0:200"/>
                </widget>
                <widget>
                    <property ID="twi-taw29:12-1"/>
                    <property ObjectType="TableWidgetItem"/>
                    <property XPos="0"/>
                    <property YPos="0"/>
                    <property Menu=""/>
                    <property CellName=""/>
                    <property MenuItem=""/>
                    <property Visible="true"/>
                    <property StyleSheetClass=""/>
                    <property Enable="true"/>
                    <property Moveable="false"/>
                    <property Sizeable="false"/>
                    <property FontSize="Normal"/>
                    <property Bold="false"/>
                    <property CellAlignment="stretch"/>
                    <property BorderWidth="3"/>
                    <property BorderOn="false"/>
                    <property ToolTipEnable="true"/>
                    <property ToolTip=""/>
                    <property Text=""/>
                    <property Alignment="left"/>
                    <property UserControl=""/>
                    <property Height="0:200"/>
                    <property Width="0:200"/>
                </widget>
                <widget>
                    <property ID="twi-taw29:12-2"/>
                    <property ObjectType="TableWidgetItem"/>
                    <property XPos="0"/>
                    <property YPos="0"/>
                    <property Menu=""/>
                    <property CellName=""/>
                    <property MenuItem=""/>
                    <property Visible="true"/>
                    <property StyleSheetClass=""/>
                    <property Enable="true"/>
                    <property Moveable="false"/>
                    <property Sizeable="false"/>
                    <property FontSize="Normal"/>
                    <property Bold="false"/>
                    <property CellAlignment="stretch"/>
                    <property BorderWidth="3"/>
                    <property BorderOn="false"/>
                    <property ToolTipEnable="true"/>
                    <property ToolTip=""/>
                    <property Text=""/>
                    <property Alignment="left"/>
                    <property UserControl=""/>
                    <property Height="0:200"/>
                    <property Width="0:200"/>
                </widget>
                <widget>
                    <property ID="twi-taw29:12-3"/>
                    <property ObjectType="TableWidgetItem"/>
                    <property XPos="0"/>
                    <property YPos="0"/>
                    <property Menu=""/>
                    <property CellName=""/>
                    <property MenuItem=""/>
                    <property Visible="true"/>
                    <property StyleSheetClass=""/>
                    <property Enable="true"/>
                    <property Moveable="false"/>
                    <property Sizeable="false"/>
                    <property FontSize="Normal"/>
                    <property Bold="false"/>
                    <property CellAlignment="stretch"/>
                    <property BorderWidth="3"/>
                    <property BorderOn="false"/>
                    <property ToolTipEnable="true"/>
                    <property ToolTip=""/>
                    <property Text=""/>
                    <property Alignment="left"/>
                    <property UserControl=""/>
                    <property Height="0:200"/>
                    <property Width="0:200"/>
                </widget>
                <widget>
                    <property ID="twi-taw29:12-4"/>
                    <property ObjectType="TableWidgetItem"/>
                    <property XPos="0"/>
                    <property YPos="0"/>
                    <property Menu=""/>
                    <property CellName=""/>
                    <property MenuItem=""/>
                    <property Visible="true"/>
                    <property StyleSheetClass=""/>
                    <property Enable="true"/>
                    <property Moveable="false"/>
                    <property Sizeable="false"/>
                    <property FontSize="Normal"/>
                    <property Bold="false"/>
                    <property CellAlignment="stretch"/>
                    <property BorderWidth="3"/>
                    <property BorderOn="false"/>
                    <property ToolTipEnable="true"/>
                    <property ToolTip=""/>
                    <property Text=""/>
                    <property Alignment="left"/>
                    <property UserControl=""/>
                    <property Height="0:200"/>
                    <property Width="0:200"/>
                </widget>
                <widget>
                    <property ID="twi-taw29:12-5"/>
                    <property ObjectType="TableWidgetItem"/>
                    <property XPos="0"/>
                    <property YPos="0"/>
                    <property Menu=""/>
                    <property CellName=""/>
                    <property MenuItem=""/>
                    <property Visible="true"/>
                    <property StyleSheetClass=""/>
                    <property Enable="true"/>
                    <property Moveable="false"/>
                    <property Sizeable="false"/>
                    <property FontSize="Normal"/>
                    <property Bold="false"/>
                    <property CellAlignment="stretch"/>
                    <property BorderWidth="3"/>
                    <property BorderOn="false"/>
                    <property ToolTipEnable="true"/>
                    <property ToolTip=""/>
                    <property Text=""/>
                    <property Alignment="left"/>
                    <property UserControl=""/>
                    <property Height="0:200"/>
                    <property Width="0:200"/>
                </widget>
                <widget>
                    <property ID="twi-taw29:13-1"/>
                    <property ObjectType="TableWidgetItem"/>
                    <property XPos="0"/>
                    <property YPos="0"/>
                    <property Menu=""/>
                    <property CellName=""/>
                    <property MenuItem=""/>
                    <property Visible="true"/>
                    <property StyleSheetClass=""/>
                    <property Enable="true"/>
                    <property Moveable="false"/>
                    <property Sizeable="false"/>
                    <property FontSize="Normal"/>
                    <property Bold="false"/>
                    <property CellAlignment="stretch"/>
                    <property BorderWidth="3"/>
                    <property BorderOn="false"/>
                    <property ToolTipEnable="true"/>
                    <property ToolTip=""/>
                    <property Text=""/>
                    <property Alignment="left"/>
                    <property UserControl=""/>
                    <property Height="0:200"/>
                    <property Width="0:200"/>
                </widget>
                <widget>
                    <property ID="twi-taw29:13-2"/>
                    <property ObjectType="TableWidgetItem"/>
                    <property XPos="0"/>
                    <property YPos="0"/>
                    <property Menu=""/>
                    <property CellName=""/>
                    <property MenuItem=""/>
                    <property Visible="true"/>
                    <property StyleSheetClass=""/>
                    <property Enable="true"/>
                    <property Moveable="false"/>
                    <property Sizeable="false"/>
                    <property FontSize="Normal"/>
                    <property Bold="false"/>
                    <property CellAlignment="stretch"/>
                    <property BorderWidth="3"/>
                    <property BorderOn="false"/>
                    <property ToolTipEnable="true"/>
                    <property ToolTip=""/>
                    <property Text=""/>
                    <property Alignment="left"/>
                    <property UserControl=""/>
                    <property Height="0:200"/>
                    <property Width="0:200"/>
                </widget>
                <widget>
                    <property ID="twi-taw29:13-3"/>
                    <property ObjectType="TableWidgetItem"/>
                    <property XPos="0"/>
                    <property YPos="0"/>
                    <property Menu=""/>
                    <property CellName=""/>
                    <property MenuItem=""/>
                    <property Visible="true"/>
                    <property StyleSheetClass=""/>
                    <property Enable="true"/>
                    <property Moveable="false"/>
                    <property Sizeable="false"/>
                    <property FontSize="Normal"/>
                    <property Bold="false"/>
                    <property CellAlignment="stretch"/>
                    <property BorderWidth="3"/>
                    <property BorderOn="false"/>
                    <property ToolTipEnable="true"/>
                    <property ToolTip=""/>
                    <property Text=""/>
                    <property Alignment="left"/>
                    <property UserControl=""/>
                    <property Height="0:200"/>
                    <property Width="0:200"/>
                </widget>
                <widget>
                    <property ID="twi-taw29:13-4"/>
                    <property ObjectType="TableWidgetItem"/>
                    <property XPos="0"/>
                    <property YPos="0"/>
                    <property Menu=""/>
                    <property CellName=""/>
                    <property MenuItem=""/>
                    <property Visible="true"/>
                    <property StyleSheetClass=""/>
                    <property Enable="true"/>
                    <property Moveable="false"/>
                    <property Sizeable="false"/>
                    <property FontSize="Normal"/>
                    <property Bold="false"/>
                    <property CellAlignment="stretch"/>
                    <property BorderWidth="3"/>
                    <property BorderOn="false"/>
                    <property ToolTipEnable="true"/>
                    <property ToolTip=""/>
                    <property Text=""/>
                    <property Alignment="left"/>
                    <property UserControl=""/>
                    <property Height="0:200"/>
                    <property Width="0:200"/>
                </widget>
                <widget>
                    <property ID="twi-taw29:13-5"/>
                    <property ObjectType="TableWidgetItem"/>
                    <property XPos="0"/>
                    <property YPos="0"/>
                    <property Menu=""/>
                    <property CellName=""/>
                    <property MenuItem=""/>
                    <property Visible="true"/>
                    <property StyleSheetClass=""/>
                    <property Enable="true"/>
                    <property Moveable="false"/>
                    <property Sizeable="false"/>
                    <property FontSize="Normal"/>
                    <property Bold="false"/>
                    <property CellAlignment="stretch"/>
                    <property BorderWidth="3"/>
                    <property BorderOn="false"/>
                    <property ToolTipEnable="true"/>
                    <property ToolTip=""/>
                    <property Text=""/>
                    <property Alignment="left"/>
                    <property UserControl=""/>
                    <property Height="0:200"/>
                    <property Width="0:200"/>
                </widget>
                <widget>
                    <property ID="twi-taw29:14-1"/>
                    <property ObjectType="TableWidgetItem"/>
                    <property XPos="0"/>
                    <property YPos="0"/>
                    <property Menu=""/>
                    <property CellName=""/>
                    <property MenuItem=""/>
                    <property Visible="true"/>
                    <property StyleSheetClass=""/>
                    <property Enable="true"/>
                    <property Moveable="false"/>
                    <property Sizeable="false"/>
                    <property FontSize="Normal"/>
                    <property Bold="false"/>
                    <property CellAlignment="stretch"/>
                    <property BorderWidth="3"/>
                    <property BorderOn="false"/>
                    <property ToolTipEnable="true"/>
                    <property ToolTip=""/>
                    <property Text=""/>
                    <property Alignment="left"/>
                    <property UserControl=""/>
                    <property Height="0:200"/>
                    <property Width="0:200"/>
                </widget>
                <widget>
                    <property ID="twi-taw29:14-2"/>
                    <property ObjectType="TableWidgetItem"/>
                    <property XPos="0"/>
                    <property YPos="0"/>
                    <property Menu=""/>
                    <property CellName=""/>
                    <property MenuItem=""/>
                    <property Visible="true"/>
                    <property StyleSheetClass=""/>
                    <property Enable="true"/>
                    <property Moveable="false"/>
                    <property Sizeable="false"/>
                    <property FontSize="Normal"/>
                    <property Bold="false"/>
                    <property CellAlignment="stretch"/>
                    <property BorderWidth="3"/>
                    <property BorderOn="false"/>
                    <property ToolTipEnable="true"/>
                    <property ToolTip=""/>
                    <property Text=""/>
                    <property Alignment="left"/>
                    <property UserControl=""/>
                    <property Height="0:200"/>
                    <property Width="0:200"/>
                </widget>
                <widget>
                    <property ID="twi-taw29:14-3"/>
                    <property ObjectType="TableWidgetItem"/>
                    <property XPos="0"/>
                    <property YPos="0"/>
                    <property Menu=""/>
                    <property CellName=""/>
                    <property MenuItem=""/>
                    <property Visible="true"/>
                    <property StyleSheetClass=""/>
                    <property Enable="true"/>
                    <property Moveable="false"/>
                    <property Sizeable="false"/>
                    <property FontSize="Normal"/>
                    <property Bold="false"/>
                    <property CellAlignment="stretch"/>
                    <property BorderWidth="3"/>
                    <property BorderOn="false"/>
                    <property ToolTipEnable="true"/>
                    <property ToolTip=""/>
                    <property Text=""/>
                    <property Alignment="left"/>
                    <property UserControl=""/>
                    <property Height="0:200"/>
                    <property Width="0:200"/>
                </widget>
                <widget>
                    <property ID="twi-taw29:14-4"/>
                    <property ObjectType="TableWidgetItem"/>
                    <property XPos="0"/>
                    <property YPos="0"/>
                    <property Menu=""/>
                    <property CellName=""/>
                    <property MenuItem=""/>
                    <property Visible="true"/>
                    <property StyleSheetClass=""/>
                    <property Enable="true"/>
                    <property Moveable="false"/>
                    <property Sizeable="false"/>
                    <property FontSize="Normal"/>
                    <property Bold="false"/>
                    <property CellAlignment="stretch"/>
                    <property BorderWidth="3"/>
                    <property BorderOn="false"/>
                    <property ToolTipEnable="true"/>
                    <property ToolTip=""/>
                    <property Text=""/>
                    <property Alignment="left"/>
                    <property UserControl=""/>
                    <property Height="0:200"/>
                    <property Width="0:200"/>
                </widget>
                <widget>
                    <property ID="twi-taw29:14-5"/>
                    <property ObjectType="TableWidgetItem"/>
                    <property XPos="0"/>
                    <property YPos="0"/>
                    <property Menu=""/>
                    <property CellName=""/>
                    <property MenuItem=""/>
                    <property Visible="true"/>
                    <property StyleSheetClass=""/>
                    <property Enable="true"/>
                    <property Moveable="false"/>
                    <property Sizeable="false"/>
                    <property FontSize="Normal"/>
                    <property Bold="false"/>
                    <property CellAlignment="stretch"/>
                    <property BorderWidth="3"/>
                    <property BorderOn="false"/>
                    <property ToolTipEnable="true"/>
                    <property ToolTip=""/>
                    <property Text=""/>
                    <property Alignment="left"/>
                    <property UserControl=""/>
                    <property Height="0:200"/>
                    <property Width="0:200"/>
                </widget>
                <widget>
                    <property ID="twi-taw29:15-1"/>
                    <property ObjectType="TableWidgetItem"/>
                    <property XPos="0"/>
                    <property YPos="0"/>
                    <property Menu=""/>
                    <property CellName=""/>
                    <property MenuItem=""/>
                    <property Visible="true"/>
                    <property StyleSheetClass=""/>
                    <property Enable="true"/>
                    <property Moveable="false"/>
                    <property Sizeable="false"/>
                    <property FontSize="Normal"/>
                    <property Bold="false"/>
                    <property CellAlignment="stretch"/>
                    <property BorderWidth="3"/>
                    <property BorderOn="false"/>
                    <property ToolTipEnable="true"/>
                    <property ToolTip=""/>
                    <property Text=""/>
                    <property Alignment="left"/>
                    <property UserControl=""/>
                    <property Height="0:200"/>
                    <property Width="0:200"/>
                </widget>
                <widget>
                    <property ID="twi-taw29:15-2"/>
                    <property ObjectType="TableWidgetItem"/>
                    <property XPos="0"/>
                    <property YPos="0"/>
                    <property Menu=""/>
                    <property CellName=""/>
                    <property MenuItem=""/>
                    <property Visible="true"/>
                    <property StyleSheetClass=""/>
                    <property Enable="true"/>
                    <property Moveable="false"/>
                    <property Sizeable="false"/>
                    <property FontSize="Normal"/>
                    <property Bold="false"/>
                    <property CellAlignment="stretch"/>
                    <property BorderWidth="3"/>
                    <property BorderOn="false"/>
                    <property ToolTipEnable="true"/>
                    <property ToolTip=""/>
                    <property Text=""/>
                    <property Alignment="left"/>
                    <property UserControl=""/>
                    <property Height="0:200"/>
                    <property Width="0:200"/>
                </widget>
                <widget>
                    <property ID="twi-taw29:15-3"/>
                    <property ObjectType="TableWidgetItem"/>
                    <property XPos="0"/>
                    <property YPos="0"/>
                    <property Menu=""/>
                    <property CellName=""/>
                    <property MenuItem=""/>
                    <property Visible="true"/>
                    <property StyleSheetClass=""/>
                    <property Enable="true"/>
                    <property Moveable="false"/>
                    <property Sizeable="false"/>
                    <property FontSize="Normal"/>
                    <property Bold="false"/>
                    <property CellAlignment="stretch"/>
                    <property BorderWidth="3"/>
                    <property BorderOn="false"/>
                    <property ToolTipEnable="true"/>
                    <property ToolTip=""/>
                    <property Text=""/>
                    <property Alignment="left"/>
                    <property UserControl=""/>
                    <property Height="0:200"/>
                    <property Width="0:200"/>
                </widget>
                <widget>
                    <property ID="twi-taw29:15-4"/>
                    <property ObjectType="TableWidgetItem"/>
                    <property XPos="0"/>
                    <property YPos="0"/>
                    <property Menu=""/>
                    <property CellName=""/>
                    <property MenuItem=""/>
                    <property Visible="true"/>
                    <property StyleSheetClass=""/>
                    <property Enable="true"/>
                    <property Moveable="false"/>
                    <property Sizeable="false"/>
                    <property FontSize="Normal"/>
                    <property Bold="false"/>
                    <property CellAlignment="stretch"/>
                    <property BorderWidth="3"/>
                    <property BorderOn="false"/>
                    <property ToolTipEnable="true"/>
                    <property ToolTip=""/>
                    <property Text=""/>
                    <property Alignment="left"/>
                    <property UserControl=""/>
                    <property Height="0:200"/>
                    <property Width="0:200"/>
                </widget>
                <widget>
                    <property ID="twi-taw29:15-5"/>
                    <property ObjectType="TableWidgetItem"/>
                    <property XPos="0"/>
                    <property YPos="0"/>
                    <property Menu=""/>
                    <property CellName=""/>
                    <property MenuItem=""/>
                    <property Visible="true"/>
                    <property StyleSheetClass=""/>
                    <property Enable="true"/>
                    <property Moveable="false"/>
                    <property Sizeable="false"/>
                    <property FontSize="Normal"/>
                    <property Bold="false"/>
                    <property CellAlignment="stretch"/>
                    <property BorderWidth="3"/>
                    <property BorderOn="false"/>
                    <property ToolTipEnable="true"/>
                    <property ToolTip=""/>
                    <property Text=""/>
                    <property Alignment="left"/>
                    <property UserControl=""/>
                    <property Height="0:200"/>
                    <property Width="0:200"/>
                </widget>
            </widget>
        </widget>
</SUI>
