<?xml version="1.0" encoding="UTF-8"?>
<UserControl>
    <property SUIVersion="2.0"/>
    <property SUICoreVersion="2.0.0"/>
    <property SUIEditorVersion="1.8.0"/>
    <property ID="UCT-DbFunction"/>
    <property ObjectType="UserControl"/>
    <property UserControl="UCT-DbFunction"/>
    <property XPos="0"/>
    <property YPos="0"/>
    <property Visible="true"/>
    <property Menu=""/>
    <property Enable="true"/>
    <property MenuItem=""/>
    <property Moveable="true"/>
    <property Sizeable="false"/>
    <property ToolTipEnable="true"/>
    <property ToolTip=""/>
    <property FileName="/tmp/VENU/XML/UCT-DbFunction.xml"/>
    <property StyleSheetText=""/>
    <property Height="54"/>
    <property Width="600"/>
    <widget>
        <property ID="gbxSysFun"/>
        <property ObjectType="GroupBox"/>
        <property XPos="2"/>
        <property YPos="2"/>
        <property Menu=""/>
        <property MenuItem=""/>
        <property Text=""/>
        <property StyleSheetText=""/>
        <property Visible="true"/>
        <property Enable="true"/>
        <property Moveable="false"/>
        <property Sizeable="true"/>
        <property Bold="true"/>
        <property ToolTipEnable="true"/>
        <property ToolTip=""/>
        <property BGColor="standard"/>
        <property Hover="false"/>
        <property UserControl="UCT-DbFunction"/>
        <property Height="50"/>
        <property Width="560"/>
        <widget>
            <property ID="pgbFunction"/>
            <property ObjectType="ProgressBar"/>
            <property XPos="52"/>
            <property YPos="11"/>
            <property Menu=""/>
            <property MenuItem=""/>
            <property Text="35"/>
            <property StyleSheetText=""/>
            <property Visible="false"/>
            <property Enable="true"/>
            <property Moveable="false"/>
            <property Sizeable="true"/>
            <property Bold="false"/>
            <property MaxValue="100"/>
            <property Percentage="true"/>
            <property MinValue="0"/>
            <property ToolTipEnable="true"/>
            <property Color="Standard"/>
            <property ToolTip=""/>
            <property Orientation="Horizontal"/>
            <property UserControl="UCT-DbFunction"/>
            <property Height="30"/>
            <property Width="203"/>
        </widget>
        <widget>
            <property ID="imvSymbol"/>
            <property ObjectType="GraphicsView"/>
            <property XPos="15"/>
            <property YPos="15"/>
            <property Menu=""/>
            <property MenuItem=""/>
            <property StyleSheetText=""/>
            <property Visible="True"/>
            <property Enable="true"/>
            <property Moveable="false"/>
            <property Sizeable="true"/>
            <property ScrollBars="true"/>
            <property AutoFitBG="Padding"/>
            <property ZoomStyle="Panning"/>
            <property ScrollZoom="false"/>
            <property BorderOn="false"/>
            <property ToolTipEnable="true"/>
            <property ToolTip=""/>
            <property ImageData=""/>
            <property UserControl="UCT-DbFunction"/>
            <property Height="20"/>
            <property Width="20"/>
        </widget>
        <widget>
            <property ID="lblStatus"/>
            <property ObjectType="Label"/>
            <property XPos="460"/>
            <property YPos="11"/>
            <property Menu=""/>
            <property MenuItem=""/>
            <property Text=""/>
            <property StyleSheetText=""/>
            <property Visible="true"/>
            <property Enable="true"/>
            <property Moveable="false"/>
            <property Sizeable="true"/>
            <property FontSize="Small"/>
            <property Bold="false"/>
            <property ToolTipEnable="true"/>
            <property Color="White"/>
            <property ToolTip=""/>
            <property BGColor="Transparent"/>
            <property PropScientific="false"/>
            <property Alignment="Right"/>
            <property UserControl="UCT-DbFunction"/>
            <property Height="30"/>
            <property Width="62"/>
        </widget>
        <widget>
            <property ID="lblName"/>
            <property ObjectType="Label"/>
            <property XPos="52"/>
            <property YPos="11"/>
            <property Menu=""/>
            <property MenuItem=""/>
            <property Text=""/>
            <property StyleSheetText=""/>
            <property Visible="true"/>
            <property Enable="true"/>
            <property Moveable="false"/>
            <property Sizeable="true"/>
            <property FontSize="Small"/>
            <property Bold="false"/>
            <property ToolTipEnable="true"/>
            <property Color="White"/>
            <property ToolTip=""/>
            <property BGColor="Transparent"/>
            <property PropScientific="false"/>
            <property Alignment="Left"/>
            <property UserControl="UCT-DbFunction"/>
            <property Height="30"/>
            <property Width="370"/>
        </widget>
        <widget>
            <property ID="bicProgress"/>
            <property ObjectType="BusyIndicator"/>
            <property UserControl="UCT-DbFunction"/>
            <property XPos="450"/>
            <property YPos="10"/>
            <property Visible="false"/>
            <property Menu=""/>
            <property Enable="true"/>
            <property MenuItem=""/>
            <property Moveable="false"/>
            <property Sizeable="true"/>
            <property ToolTipEnable="true"/>
            <property ToolTip=""/>
            <property StyleSheetText=""/>
            <property BusyIndicatorImage="RollingDots"/>
            <property Height="40"/>
            <property Width="40"/>
        </widget>
    </widget>
</UserControl>

