<?xml version="1.0" encoding="UTF-8"?>
<UserControl>
    <property ID="UCT-Navigation"/>
    <property ObjectType="UserControl"/>
    <property SUICoreVersion="2.0.0"/>
    <property XPos="0"/>
    <property SUIEditorVersion="1.8.0"/>
    <property YPos="0"/>
    <property SUIObjectFactory="Object factory"/>
    <property Menu=""/>
    <property MenuItem=""/>
    <property FileName="UCT-Navigation.xml"/>
    <property Visible="true"/>
    <property StyleSheetClass=""/>
    <property Enable="true"/>
    <property Moveable="true"/>
    <property Sizeable="false"/>
    <property SUIVersion="2.0.0"/>
    <property SUIName="System User Interface (SUI)"/>
    <property SUIDescription="SUI"/>
    <property HasBottomButtonBar="false"/>
    <property HasRightButtonBar="false"/>
    <property HasStatusBar="false"/>
    <property ToolTipEnable="true"/>
    <property ToolTip=""/>
    <property UserControl="UCT-Navigation"/>
    <property Height="84"/>
    <property Width="114"/>
    <widget>
        <property ID="gbxNavigation"/>
        <property ObjectType="GroupBox"/>
        <property SUICoreVersion="2.0.0"/>
        <property XPos="2"/>
        <property SUIEditorVersion="1.8.0"/>
        <property YPos="2"/>
        <property SUIObjectFactory="Object factory"/>
        <property Menu=""/>
        <property MenuItem=""/>
        <property Visible="true"/>
        <property StyleSheetClass=""/>
        <property Enable="true"/>
        <property Moveable="false"/>
        <property HoverBGColor="yellow"/>
        <property Sizeable="true"/>
        <property SUIVersion="2.0.0"/>
        <property SUIName="System User Interface (SUI)"/>
        <property SUIDescription="SUI"/>
        <property HasBottomButtonBar="false"/>
        <property HasRightButtonBar="false"/>
        <property HasStatusBar="false"/>
        <property Bold="true"/>
        <property ToolTipEnable="true"/>
        <property BGColor="standard"/>
        <property ToolTip=""/>
        <property Hover="false"/>
        <property Text=""/>
        <property UserControl="UCT-Navigation"/>
        <property Height="78"/>
        <property Width="108"/>
        <widget>
            <property ID="lblNavigationIcon"/>
            <property ObjectType="Label"/>
            <property SUICoreVersion="2.0.0"/>
            <property XPos="40"/>
            <property SUIEditorVersion="1.8.0"/>
            <property YPos="16"/>
            <property SUIObjectFactory="Object factory"/>
            <property Menu=""/>
            <property MenuItem=""/>
            <property Visible="true"/>
            <property StyleSheetClass=""/>
            <property Enable="true"/>
            <property Moveable="false"/>
            <property Sizeable="true"/>
            <property SUIVersion="2.0.0"/>
            <property SUIName="System User Interface (SUI)"/>
            <property SUIDescription="SUI"/>
            <property HasBottomButtonBar="false"/>
            <property HasRightButtonBar="false"/>
            <property FontSize="Normal"/>
            <property HasStatusBar="false"/>
            <property Bold="false"/>
            <property Color="white"/>
            <property ToolTipEnable="true"/>
            <property BGColor="transparent"/>
            <property ToolTip=""/>
            <property PropScientific="false"/>
            <property Text=""/>
            <property Alignment="Center"/>
            <property UserControl="UCT-Navigation"/>
            <property Height="26"/>
            <property Width="26"/>
        </widget>
        <widget>
            <property ID="lblNavigation"/>
            <property ObjectType="Label"/>
            <property SUICoreVersion="2.0.0"/>
            <property XPos="5"/>
            <property SUIEditorVersion="1.8.0"/>
            <property YPos="43"/>
            <property SUIObjectFactory="Object factory"/>
            <property Menu=""/>
            <property MenuItem=""/>
            <property Visible="true"/>
            <property StyleSheetClass=""/>
            <property Enable="true"/>
            <property Moveable="false"/>
            <property Sizeable="true"/>
            <property SUIVersion="2.0.0"/>
            <property SUIName="System User Interface (SUI)"/>
            <property SUIDescription="SUI"/>
            <property HasBottomButtonBar="false"/>
            <property HasRightButtonBar="false"/>
            <property FontSize="Normal"/>
            <property HasStatusBar="false"/>
            <property Bold="false"/>
            <property Color="white"/>
            <property ToolTipEnable="true"/>
            <property BGColor="transparent"/>
            <property ToolTip=""/>
            <property PropScientific="false"/>
            <property Text=""/>
            <property Alignment="Center"/>
            <property UserControl="UCT-Navigation"/>
            <property Height="30"/>
            <property Width="100"/>
        </widget>
    </widget>
</UserControl>
