<?xml version="1.0" encoding="UTF-8"?>
<UserControl>
    <property SUIVersion="2.0"/>
    <property SUICoreVersion="2.0.0"/>
    <property SUIEditorVersion="1.8.0"/>
    <property ID="UCT-TopBarMachineVersion"/>
    <property ObjectType="UserControl"/>
    <property XPos="0"/>
    <property YPos="0"/>
    <property Menu=""/>
    <property MenuItem=""/>
    <property FileName=""/>
    <property Visible="true"/>
    <property StyleSheetClass=""/>
    <property Enable="false"/>
    <property Moveable="true"/>
    <property Sizeable="false"/>
    <property ToolTipEnable="true"/>
    <property ToolTip=""/>
    <property UserControl="UCT-TopBarMachineVersion"/>
    <property Height="35"/>
    <property Width="120"/>
    <widget>
        <property ID="gbxTopBarMachineVersion"/>
        <property ObjectType="GroupBox"/>
        <property SUICoreVersion="2.0.0"/>
        <property XPos="0"/>
        <property SUIEditorVersion="1.8.0"/>
        <property YPos="0"/>
        <property SUIObjectFactory="Object factory"/>
        <property Menu=""/>
        <property MenuItem=""/>
        <property Visible="true"/>
        <property StyleSheetClass=""/>
        <property Enable="true"/>
        <property Moveable="false"/>
        <property HoverBGColor="blue"/>
        <property Sizeable="true"/>
        <property SUIVersion="2.0.0"/>
        <property SUIName="System User Interface (SUI)"/>
        <property SUIDescription="SUI"/>
        <property Bold="true"/>
        <property ToolTipEnable="true"/>
        <property BorderOn="false"/>
        <property BGColor="standard"/>
        <property ToolTip=""/>
        <property Hover="false"/>
        <property Text=""/>
        <property UserControl="UCT-TopBarMachineVersion"/>
        <property Height="35"/>
        <property Width="325"/>
        <widget>
            <property ID="lblMachineID"/>
            <property ObjectType="Label"/>
            <property XPos="10"/>
            <property YPos="3"/>
            <property Menu=""/>
            <property MenuItem=""/>
            <property Visible="true"/>
            <property StyleSheetClass="TopbarStatusLabel"/>
            <property Enable="true"/>
            <property Moveable="false"/>
            <property Sizeable="true"/>
            <property FontSize="Normal"/>
            <property Bold="false"/>
            <property Color="transparent"/>
            <property ToolTipEnable="true"/>
            <property BGColor=""/>
            <property ToolTip=""/>
            <property PropScientific="false"/>
            <property Text="MACHINE:"/>
            <property Alignment="Left"/>
            <property UserControl="UCT-TopBarMachineVersion"/>
            <property Height="30"/>
            <property Width="70"/>
        </widget>
        <widget>
            <property ID="lblMachineIDValue"/>
            <property ObjectType="Label"/>
            <property XPos="85"/>
            <property YPos="3"/>
            <property Menu=""/>
            <property MenuItem=""/>
            <property Visible="true"/>
            <property StyleSheetClass="TopbarStatusLabel"/>
            <property Enable="true"/>
            <property Moveable="false"/>
            <property Sizeable="true"/>
            <property FontSize="Normal"/>
            <property Bold="false"/>
            <property Color="transparent"/>
            <property ToolTipEnable="true"/>
            <property BGColor=""/>
            <property ToolTip=""/>
            <property PropScientific="false"/>
            <property Text="62175"/>
            <property Alignment="Left"/>
            <property UserControl="UCT-TopBarMachineVersion"/>
            <property Height="30"/>
            <property Width="70"/>
        </widget>
        <widget>
            <property ID="lblVersion"/>
            <property ObjectType="Label"/>
            <property XPos="160"/>
            <property YPos="3"/>
            <property Menu=""/>
            <property MenuItem=""/>
            <property Visible="true"/>
            <property StyleSheetClass="TopbarStatusLabel"/>
            <property Enable="true"/>
            <property Moveable="false"/>
            <property Sizeable="true"/>
            <property FontSize="Small"/>
            <property Bold="false"/>
            <property Color="white"/>
            <property ToolTipEnable="true"/>
            <property BGColor="transparent"/>
            <property ToolTip=""/>
            <property PropScientific="false"/>
            <property Text="VERSION:"/>
            <property Alignment="Left"/>
            <property UserControl="UCT-TopBarMachineVersion"/>
            <property Height="30"/>
            <property Width="60"/>
        </widget>
        <widget>
            <property ID="lblVersionValue"/>
            <property ObjectType="Label"/>
            <property XPos="230"/>
            <property YPos="3"/>
            <property Menu=""/>
            <property MenuItem=""/>
            <property Visible="true"/>
            <property StyleSheetClass="TopbarStatusLabel"/>
            <property Enable="true"/>
            <property Moveable="false"/>
            <property Sizeable="true"/>
            <property FontSize="Small"/>
            <property Bold="false"/>
            <property Color="white"/>
            <property ToolTipEnable="true"/>
            <property BGColor="transparent"/>
            <property ToolTip=""/>
            <property PropScientific="false"/>
            <property Text="3.2.6 RC8800"/>
            <property Alignment="Left"/>
            <property UserControl="UCT-TopBarMachineVersion"/>
            <property Height="30"/>
            <property Width="95"/>
        </widget>
    </widget>
</UserControl>

