<?xml version="1.0" encoding="UTF-8"?>
<SUI>
    <property SUICoreVersion="2.0.0"/>
    <property SUIEditorVersion="1.8.0"/>
    <property SUIObjectFactory="SUI Object factory"/>
    <property Height="908"/>
    <property SUIStylesheet="SourceGUI"/>
    <property Width="1230"/>
    <property SUIVersion="2.0"/>
    <property SUIName="Example SUI"/>
    <property SUIDescription="Example SUI"/>
    <property HasBottomButtonBar="false"/>
    <property HasRightButtonBar="false"/>
    <property HasStatusBar="false"/>
    <property Include-UCT-DbFunction="UCT-DbFunction.xml"/>
    <property Include-UCT-DbPlot="UCT-DbPlot.xml"/>
    <property Include-UCT-DbConsumables="UCT-DbConsumables.xml"/>
    <widget>
        <property ID="wpg1"/>
        <property ObjectType="WidgetPage"/>
        <property UserControl=""/>
        <property XPos="4"/>
        <property YPos="4"/>
        <property Visible="true"/>
        <property Menu=""/>
        <property Enable="true"/>
        <property MenuItem=""/>
        <property Moveable="false"/>
        <property Sizeable="false"/>
        <property ToolTipEnable="true"/>
        <property ToolTip=""/>
        <property StyleSheetClass=""/>
        <property Height="896"/>
        <property Width="1230"/>
        <widget>
            <property ID="lblBurst"/>
            <property ObjectType="Label"/>
            <property XPos="20"/>
            <property YPos="10"/>
            <property Menu=""/>
            <property MenuItem=""/>
            <property Text="Burst (RT5)"/>
            <property StyleSheetClass=""/>
            <property Visible="true"/>
            <property Enable="true"/>
            <property Moveable="true"/>
            <property Sizeable="true"/>
            <property FontSize="Normal"/>
            <property Bold="false"/>
            <property ToolTipEnable="true"/>
            <property Color="transparent"/>
            <property ToolTip=""/>
            <property BGColor="transparent"/>
            <property PropScientific="false"/>
            <property Alignment="Left"/>
            <property UserControl=""/>
            <property Height="30"/>
            <property Width="105"/>
        </widget>
        <widget>
            <property ID="lblPulse"/>
            <property ObjectType="Label"/>
            <property XPos="125"/>
            <property YPos="10"/>
            <property Menu=""/>
            <property MenuItem=""/>
            <property Text="Pulse (RT2)"/>
            <property StyleSheetClass=""/>
            <property Visible="true"/>
            <property Enable="true"/>
            <property Moveable="true"/>
            <property Sizeable="true"/>
            <property FontSize="Normal"/>
            <property Bold="false"/>
            <property ToolTipEnable="true"/>
            <property Color="transparent"/>
            <property ToolTip=""/>
            <property BGColor="transparent"/>
            <property PropScientific="false"/>
            <property Alignment="Left"/>
            <property UserControl=""/>
            <property Height="30"/>
            <property Width="105"/>
        </widget>
        <widget>
            <property ID="plwMainPlot"/>
            <property ObjectType="PlotWidget"/>
            <property XPos="20"/>
            <property YPos="50"/>
            <property Menu=""/>
            <property MenuItem=""/>
            <property StyleSheetClass=""/>
            <property Visible="true"/>
            <property Enable="true"/>
            <property Moveable="true"/>
            <property Sizeable="true"/>
            <property ToolTipEnable="true"/>
            <property ToolTip=""/>
            <property Hover="false"/>
            <property Zoom="false"/>
            <property UserControl=""/>
            <property xAxisScale="Normal"/>
            <property Height="300"/>
            <property Width="500"/>
        </widget>
        <widget>
            <property ID="uctMiniPlot1"/>
            <property ObjectType="UserControl"/>
            <property UserControl="UCT-DbPlot"/>
            <property XPos="517"/>
            <property YPos="48"/>
            <property Visible="true"/>
            <property Menu=""/>
            <property Enable="true"/>
            <property MenuItem=""/>
            <property Moveable="true"/>
            <property Sizeable="false"/>
            <property ToolTipEnable="true"/>
            <property ToolTip=""/>
            <property FileName="/tmp/VENU/XML/UCT-DbPlot.xml"/>
            <property StyleSheetClass=""/>
            <property Height="104"/>
            <property Width="214"/>
        </widget>
        <widget>
            <property ID="uctMiniPlot2"/>
            <property ObjectType="UserControl"/>
            <property UserControl="UCT-DbPlot"/>
            <property XPos="517"/>
            <property YPos="123"/>
            <property Visible="true"/>
            <property Menu=""/>
            <property Enable="true"/>
            <property MenuItem=""/>
            <property Moveable="true"/>
            <property Sizeable="false"/>
            <property ToolTipEnable="true"/>
            <property ToolTip=""/>
            <property FileName="/tmp/VENU/XML/UCT-DbPlot.xml"/>
            <property StyleSheetClass=""/>
            <property Height="104"/>
            <property Width="214"/>
        </widget>
        <widget>
            <property ID="uctMiniPlot3"/>
            <property ObjectType="UserControl"/>
            <property UserControl="UCT-DbPlot"/>
            <property XPos="517"/>
            <property YPos="198"/>
            <property Visible="true"/>
            <property Menu=""/>
            <property Enable="true"/>
            <property MenuItem=""/>
            <property Moveable="true"/>
            <property Sizeable="false"/>
            <property ToolTipEnable="true"/>
            <property ToolTip=""/>
            <property FileName="/tmp/VENU/XML/UCT-DbPlot.xml"/>
            <property StyleSheetClass=""/>
            <property Height="104"/>
            <property Width="214"/>
        </widget>
        <widget>
            <property ID="uctMiniPlot4"/>
            <property ObjectType="UserControl"/>
            <property UserControl="UCT-DbPlot"/>
            <property XPos="517"/>
            <property YPos="273"/>
            <property Visible="true"/>
            <property Menu=""/>
            <property Enable="true"/>
            <property MenuItem=""/>
            <property Moveable="true"/>
            <property Sizeable="false"/>
            <property ToolTipEnable="true"/>
            <property ToolTip=""/>
            <property FileName="/tmp/VENU/XML/UCT-DbPlot.xml"/>
            <property StyleSheetClass=""/>
            <property Height="104"/>
            <property Width="214"/>
        </widget>
        <widget>
            <property ID="lblDbConsumables"/>
            <property ObjectType="Label"/>
            <property XPos="750"/>
            <property YPos="50"/>
            <property Menu=""/>
            <property MenuItem=""/>
            <property Text="Consumables"/>
            <property StyleSheetClass=""/>
            <property Visible="true"/>
            <property Enable="true"/>
            <property Moveable="true"/>
            <property Sizeable="true"/>
            <property FontSize="Normal"/>
            <property Bold="True"/>
            <property ToolTipEnable="true"/>
            <property Color="White"/>
            <property ToolTip=""/>
            <property BGColor="transparent"/>
            <property PropScientific="false"/>
            <property Alignment="Left"/>
            <property UserControl=""/>
            <property Height="30"/>
            <property Width="200"/>
        </widget>
        <widget>
            <property ID="uctDbConsumables1"/>
            <property ObjectType="UserControl"/>
            <property UserControl="UCT-DbConsumables"/>
            <property XPos="750"/>
            <property YPos="95"/>
            <property Visible="true"/>
            <property Menu=""/>
            <property Enable="true"/>
            <property MenuItem=""/>
            <property Moveable="true"/>
            <property Sizeable="false"/>
            <property ToolTipEnable="true"/>
            <property ToolTip=""/>
            <property FileName="/tmp/VENU/XML/DbConsumables/UCT-DbConsumables.xml"/>
            <property StyleSheetClass=""/>
            <property Height="54"/>
            <property Width="474"/>
        </widget>
        <widget>
            <property ID="uctDbConsumables2"/>
            <property ObjectType="UserControl"/>
            <property UserControl="UCT-DbConsumables"/>
            <property XPos="750"/>
            <property YPos="145"/>
            <property Visible="true"/>
            <property Menu=""/>
            <property Enable="true"/>
            <property MenuItem=""/>
            <property Moveable="true"/>
            <property Sizeable="false"/>
            <property ToolTipEnable="true"/>
            <property ToolTip=""/>
            <property FileName="/tmp/VENU/XML/DbConsumables/UCT-DbConsumables.xml"/>
            <property StyleSheetClass=""/>
            <property Height="54"/>
            <property Width="474"/>
        </widget>
        <widget>
            <property ID="uctDbConsumables3"/>
            <property ObjectType="UserControl"/>
            <property UserControl="UCT-DbConsumables"/>
            <property XPos="750"/>
            <property YPos="195"/>
            <property Visible="true"/>
            <property Menu=""/>
            <property Enable="true"/>
            <property MenuItem=""/>
            <property Moveable="true"/>
            <property Sizeable="false"/>
            <property ToolTipEnable="true"/>
            <property ToolTip=""/>
            <property FileName="/tmp/VENU/XML/DbConsumables/UCT-DbConsumables.xml"/>
            <property StyleSheetClass=""/>
            <property Height="54"/>
            <property Width="474"/>
        </widget>
        <widget>
            <property ID="uctDbConsumables4"/>
            <property ObjectType="UserControl"/>
            <property UserControl="UCT-DbConsumables"/>
            <property XPos="750"/>
            <property YPos="245"/>
            <property Visible="true"/>
            <property Menu=""/>
            <property Enable="true"/>
            <property MenuItem=""/>
            <property Moveable="true"/>
            <property Sizeable="false"/>
            <property ToolTipEnable="true"/>
            <property ToolTip=""/>
            <property FileName="/tmp/VENU/XML/DbConsumables/UCT-DbConsumables.xml"/>
            <property StyleSheetClass=""/>
            <property Height="54"/>
            <property Width="474"/>
        </widget>
        <widget>
            <property ID="uctDbConsumables5"/>
            <property ObjectType="UserControl"/>
            <property UserControl="UCT-DbConsumables"/>
            <property XPos="750"/>
            <property YPos="295"/>
            <property Visible="true"/>
            <property Menu=""/>
            <property Enable="true"/>
            <property MenuItem=""/>
            <property Moveable="true"/>
            <property Sizeable="false"/>
            <property ToolTipEnable="true"/>
            <property ToolTip=""/>
            <property FileName="/tmp/VENU/XML/DbConsumables/UCT-DbConsumables.xml"/>
            <property StyleSheetClass=""/>
            <property Height="54"/>
            <property Width="474"/>
        </widget>
        <widget>
            <property ID="lblDbFunction"/>
            <property ObjectType="Label"/>
            <property XPos="22"/>
            <property YPos="360"/>
            <property Menu=""/>
            <property MenuItem=""/>
            <property Text="Droplet"/>
            <property StyleSheetClass=""/>
            <property Visible="true"/>
            <property Enable="true"/>
            <property Moveable="true"/>
            <property Sizeable="true"/>
            <property FontSize="Normal"/>
            <property Bold="false"/>
            <property ToolTipEnable="true"/>
            <property Color="White"/>
            <property ToolTip=""/>
            <property BGColor="transparent"/>
            <property PropScientific="false"/>
            <property Alignment="Left"/>
            <property UserControl=""/>
            <property Height="30"/>
            <property Width="200"/>
        </widget>
        <widget>
            <property ID="uctDbDroplet1"/>
            <property ObjectType="UserControl"/>
            <property UserControl="UCT-DbFunction"/>
            <property XPos="22"/>
            <property YPos="390"/>
            <property Visible="true"/>
            <property Menu=""/>
            <property Enable="true"/>
            <property MenuItem=""/>
            <property Moveable="true"/>
            <property Sizeable="false"/>
            <property ToolTipEnable="true"/>
            <property ToolTip=""/>
            <property FileName="/tmp/VENU/XML/UCT-DbFunction.xml"/>
            <property StyleSheetClass=""/>
            <property Height="54"/>
            <property Width="580"/>
        </widget>
        <widget>
            <property ID="uctDbDroplet2"/>
            <property ObjectType="UserControl"/>
            <property UserControl="UCT-DbFunction"/>
            <property XPos="22"/>
            <property YPos="440"/>
            <property Visible="true"/>
            <property Menu=""/>
            <property Enable="true"/>
            <property MenuItem=""/>
            <property Moveable="true"/>
            <property Sizeable="false"/>
            <property ToolTipEnable="true"/>
            <property ToolTip=""/>
            <property FileName="/tmp/VENU/XML/UCT-DbFunction.xml"/>
            <property StyleSheetClass=""/>
            <property Height="54"/>
            <property Width="580"/>
        </widget>
        <widget>
            <property ID="uctDbDroplet3"/>
            <property ObjectType="UserControl"/>
            <property UserControl="UCT-DbFunction"/>
            <property XPos="22"/>
            <property YPos="490"/>
            <property Visible="true"/>
            <property Menu=""/>
            <property Enable="true"/>
            <property MenuItem=""/>
            <property Moveable="true"/>
            <property Sizeable="false"/>
            <property ToolTipEnable="true"/>
            <property ToolTip=""/>
            <property FileName="/tmp/VENU/XML/UCT-DbFunction.xml"/>
            <property StyleSheetClass=""/>
            <property Height="54"/>
            <property Width="580"/>
        </widget>
        <widget>
            <property ID="uctDbDroplet4"/>
            <property ObjectType="UserControl"/>
            <property UserControl="UCT-DbFunction"/>
            <property XPos="22"/>
            <property YPos="540"/>
            <property Visible="true"/>
            <property Menu=""/>
            <property Enable="true"/>
            <property MenuItem=""/>
            <property Moveable="true"/>
            <property Sizeable="false"/>
            <property ToolTipEnable="true"/>
            <property ToolTip=""/>
            <property FileName="/tmp/VENU/XML/UCT-DbFunction.xml"/>
            <property StyleSheetClass=""/>
            <property Height="54"/>
            <property Width="580"/>
        </widget>
        <widget>
            <property ID="uctDbDroplet5"/>
            <property ObjectType="UserControl"/>
            <property UserControl="UCT-DbFunction"/>
            <property XPos="22"/>
            <property YPos="590"/>
            <property Visible="true"/>
            <property Menu=""/>
            <property Enable="true"/>
            <property MenuItem=""/>
            <property Moveable="true"/>
            <property Sizeable="false"/>
            <property ToolTipEnable="true"/>
            <property ToolTip=""/>
            <property FileName="/tmp/VENU/XML/UCT-DbFunction.xml"/>
            <property StyleSheetClass=""/>
            <property Height="54"/>
            <property Width="580"/>
        </widget>
        <widget>
            <property ID="lblDbDriver"/>
            <property ObjectType="Label"/>
            <property XPos="660"/>
            <property YPos="360"/>
            <property Menu=""/>
            <property MenuItem=""/>
            <property Text="CO2"/>
            <property StyleSheetClass=""/>
            <property Visible="true"/>
            <property Enable="true"/>
            <property Moveable="true"/>
            <property Sizeable="true"/>
            <property FontSize="Normal"/>
            <property Bold="false"/>
            <property ToolTipEnable="true"/>
            <property Color="White"/>
            <property ToolTip=""/>
            <property BGColor="transparent"/>
            <property PropScientific="false"/>
            <property Alignment="Left"/>
            <property UserControl=""/>
            <property Height="30"/>
            <property Width="200"/>
        </widget>
        <widget>
            <property ID="uctDbCOTwo1"/>
            <property ObjectType="UserControl"/>
            <property UserControl="UCT-DbFunction"/>
            <property XPos="660"/>
            <property YPos="390"/>
            <property Visible="true"/>
            <property Menu=""/>
            <property Enable="true"/>
            <property MenuItem=""/>
            <property Moveable="true"/>
            <property Sizeable="false"/>
            <property ToolTipEnable="true"/>
            <property ToolTip=""/>
            <property FileName="/tmp/VENU/XML/UCT-DbFunction.xml"/>
            <property StyleSheetClass=""/>
            <property Height="54"/>
            <property Width="580"/>
        </widget>
        <widget>
            <property ID="uctDbCOTwo2"/>
            <property ObjectType="UserControl"/>
            <property UserControl="UCT-DbFunction"/>
            <property XPos="660"/>
            <property YPos="440"/>
            <property Visible="true"/>
            <property Menu=""/>
            <property Enable="true"/>
            <property MenuItem=""/>
            <property Moveable="true"/>
            <property Sizeable="false"/>
            <property ToolTipEnable="true"/>
            <property ToolTip=""/>
            <property FileName="/tmp/VENU/XML/UCT-DbFunction.xml"/>
            <property StyleSheetClass=""/>
            <property Height="54"/>
            <property Width="580"/>
        </widget>
        <widget>
            <property ID="uctDbCOTwo3"/>
            <property ObjectType="UserControl"/>
            <property UserControl="UCT-DbFunction"/>
            <property XPos="660"/>
            <property YPos="490"/>
            <property Visible="true"/>
            <property Menu=""/>
            <property Enable="true"/>
            <property MenuItem=""/>
            <property Moveable="true"/>
            <property Sizeable="false"/>
            <property ToolTipEnable="true"/>
            <property ToolTip=""/>
            <property FileName="/tmp/VENU/XML/UCT-DbFunction.xml"/>
            <property StyleSheetClass=""/>
            <property Height="54"/>
            <property Width="580"/>
        </widget>
        <widget>
            <property ID="uctDbCOTwo4"/>
            <property ObjectType="UserControl"/>
            <property UserControl="UCT-DbFunction"/>
            <property XPos="660"/>
            <property YPos="540"/>
            <property Visible="true"/>
            <property Menu=""/>
            <property Enable="true"/>
            <property MenuItem=""/>
            <property Moveable="true"/>
            <property Sizeable="false"/>
            <property ToolTipEnable="true"/>
            <property ToolTip=""/>
            <property FileName="/tmp/VENU/XML/UCT-DbFunction.xml"/>
            <property StyleSheetClass=""/>
            <property Height="54"/>
            <property Width="580"/>
        </widget>
        <widget>
            <property ID="uctDbCOTwo5"/>
            <property ObjectType="UserControl"/>
            <property UserControl="UCT-DbFunction"/>
            <property XPos="660"/>
            <property YPos="590"/>
            <property Visible="true"/>
            <property Menu=""/>
            <property Enable="true"/>
            <property MenuItem=""/>
            <property Moveable="true"/>
            <property Sizeable="false"/>
            <property ToolTipEnable="true"/>
            <property ToolTip=""/>
            <property FileName="/tmp/VENU/XML/UCT-DbFunction.xml"/>
            <property StyleSheetClass=""/>
            <property Height="54"/>
            <property Width="580"/>
        </widget>
        <widget>
            <property ID="uctDbCOTwo6"/>
            <property ObjectType="UserControl"/>
            <property UserControl="UCT-DbFunction"/>
            <property XPos="660"/>
            <property YPos="640"/>
            <property Visible="true"/>
            <property Menu=""/>
            <property Enable="true"/>
            <property MenuItem=""/>
            <property Moveable="true"/>
            <property Sizeable="false"/>
            <property ToolTipEnable="true"/>
            <property ToolTip=""/>
            <property FileName="/tmp/VENU/XML/UCT-DbFunction.xml"/>
            <property StyleSheetClass=""/>
            <property Height="54"/>
            <property Width="580"/>
        </widget>
        <widget>
            <property ID="uctDbCOTwo7"/>
            <property ObjectType="UserControl"/>
            <property UserControl="UCT-DbFunction"/>
            <property XPos="660"/>
            <property YPos="690"/>
            <property Visible="true"/>
            <property Menu=""/>
            <property Enable="true"/>
            <property MenuItem=""/>
            <property Moveable="true"/>
            <property Sizeable="false"/>
            <property ToolTipEnable="true"/>
            <property ToolTip=""/>
            <property FileName="/tmp/VENU/XML/UCT-DbFunction.xml"/>
            <property StyleSheetClass=""/>
            <property Height="54"/>
            <property Width="580"/>
        </widget>
        <widget>
            <property ID="uctDbCOTwo8"/>
            <property ObjectType="UserControl"/>
            <property UserControl="UCT-DbFunction"/>
            <property XPos="660"/>
            <property YPos="740"/>
            <property Visible="true"/>
            <property Menu=""/>
            <property Enable="true"/>
            <property MenuItem=""/>
            <property Moveable="true"/>
            <property Sizeable="false"/>
            <property ToolTipEnable="true"/>
            <property ToolTip=""/>
            <property FileName="/tmp/VENU/XML/UCT-DbFunction.xml"/>
            <property StyleSheetClass=""/>
            <property Height="54"/>
            <property Width="580"/>
        </widget>
    </widget>
</SUI>
