<?xml version="1.0" encoding="UTF-8"?>
<SUI>
  <property SUICoreVersion="2.46.0" />
  <property SUIEditorVersion="2.46.0" />
  <property SUIObjectFactory="SUI Object factory" />
  <property Height="960" />
  <property SUIStylesheet="SourceGUI" />
  <property Width="1545" />
  <property SUIVersion="2.46" />
  <property SUIName="Example SUI" />
  <property SUIDescription="Example SUI" />
  <property HasBottomButtonBar="false" />
  <property Namespace="NMSP" />
  <property HasRightButtonBar="false" />
  <property ClassName="CLNA" />
  <property HasStatusBar="false" />
  <property Include-UCT-Driver="UCT-Parameter.xml"/>
  <widget>
    <property ID="lblHeader" />
    <property ObjectType="Label" />
    <property XPos="0" />
    <property YPos="40" />
    <property Menu="" />
    <property MenuItem="" />
    <property Visible="true" />
    <property StyleSheetClass="" />
    <property Enable="true" />
    <property Moveable="true" />
    <property Sizeable="true" />
    <property FontSize="Small" />
    <property Bold="false" />
    <property Color="white" />
    <property ToolTipEnable="true" />
    <property BGColor="Transparent" />
    <property ToolTip="" />
    <property PropScientific="false" />
    <property Text="Machine constants" />
    <property Alignment="Left" />
    <property UserControl="" />
    <property Height="30" />
    <property Width="460" />
  </widget>
  <widget>
    <property ID="gbxPageOne" />
    <property ObjectType="GroupBox" />
    <property XPos="0" />
    <property YPos="80" />
    <property Menu="" />
    <property MenuItem="" />
    <property Visible="true" />
    <property StyleSheetClass="page" />
    <property Enable="true" />
    <property Moveable="true" />
    <property HoverBGColor="standard" />
    <property Sizeable="true" />
    <property Bold="true" />
    <property ToolTipEnable="true" />
    <property BGColor="white" />
    <property ToolTip="" />
    <property Hover="false" />
    <property Text="" />
    <property UserControl="" />
    <property Height="880" />
    <property Width="763" />
    <widget>
        <property ID="btnParameterName"/>
        <property ObjectType="Button"/>
        <property XPos="20"/>
        <property YPos="130"/>
        <property Menu=""/>
        <property MenuItem=""/>
        <property Visible="true"/>
        <property StyleSheetClass="parametername"/>
        <property Enable="true"/>
        <property Moveable="true"/>
        <property Sizeable="true"/>
        <property Bold="false"/>
        <property ToolTipEnable="true"/>
        <property ToolTip=""/>
        <property ImageData=""/>
        <property ImageDataPressed=""/>
        <property Text="Parameter name"/>
        <property Alignment="left"/>
        <property UserControl=""/>
        <property TabOrder="1"/>
        <property Height="30"/>
        <property Width="550"/>
    </widget>
    <widget>
        <property ID="btnParameterValue"/>
        <property ObjectType="Button"/>
        <property XPos="570"/>
        <property YPos="130"/>
        <property Menu=""/>
        <property MenuItem=""/>
        <property Visible="true"/>
        <property StyleSheetClass="parametervalue"/>
        <property Enable="true"/>
        <property Moveable="true"/>
        <property Sizeable="true"/>
        <property Bold="false"/>
        <property ToolTipEnable="true"/>
        <property ToolTip=""/>
        <property ImageData=""/>
        <property ImageDataPressed=""/>
        <property Text="Value"/>
        <property Alignment="left"/>
        <property UserControl=""/>
        <property TabOrder="1"/>
        <property Height="30"/>
        <property Width="150"/>
    </widget>
    <widget>
        <property ID="tawParameters" />
        <property ObjectType="TableWidget" />
        <property XPos="20" />
        <property YPos="160" />
        <property Visible="true" />
        <property Enable="true" />
        <property Moveable="true" />
        <property Sizeable="true" />
        <property RowHeights="0,40;" />
        <property ColumnCount="1" />
        <property RowCount="1" />
        <property ColumnWidths="0,700" />
        <property ListViewMode="true" />
        <property BorderWidth="0" />
        <property BorderOn="false" />
        <property ToolTipEnable="true" />
        <property MultipleRowSelection="false" />
        <property HeadersOn="false" />
        <property TabOrder="0" />
        <property Height="800" />
        <property Width="730" />
        <widget>
            <property ID="uct-tawParameters:1-1"/>
            <property ObjectType="UserControl"/>
            <property XPos="0"/>
            <property YPos="0"/>
            <property FileName="UCT-Parameter.xml"/>
            <property Visible="true" />
            <property StyleSheetClass="" />
            <property Enable="true" />
            <property Moveable="false" />
            <property Sizeable="false" />
            <property FontSize="Small" />
            <property Bold="false" />
            <property CellAlignment="stretch" />
            <property BorderWidth="" />
            <property BorderOn="false" />
            <property ToolTipEnable="true" />
            <property ToolTip="" />
            <property Text="Amplification Chain" />
            <property BGColor="green" />
            <property Alignment="left" />
            <property UserControl="UCT-Parameter"/>
            <property Height="60" />
            <property Width="0" />
        </widget>
     </widget>
  </widget>
  <widget>
    <property ID="gbxPageTwo" />
    <property ObjectType="GroupBox" />
    <property XPos="764" />
    <property YPos="80" />
    <property Menu="" />
    <property MenuItem="" />
    <property Visible="true" />
    <property StyleSheetClass="page" />
    <property Enable="true" />
    <property Moveable="true" />
    <property HoverBGColor="standard" />
    <property Sizeable="true" />
    <property Bold="true" />
    <property ToolTipEnable="true" />
    <property BGColor="white" />
    <property ToolTip="" />
    <property Hover="false" />
    <property Text="" />
    <property UserControl="" />
    <property Height="880" />
    <property Width="745" />
  </widget>
</SUI>
