<?xml version="1.0" encoding="UTF-8"?>
<SUI>
   <property SUICoreVersion="2.0.0"/>
   <property SUIEditorVersion="1.8.0"/>
   <property SUIObjectFactory="SUI Object factory"/>
   <property Height="908"/>
   <property SUIStylesheet="SourceGUI"/>
   <property Width="1550"/>
   <property SUIVersion="2.0"/>
   <property SUIName="Dashboard"/>
   <property SUIDescription="Dashboard"/>
   <property HasBottomButtonBar="false"/>
   <property HasRightButtonBar="false"/>
   <property HasStatusBar="false"/>
   <property Include-UCT-CONSUMABLE="UCT-CONSUMABLE.xml"/>
   <property Include-UCT-PLOT="UCT-PLOT.xml"/>
   <property Include-UCT-NORMALKPI="UCT-NORMALKPI.xml"/>
   <widget>
      <property ID="wpg1"/>
      <property ObjectType="WidgetPage"/>
      <property UserControl=""/>
      <property XPos="0"/>
      <property YPos="4"/>
      <property Visible="true"/>
      <property Menu=""/>
      <property Enable="true"/>
      <property MenuItem=""/>
      <property Moveable="true"/>
      <property Sizeable="true"/>
      <property ToolTipEnable="true"/>
      <property ToolTip=""/>
      <property StyleSheetClass=""/>
      <property Height="1200"/>
      <property Width="1550"/>
      <widget>
         <property ID="timeDisplay1"/>
         <property ObjectType="Label"/>
         <property XPos="0"/>
         <property YPos="15"/>
         <property Menu=""/>
         <property MenuItem=""/>
         <property Visible="true"/>
         <property StyleSheetClass="scrollbartimedisplay"/>
         <property Enable="true"/>
         <property Moveable="true"/>
         <property Sizeable="true"/>
         <property FontSize="Normal"/>
         <property Bold="false"/>
         <property Color=""/>
         <property ToolTipEnable="true"/>
         <property BGColor="transparent"/>
         <property ToolTip=""/>
         <property PropScientific="false"/>
         <property Text="10:00"/>
         <property Alignment="Left"/>
         <property UserControl=""/>
         <property Height="20"/>
         <property Width="40"/>
      </widget>
      <widget>
         <property ID="timeDisplay2"/>
         <property ObjectType="Label"/>
         <property XPos="255"/>
         <property YPos="15"/>
         <property Menu=""/>
         <property MenuItem=""/>
         <property Visible="true"/>
         <property StyleSheetClass="scrollbartimedisplay"/>
         <property Enable="true"/>
         <property Moveable="true"/>
         <property Sizeable="true"/>
         <property FontSize="Normal"/>
         <property Bold="false"/>
         <property Color=""/>
         <property ToolTipEnable="true"/>
         <property BGColor="transparent"/>
         <property ToolTip=""/>
         <property PropScientific="false"/>
         <property Text="10:00"/>
         <property Alignment="Left"/>
         <property UserControl=""/>
         <property Height="20"/>
         <property Width="40"/>
      </widget>
      <widget>
         <property ID="timeDisplay3"/>
         <property ObjectType="Label"/>
         <property XPos="510"/>
         <property YPos="15"/>
         <property Menu=""/>
         <property MenuItem=""/>
         <property Visible="true"/>
         <property StyleSheetClass="scrollbartimedisplay"/>
         <property Enable="true"/>
         <property Moveable="true"/>
         <property Sizeable="true"/>
         <property FontSize="Normal"/>
         <property Bold="false"/>
         <property Color=""/>
         <property ToolTipEnable="true"/>
         <property BGColor="transparent"/>
         <property ToolTip=""/>
         <property PropScientific="false"/>
         <property Text="10:00"/>
         <property Alignment="Left"/>
         <property UserControl=""/>
         <property Height="20"/>
         <property Width="40"/>
      </widget>
      <widget>
         <property ID="timeDisplay4"/>
         <property ObjectType="Label"/>
         <property XPos="765"/>
         <property YPos="15"/>
         <property Menu=""/>
         <property MenuItem=""/>
         <property Visible="true"/>
         <property StyleSheetClass="scrollbartimedisplay"/>
         <property Enable="true"/>
         <property Moveable="true"/>
         <property Sizeable="true"/>
         <property FontSize="Normal"/>
         <property Bold="false"/>
         <property Color=""/>
         <property ToolTipEnable="true"/>
         <property BGColor="transparent"/>
         <property ToolTip=""/>
         <property PropScientific="false"/>
         <property Text="10:00"/>
         <property Alignment="Left"/>
         <property UserControl=""/>
         <property Height="20"/>
         <property Width="40"/>
      </widget>
      <widget>
         <property ID="timeDisplay5"/>
         <property ObjectType="Label"/>
         <property XPos="1015"/>
         <property YPos="15"/>
         <property Menu=""/>
         <property MenuItem=""/>
         <property Visible="true"/>
         <property StyleSheetClass="scrollbartimedisplay"/>
         <property Enable="true"/>
         <property Moveable="true"/>
         <property Sizeable="true"/>
         <property FontSize="Normal"/>
         <property Bold="false"/>
         <property Color=""/>
         <property ToolTipEnable="true"/>
         <property BGColor="transparent"/>
         <property ToolTip=""/>
         <property PropScientific="false"/>
         <property Text="10:00"/>
         <property Alignment="Left"/>
         <property UserControl=""/>
         <property Height="20"/>
         <property Width="40"/>
      </widget>
      <widget>
         <property ID="timeDisplay6"/>
         <property ObjectType="Label"/>
         <property XPos="1265"/>
         <property YPos="15"/>
         <property Menu=""/>
         <property MenuItem=""/>
         <property Visible="true"/>
         <property StyleSheetClass="scrollbartimedisplay"/>
         <property Enable="true"/>
         <property Moveable="true"/>
         <property Sizeable="true"/>
         <property FontSize="Normal"/>
         <property Bold="false"/>
         <property Color=""/>
         <property ToolTipEnable="true"/>
         <property BGColor="transparent"/>
         <property ToolTip=""/>
         <property PropScientific="false"/>
         <property Text="10:00"/>
         <property Alignment="Left"/>
         <property UserControl=""/>
         <property Height="20"/>
         <property Width="40"/>
      </widget>
      <widget>
         <property ID="timeDisplay7"/>
         <property ObjectType="Label"/>
         <property XPos="1500"/>
         <property YPos="15"/>
         <property Menu=""/>
         <property MenuItem=""/>
         <property Visible="true"/>
         <property StyleSheetClass="scrollbartimedisplay"/>
         <property Enable="true"/>
         <property Moveable="true"/>
         <property Sizeable="true"/>
         <property FontSize="Normal"/>
         <property Bold="false"/>
         <property Color=""/>
         <property ToolTipEnable="true"/>
         <property BGColor="transparent"/>
         <property ToolTip=""/>
         <property PropScientific="false"/>
         <property Text="10:00"/>
         <property Alignment="Left"/>
         <property UserControl=""/>
         <property Height="20"/>
         <property Width="40"/>
      </widget>
      <widget>
         <property ID="scbTimeSlider"/>
         <property ObjectType="ScrollBar"/>
         <property XPos="0"/>
         <property YPos="35"/>
         <property Menu=""/>
         <property MenuItem=""/>
         <property Visible="true"/>
         <property StyleSheetClass="slider"/>
         <property Enable="true"/>
         <property Moveable="true"/>
         <property Sizeable="true"/>
         <property StepSize="1"/>
         <property MaxValue=""/>
         <property MinValue=""/>
         <property ToolTipEnable="false"/>
         <property ToolTip=""/>
         <property Orientation="Horizontal"/>
         <property UserControl=""/>
         <property Height="30"/>
         <property Width="1540"/>
      </widget>
      <widget>
         <property ID="uctKPIGraph1"/>
         <property ObjectType="UserControl"/>
         <property UserControl="UCT-PLOT"/>
         <property XPos="0"/>
         <property YPos="50"/>
         <property Visible="true"/>
         <property Menu=""/>
         <property Enable="true"/>
         <property MenuItem=""/>
         <property Moveable="true"/>
         <property Sizeable="true"/>
         <property ToolTipEnable="true"/>
         <property ToolTip=""/>
         <property FileName=""/>
         <property StyleSheetClass=""/>
         <property Height="300"/>
         <property Width="300"/>
      </widget>
      <widget>
         <property ID="uctKPIGraph2"/>
         <property ObjectType="UserControl"/>
         <property UserControl="UCT-PLOT"/>
         <property XPos="310"/>
         <property YPos="50"/>
         <property Visible="true"/>
         <property Menu=""/>
         <property Enable="true"/>
         <property MenuItem=""/>
         <property Moveable="true"/>
         <property Sizeable="true"/>
         <property ToolTipEnable="true"/>
         <property ToolTip=""/>
         <property FileName=""/>
         <property StyleSheetClass=""/>
         <property Height="300"/>
         <property Width="300"/>
      </widget>
      <widget>
         <property ID="uctKPIGraph3"/>
         <property ObjectType="UserControl"/>
         <property UserControl="UCT-PLOT"/>
         <property XPos="620"/>
         <property YPos="50"/>
         <property Visible="true"/>
         <property Menu=""/>
         <property Enable="true"/>
         <property MenuItem=""/>
         <property Moveable="true"/>
         <property Sizeable="true"/>
         <property ToolTipEnable="true"/>
         <property ToolTip=""/>
         <property FileName=""/>
         <property StyleSheetClass=""/>
         <property Height="300"/>
         <property Width="300"/>
      </widget>
      <widget>
         <property ID="uctKPIGraph4"/>
         <property ObjectType="UserControl"/>
         <property UserControl="UCT-PLOT"/>
         <property XPos="930"/>
         <property YPos="50"/>
         <property Visible="true"/>
         <property Menu=""/>
         <property Enable="true"/>
         <property MenuItem=""/>
         <property Moveable="true"/>
         <property Sizeable="true"/>
         <property ToolTipEnable="true"/>
         <property ToolTip=""/>
         <property FileName=""/>
         <property StyleSheetClass=""/>
         <property Height="300"/>
         <property Width="300"/>
      </widget>
      <widget>
         <property ID="uctKPIGraph5"/>
         <property ObjectType="UserControl"/>
         <property UserControl="UCT-PLOT"/>
         <property XPos="1240"/>
         <property YPos="50"/>
         <property Visible="true"/>
         <property Menu=""/>
         <property Enable="true"/>
         <property MenuItem=""/>
         <property Moveable="true"/>
         <property Sizeable="true"/>
         <property ToolTipEnable="true"/>
         <property ToolTip=""/>
         <property FileName=""/>
         <property StyleSheetClass=""/>
         <property Height="300"/>
         <property Width="300"/>
      </widget>
      <widget>
         <property ID="lblHeaderName_T1"/>
         <property ObjectType="Label"/>
         <property XPos="0"/>
         <property YPos="370"/>
         <property Menu=""/>
         <property MenuItem=""/>
         <property Visible="true"/>
         <property StyleSheetClass="headingkpitable"/>
         <property Enable="true"/>
         <property Moveable="true"/>
         <property Sizeable="true"/>
         <property FontSize="Normal"/>
         <property Bold="false"/>
         <property Color="transparent"/>
         <property ToolTipEnable="true"/>
         <property BGColor=""/>
         <property ToolTip=""/>
         <property PropScientific="false"/>
         <property Text=" NAME"/>
         <property Alignment="Left"/>
         <property UserControl=""/>
         <property Height="30"/>
         <property Width="260"/>
      </widget>
      <widget>
         <property ID="lblHeaderLastUpdated_T1"/>
         <property ObjectType="Label"/>
         <property XPos="260"/>
         <property YPos="370"/>
         <property Menu=""/>
         <property MenuItem=""/>
         <property Visible="true"/>
         <property StyleSheetClass="headingkpitable"/>
         <property Enable="true"/>
         <property Moveable="true"/>
         <property Sizeable="true"/>
         <property FontSize="Normal"/>
         <property Bold="false"/>
         <property Color="transparent"/>
         <property ToolTipEnable="true"/>
         <property BGColor="green"/>
         <property ToolTip=""/>
         <property PropScientific="false"/>
         <property Text=" Last Update"/>
         <property Alignment="Left"/>
         <property UserControl=""/>
         <property Height="30"/>
         <property Width="163"/>
      </widget>
      <widget>
         <property ID="lblHeaderValue_T1"/>
         <property ObjectType="Label"/>
         <property XPos="423"/>
         <property YPos="370"/>
         <property Menu=""/>
         <property MenuItem=""/>
         <property Visible="true"/>
         <property StyleSheetClass="headingkpitable"/>
         <property Enable="true"/>
         <property Moveable="true"/>
         <property Sizeable="true"/>
         <property FontSize="Normal"/>
         <property Bold="false"/>
         <property Color="transparent"/>
         <property ToolTipEnable="true"/>
         <property BGColor="green"/>
         <property ToolTip=""/>
         <property PropScientific="false"/>
         <property Text=" Value"/>
         <property Alignment="Left"/>
         <property UserControl=""/>
         <property Height="30"/>
         <property Width="83"/>
      </widget>
      <widget>
         <property ID="uctNormalKPI1_T1"/>
         <property ObjectType="UserControl"/>
         <property UserControl="UCT-NORMALKPI"/>
         <property XPos="0"/>
         <property YPos="400"/>
         <property Visible="true"/>
         <property Menu=""/>
         <property Enable="true"/>
         <property MenuItem=""/>
         <property Moveable="true"/>
         <property Sizeable="true"/>
         <property ToolTipEnable="true"/>
         <property ToolTip=""/>
         <property FileName=""/>
         <property StyleSheetClass=""/>
         <property Height="40"/>
         <property Width="510"/>
      </widget>
      <widget>
         <property ID="uctNormalKPI2_T1"/>
         <property ObjectType="UserControl"/>
         <property UserControl="UCT-NORMALKPI"/>
         <property XPos="0"/>
         <property YPos="440"/>
         <property Visible="true"/>
         <property Menu=""/>
         <property Enable="true"/>
         <property MenuItem=""/>
         <property Moveable="true"/>
         <property Sizeable="true"/>
         <property ToolTipEnable="true"/>
         <property ToolTip=""/>
         <property FileName=""/>
         <property StyleSheetClass=""/>
         <property Height="40"/>
         <property Width="510"/>
      </widget>
      <widget>
         <property ID="uctNormalKPI3_T1"/>
         <property ObjectType="UserControl"/>
         <property UserControl="UCT-NORMALKPI"/>
         <property XPos="0"/>
         <property YPos="480"/>
         <property Visible="true"/>
         <property Menu=""/>
         <property Enable="true"/>
         <property MenuItem=""/>
         <property Moveable="true"/>
         <property Sizeable="true"/>
         <property ToolTipEnable="true"/>
         <property ToolTip=""/>
         <property FileName=""/>
         <property StyleSheetClass=""/>
         <property Height="40"/>
         <property Width="510"/>
      </widget>
      <widget>
         <property ID="uctNormalKPI4_T1"/>
         <property ObjectType="UserControl"/>
         <property UserControl="UCT-NORMALKPI"/>
         <property XPos="0"/>
         <property YPos="520"/>
         <property Visible="true"/>
         <property Menu=""/>
         <property Enable="true"/>
         <property MenuItem=""/>
         <property Moveable="true"/>
         <property Sizeable="true"/>
         <property ToolTipEnable="true"/>
         <property ToolTip=""/>
         <property FileName=""/>
         <property StyleSheetClass=""/>
         <property Height="40"/>
         <property Width="510"/>
      </widget>
      <widget>
         <property ID="uctNormalKPI5_T1"/>
         <property ObjectType="UserControl"/>
         <property UserControl="UCT-NORMALKPI"/>
         <property XPos="0"/>
         <property YPos="560"/>
         <property Visible="true"/>
         <property Menu=""/>
         <property Enable="true"/>
         <property MenuItem=""/>
         <property Moveable="true"/>
         <property Sizeable="true"/>
         <property ToolTipEnable="true"/>
         <property ToolTip=""/>
         <property FileName=""/>
         <property StyleSheetClass=""/>
         <property Height="40"/>
         <property Width="510"/>
      </widget>
      <widget>
         <property ID="uctNormalKPI6_T1"/>
         <property ObjectType="UserControl"/>
         <property UserControl="UCT-NORMALKPI"/>
         <property XPos="0"/>
         <property YPos="600"/>
         <property Visible="true"/>
         <property Menu=""/>
         <property Enable="true"/>
         <property MenuItem=""/>
         <property Moveable="true"/>
         <property Sizeable="true"/>
         <property ToolTipEnable="true"/>
         <property ToolTip=""/>
         <property FileName=""/>
         <property StyleSheetClass=""/>
         <property Height="40"/>
         <property Width="510"/>
      </widget>
      <widget>
         <property ID="uctNormalKPI7_T1"/>
         <property ObjectType="UserControl"/>
         <property UserControl="UCT-NORMALKPI"/>
         <property XPos="0"/>
         <property YPos="640"/>
         <property Visible="true"/>
         <property Menu=""/>
         <property Enable="true"/>
         <property MenuItem=""/>
         <property Moveable="true"/>
         <property Sizeable="true"/>
         <property ToolTipEnable="true"/>
         <property ToolTip=""/>
         <property FileName=""/>
         <property StyleSheetClass=""/>
         <property Height="40"/>
         <property Width="510"/>
      </widget>
      <widget>
         <property ID="uctNormalKPI8_T1"/>
         <property ObjectType="UserControl"/>
         <property UserControl="UCT-NORMALKPI"/>
         <property XPos="0"/>
         <property YPos="680"/>
         <property Visible="true"/>
         <property Menu=""/>
         <property Enable="true"/>
         <property MenuItem=""/>
         <property Moveable="true"/>
         <property Sizeable="true"/>
         <property ToolTipEnable="true"/>
         <property ToolTip=""/>
         <property FileName=""/>
         <property StyleSheetClass=""/>
         <property Height="40"/>
         <property Width="510"/>
      </widget>
      <widget>
         <property ID="uctNormalKPI9_T1"/>
         <property ObjectType="UserControl"/>
         <property UserControl="UCT-NORMALKPI"/>
         <property XPos="0"/>
         <property YPos="720"/>
         <property Visible="true"/>
         <property Menu=""/>
         <property Enable="true"/>
         <property MenuItem=""/>
         <property Moveable="true"/>
         <property Sizeable="true"/>
         <property ToolTipEnable="true"/>
         <property ToolTip=""/>
         <property FileName=""/>
         <property StyleSheetClass=""/>
         <property Height="40"/>
         <property Width="510"/>
      </widget>
      <widget>
         <property ID="uctNormalKPI10_T1"/>
         <property ObjectType="UserControl"/>
         <property UserControl="UCT-NORMALKPI"/>
         <property XPos="0"/>
         <property YPos="760"/>
         <property Visible="true"/>
         <property Menu=""/>
         <property Enable="true"/>
         <property MenuItem=""/>
         <property Moveable="true"/>
         <property Sizeable="true"/>
         <property ToolTipEnable="true"/>
         <property ToolTip=""/>
         <property FileName=""/>
         <property StyleSheetClass=""/>
         <property Height="40"/>
         <property Width="510"/>
      </widget>
      <widget>
         <property ID="lblHeaderName_T2"/>
         <property ObjectType="Label"/>
         <property XPos="510"/>
         <property YPos="370"/>
         <property Menu=""/>
         <property MenuItem=""/>
         <property Visible="true"/>
         <property StyleSheetClass="headingkpitable"/>
         <property Enable="true"/>
         <property Moveable="true"/>
         <property Sizeable="true"/>
         <property FontSize="Normal"/>
         <property Bold="false"/>
         <property Color="transparent"/>
         <property ToolTipEnable="true"/>
         <property BGColor="green"/>
         <property ToolTip=""/>
         <property PropScientific="false"/>
         <property Text=" NAME"/>
         <property Alignment="Left"/>
         <property UserControl=""/>
         <property Height="30"/>
         <property Width="260"/>
      </widget>
      <widget>
         <property ID="lblHeaderLastUpdated_T2"/>
         <property ObjectType="Label"/>
         <property XPos="770"/>
         <property YPos="370"/>
         <property Menu=""/>
         <property MenuItem=""/>
         <property Visible="true"/>
         <property StyleSheetClass="headingkpitable"/>
         <property Enable="true"/>
         <property Moveable="true"/>
         <property Sizeable="true"/>
         <property FontSize="Normal"/>
         <property Bold="false"/>
         <property Color="transparent"/>
         <property ToolTipEnable="true"/>
         <property BGColor="green"/>
         <property ToolTip=""/>
         <property PropScientific="false"/>
         <property Text=" Last Update"/>
         <property Alignment="Left"/>
         <property UserControl=""/>
         <property Height="30"/>
         <property Width="163"/>
      </widget>
      <widget>
         <property ID="lblHeaderValue_T2"/>
         <property ObjectType="Label"/>
         <property XPos="933"/>
         <property YPos="370"/>
         <property Menu=""/>
         <property MenuItem=""/>
         <property Visible="true"/>
         <property StyleSheetClass="headingkpitable"/>
         <property Enable="true"/>
         <property Moveable="true"/>
         <property Sizeable="true"/>
         <property FontSize="Normal"/>
         <property Bold="false"/>
         <property Color="transparent"/>
         <property ToolTipEnable="true"/>
         <property BGColor=""/>
         <property ToolTip=""/>
         <property PropScientific="false"/>
         <property Text=" Value"/>
         <property Alignment="Left"/>
         <property UserControl=""/>
         <property Height="30"/>
         <property Width="83"/>
      </widget>
      <widget>
         <property ID="uctNormalKPI1_T2"/>
         <property ObjectType="UserControl"/>
         <property UserControl="UCT-NORMALKPI"/>
         <property XPos="510"/>
         <property YPos="400"/>
         <property Visible="true"/>
         <property Menu=""/>
         <property Enable="true"/>
         <property MenuItem=""/>
         <property Moveable="true"/>
         <property Sizeable="true"/>
         <property ToolTipEnable="true"/>
         <property ToolTip=""/>
         <property FileName=""/>
         <property StyleSheetClass=""/>
         <property Height="40"/>
         <property Width="510"/>
      </widget>
      <widget>
         <property ID="uctNormalKPI2_T2"/>
         <property ObjectType="UserControl"/>
         <property UserControl="UCT-NORMALKPI"/>
         <property XPos="510"/>
         <property YPos="440"/>
         <property Visible="true"/>
         <property Menu=""/>
         <property Enable="true"/>
         <property MenuItem=""/>
         <property Moveable="true"/>
         <property Sizeable="true"/>
         <property ToolTipEnable="true"/>
         <property ToolTip=""/>
         <property FileName=""/>
         <property StyleSheetClass=""/>
         <property Height="40"/>
         <property Width="510"/>
      </widget>
      <widget>
         <property ID="uctNormalKPI3_T2"/>
         <property ObjectType="UserControl"/>
         <property UserControl="UCT-NORMALKPI"/>
         <property XPos="510"/>
         <property YPos="480"/>
         <property Visible="true"/>
         <property Menu=""/>
         <property Enable="true"/>
         <property MenuItem=""/>
         <property Moveable="true"/>
         <property Sizeable="true"/>
         <property ToolTipEnable="true"/>
         <property ToolTip=""/>
         <property FileName=""/>
         <property StyleSheetClass=""/>
         <property Height="40"/>
         <property Width="510"/>
      </widget>
      <widget>
         <property ID="uctNormalKPI4_T2"/>
         <property ObjectType="UserControl"/>
         <property UserControl="UCT-NORMALKPI"/>
         <property XPos="510"/>
         <property YPos="520"/>
         <property Visible="true"/>
         <property Menu=""/>
         <property Enable="true"/>
         <property MenuItem=""/>
         <property Moveable="true"/>
         <property Sizeable="true"/>
         <property ToolTipEnable="true"/>
         <property ToolTip=""/>
         <property FileName=""/>
         <property StyleSheetClass=""/>
         <property Height="40"/>
         <property Width="510"/>
      </widget>
      <widget>
         <property ID="uctNormalKPI5_T2"/>
         <property ObjectType="UserControl"/>
         <property UserControl="UCT-NORMALKPI"/>
         <property XPos="510"/>
         <property YPos="560"/>
         <property Visible="true"/>
         <property Menu=""/>
         <property Enable="true"/>
         <property MenuItem=""/>
         <property Moveable="true"/>
         <property Sizeable="true"/>
         <property ToolTipEnable="true"/>
         <property ToolTip=""/>
         <property FileName=""/>
         <property StyleSheetClass=""/>
         <property Height="50"/>
         <property Width="510"/>
      </widget>
      <widget>
         <property ID="uctNormalKPI6_T2"/>
         <property ObjectType="UserControl"/>
         <property UserControl="UCT-NORMALKPI"/>
         <property XPos="510"/>
         <property YPos="600"/>
         <property Visible="true"/>
         <property Menu=""/>
         <property Enable="true"/>
         <property MenuItem=""/>
         <property Moveable="true"/>
         <property Sizeable="true"/>
         <property ToolTipEnable="true"/>
         <property ToolTip=""/>
         <property FileName=""/>
         <property StyleSheetClass=""/>
         <property Height="40"/>
         <property Width="510"/>
      </widget>
      <widget>
         <property ID="uctNormalKPI7_T2"/>
         <property ObjectType="UserControl"/>
         <property UserControl="UCT-NORMALKPI"/>
         <property XPos="510"/>
         <property YPos="640"/>
         <property Visible="true"/>
         <property Menu=""/>
         <property Enable="true"/>
         <property MenuItem=""/>
         <property Moveable="true"/>
         <property Sizeable="true"/>
         <property ToolTipEnable="true"/>
         <property ToolTip=""/>
         <property FileName=""/>
         <property StyleSheetClass=""/>
         <property Height="40"/>
         <property Width="510"/>
      </widget>
      <widget>
         <property ID="uctNormalKPI8_T2"/>
         <property ObjectType="UserControl"/>
         <property UserControl="UCT-NORMALKPI"/>
         <property XPos="510"/>
         <property YPos="680"/>
         <property Visible="true"/>
         <property Menu=""/>
         <property Enable="true"/>
         <property MenuItem=""/>
         <property Moveable="true"/>
         <property Sizeable="true"/>
         <property ToolTipEnable="true"/>
         <property ToolTip=""/>
         <property FileName=""/>
         <property StyleSheetClass=""/>
         <property Height="40"/>
         <property Width="510"/>
      </widget>
      <widget>
         <property ID="uctNormalKPI9_T2"/>
         <property ObjectType="UserControl"/>
         <property UserControl="UCT-NORMALKPI"/>
         <property XPos="510"/>
         <property YPos="720"/>
         <property Visible="true"/>
         <property Menu=""/>
         <property Enable="true"/>
         <property MenuItem=""/>
         <property Moveable="true"/>
         <property Sizeable="true"/>
         <property ToolTipEnable="true"/>
         <property ToolTip=""/>
         <property FileName=""/>
         <property StyleSheetClass=""/>
         <property Height="50"/>
         <property Width="510"/>
      </widget>
      <widget>
         <property ID="uctNormalKPI10_T2"/>
         <property ObjectType="UserControl"/>
         <property UserControl="UCT-NORMALKPI"/>
         <property XPos="510"/>
         <property YPos="760"/>
         <property Visible="true"/>
         <property Menu=""/>
         <property Enable="true"/>
         <property MenuItem=""/>
         <property Moveable="true"/>
         <property Sizeable="true"/>
         <property ToolTipEnable="true"/>
         <property ToolTip=""/>
         <property FileName=""/>
         <property StyleSheetClass=""/>
         <property Height="40"/>
         <property Width="510"/>
      </widget>
      <widget>
         <property ID="lblHeadingConsumable1"/>
         <property ObjectType="Label"/>
         <property XPos="1020"/>
         <property YPos="370"/>
         <property Menu=""/>
         <property MenuItem=""/>
         <property Visible="true"/>
         <property StyleSheetClass="headingkpitable"/>
         <property Enable="true"/>
         <property Moveable="true"/>
         <property Sizeable="true"/>
         <property FontSize="Normal"/>
         <property Bold="false"/>
         <property Color="transparent"/>
         <property ToolTipEnable="true"/>
         <property BGColor="green"/>
         <property ToolTip=""/>
         <property PropScientific="false"/>
         <property Text=" NAME"/>
         <property Alignment="Left"/>
         <property UserControl=""/>
         <property Height="30"/>
         <property Width="260"/>
      </widget>
      <widget>
         <property ID="lblHeadingConsumable2"/>
         <property ObjectType="Label"/>
         <property XPos="1280"/>
         <property YPos="370"/>
         <property Menu=""/>
         <property MenuItem=""/>
         <property Visible="true"/>
         <property StyleSheetClass="headingkpitable"/>
         <property Enable="true"/>
         <property Moveable="true"/>
         <property Sizeable="true"/>
         <property FontSize="Normal"/>
         <property Bold="false"/>
         <property Color="transparent"/>
         <property ToolTipEnable="true"/>
         <property BGColor="green"/>
         <property ToolTip=""/>
         <property PropScientific="false"/>
         <property Text=" Last Update"/>
         <property Alignment="Left"/>
         <property UserControl=""/>
         <property Height="30"/>
         <property Width="163"/>
      </widget>
      <widget>
         <property ID="lblHeadingConsumable3"/>
         <property ObjectType="Label"/>
         <property XPos="1443"/>
         <property YPos="370"/>
         <property Menu=""/>
         <property MenuItem=""/>
         <property Visible="true"/>
         <property StyleSheetClass="headingkpitable"/>
         <property Enable="true"/>
         <property Moveable="true"/>
         <property Sizeable="true"/>
         <property FontSize="Normal"/>
         <property Bold="false"/>
         <property Color="transparent"/>
         <property ToolTipEnable="true"/>
         <property BGColor=""/>
         <property ToolTip=""/>
         <property PropScientific="false"/>
         <property Text=" Value"/>
         <property Alignment="Left"/>
         <property UserControl=""/>
         <property Height="30"/>
         <property Width="83"/>
      </widget>
      <widget>
         <property ID="uctConsumable1"/>
         <property ObjectType="UserControl"/>
         <property UserControl="UCT-CONSUMABLE"/>
         <property XPos="1020"/>
         <property YPos="400"/>
         <property Visible="true"/>
         <property Menu=""/>
         <property Enable="true"/>
         <property MenuItem=""/>
         <property Moveable="true"/>
         <property Sizeable="true"/>
         <property ToolTipEnable="true"/>
         <property ToolTip=""/>
         <property FileName=""/>
         <property StyleSheetClass=""/>
         <property Height="50"/>
         <property Width="530"/>
      </widget>
      <widget>
         <property ID="uctConsumable2"/>
         <property ObjectType="UserControl"/>
         <property UserControl="UCT-CONSUMABLE"/>
         <property XPos="1020"/>
         <property YPos="450"/>
         <property Visible="true"/>
         <property Menu=""/>
         <property Enable="true"/>
         <property MenuItem=""/>
         <property Moveable="true"/>
         <property Sizeable="true"/>
         <property ToolTipEnable="true"/>
         <property ToolTip=""/>
         <property FileName=""/>
         <property StyleSheetClass=""/>
         <property Height="50"/>
         <property Width="530"/>
      </widget>
      <widget>
         <property ID="uctConsumable3"/>
         <property ObjectType="UserControl"/>
         <property UserControl="UCT-CONSUMABLE"/>
         <property XPos="1020"/>
         <property YPos="500"/>
         <property Visible="true"/>
         <property Menu=""/>
         <property Enable="true"/>
         <property MenuItem=""/>
         <property Moveable="true"/>
         <property Sizeable="true"/>
         <property ToolTipEnable="true"/>
         <property ToolTip=""/>
         <property FileName=""/>
         <property StyleSheetClass=""/>
         <property Height="50"/>
         <property Width="530"/>
      </widget>
      <widget>
         <property ID="uctConsumable4"/>
         <property ObjectType="UserControl"/>
         <property UserControl="UCT-CONSUMABLE"/>
         <property XPos="1020"/>
         <property YPos="550"/>
         <property Visible="true"/>
         <property Menu=""/>
         <property Enable="true"/>
         <property MenuItem=""/>
         <property Moveable="true"/>
         <property Sizeable="true"/>
         <property ToolTipEnable="true"/>
         <property ToolTip=""/>
         <property FileName=""/>
         <property StyleSheetClass=""/>
         <property Height="50"/>
         <property Width="530"/>
      </widget>
      <widget>
         <property ID="uctConsumable5"/>
         <property ObjectType="UserControl"/>
         <property UserControl="UCT-CONSUMABLE"/>
         <property XPos="1020"/>
         <property YPos="600"/>
         <property Visible="true"/>
         <property Menu=""/>
         <property Enable="true"/>
         <property MenuItem=""/>
         <property Moveable="true"/>
         <property Sizeable="true"/>
         <property ToolTipEnable="true"/>
         <property ToolTip=""/>
         <property FileName=""/>
         <property StyleSheetClass=""/>
         <property Height="50"/>
         <property Width="530"/>
      </widget>
      <widget>
         <property ID="uctConsumable6"/>
         <property ObjectType="UserControl"/>
         <property UserControl="UCT-CONSUMABLE"/>
         <property XPos="1020"/>
         <property YPos="650"/>
         <property Visible="true"/>
         <property Menu=""/>
         <property Enable="true"/>
         <property MenuItem=""/>
         <property Moveable="true"/>
         <property Sizeable="true"/>
         <property ToolTipEnable="true"/>
         <property ToolTip=""/>
         <property FileName=""/>
         <property StyleSheetClass=""/>
         <property Height="50"/>
         <property Width="530"/>
      </widget>
      <widget>
         <property ID="uctConsumable7"/>
         <property ObjectType="UserControl"/>
         <property UserControl="UCT-CONSUMABLE"/>
         <property XPos="1020"/>
         <property YPos="700"/>
         <property Visible="true"/>
         <property Menu=""/>
         <property Enable="true"/>
         <property MenuItem=""/>
         <property Moveable="true"/>
         <property Sizeable="true"/>
         <property ToolTipEnable="true"/>
         <property ToolTip=""/>
         <property FileName=""/>
         <property StyleSheetClass=""/>
         <property Height="50"/>
         <property Width="530"/>
      </widget>
      <widget>
         <property ID="uctConsumable8"/>
         <property ObjectType="UserControl"/>
         <property UserControl="UCT-CONSUMABLE"/>
         <property XPos="1020"/>
         <property YPos="750"/>
         <property Visible="true"/>
         <property Menu=""/>
         <property Enable="true"/>
         <property MenuItem=""/>
         <property Moveable="true"/>
         <property Sizeable="true"/>
         <property ToolTipEnable="true"/>
         <property ToolTip=""/>
         <property FileName=""/>
         <property StyleSheetClass=""/>
         <property Height="50"/>
         <property Width="530"/>
      </widget>
      <widget>
         <property ID="uctConsumable9"/>
         <property ObjectType="UserControl"/>
         <property UserControl="UCT-CONSUMABLE"/>
         <property XPos="1020"/>
         <property YPos="800"/>
         <property Visible="true"/>
         <property Menu=""/>
         <property Enable="true"/>
         <property MenuItem=""/>
         <property Moveable="true"/>
         <property Sizeable="true"/>
         <property ToolTipEnable="true"/>
         <property ToolTip=""/>
         <property FileName=""/>
         <property StyleSheetClass=""/>
         <property Height="50"/>
         <property Width="530"/>
      </widget>
      <widget>
         <property ID="uctConsumable10"/>
         <property ObjectType="UserControl"/>
         <property UserControl="UCT-CONSUMABLE"/>
         <property XPos="1020"/>
         <property YPos="850"/>
         <property Visible="true"/>
         <property Menu=""/>
         <property Enable="true"/>
         <property MenuItem=""/>
         <property Moveable="true"/>
         <property Sizeable="true"/>
         <property ToolTipEnable="true"/>
         <property ToolTip=""/>
         <property FileName=""/>
         <property StyleSheetClass=""/>
         <property Height="50"/>
         <property Width="530"/>
      </widget>
   </widget>
</SUI>
