<?xml version="1.0" encoding="UTF-8"?>
<SUI>
    <property SUICoreVersion="2.46.0" />
    <property SUIEditorVersion="2.46.0" />
    <property SUIObjectFactory="SUI Object factory" />
    <property Height="890"/>
    <property SUIStylesheet="SourceGUI" />
    <property Width="460" />
    <property SUIVersion="2.46" />
    <property SUIName="Example SUI" />
    <property SUIDescription="Example SUI" />
    <property HasBottomButtonBar="false" />
    <property Namespace="NMSP" />
    <property HasRightButtonBar="false" />
    <property ClassName="CLNA" />
    <property HasStatusBar="false" />
    <widget>
        <property ID="lblParameterName" />
        <property ObjectType="Label" />
        <property XPos="20" />
        <property YPos="20" />
        <property StyleSheetClass="topaligndialogtitle" />
        <property Visible="true" />
        <property Enable="true" />
        <property Moveable="true" />
        <property Sizeable="true" />
        <property FontSize="Normal" />
        <property Bold="false" />
        <property Color="black" />
        <property ToolTipEnable="true" />
        <property BGColor="" />
        <property PropScientific="false" />
        <property Text="ParameterName" />
        <property Height="25" />
        <property Width="384" />
    </widget>
    <widget>
        <property ID="btnClose" />
        <property ObjectType="Button" />
        <property XPos="404" />
        <property YPos="15" />
        <property Visible="true" />
        <property Enable="true" />
        <property Moveable="true" />
        <property Sizeable="true" />
        <property Bold="false" />
        <property ToolTipEnable="true" />
        <property Text="Button" />
        <property Alignment="center" />
        <property TabOrder="1" />
        <property Height="30" />
        <property Width="30" />
    </widget>
    <widget>
        <property ID="lblDefaultValue" />
        <property ObjectType="Label" />
        <property XPos="330" />
        <property YPos="57" />
        <property Visible="true" />
        <property Enable="true" />
        <property StyleSheetClass="defaultValue" />
        <property Moveable="true" />
        <property Sizeable="true" />
        <property FontSize="Normal" />
        <property Bold="false" />
        <property Color="transparent" />
        <property ToolTipEnable="true" />
        <property BGColor="transparent" />
        <property PropScientific="false" />
        <property Text="Default:" />
        <property Alignment="Left" />
        <property Height="13" />
        <property Width="100" />
    </widget>
    <widget>
        <property ID="tawFloatArrayParamaterPopup"/>
        <property ObjectType="TableWidget"/>
        <property XPos="13"/>
        <property YPos="79"/>
        <property Menu=""/>
        <property MenuItem=""/>
        <property Visible="true"/>
        <property StyleSheetClass="floatarrayparameter"/>
        <property Enable="true"/>
        <property Moveable="true"/>
        <property Sizeable="true"/>
        <property ColumnCount="4"/>
        <property RowCount="1"/>
        <property ColumnWidths="0,165;1,140;2,80;3,10;"/>
        <property RowHeights="0,50"/>
        <property ListViewMode="false"/>
        <property BorderWidth="0"/>
        <property BorderOn="false"/>
        <property Bold="false"/>
        <property ToolTipEnable="true"/>
        <property ToolTip=""/>
        <property MultipleRowSelection="false"/>
        <property HeadersOn="false"/>
        <property HorizonHeaderTags=""/>
        <property VerticalHeaderTags=""/>
        <property UserControl=""/>
        <property TabOrder="0"/>
        <property Height="672"/>
        <property Width="415"/>
        <widget>
           <property ID="twi-tawMCFloatArrayParam:1-1" />
           <property ObjectType="Button" />
           <property XPos="0" />
           <property YPos="0" />
           <property Visible="true" />
           <property StyleSheetClass="popupValue" />
           <property Enable="true" />
           <property Moveable="true" />
           <property Sizeable="true" />
           <property FontSize="small" />
           <property Bold="false" />
           <property Color="#666666" />
           <property ToolTipEnable="true" />
           <property BGColor="white" />
           <property PropScientific="false" />
           <property Text="Value" />
           <property Alignment="Left" />
           <property Height="30" />
           <property Width="165" />
       </widget>
       <widget>
           <property ID="lne-TFAP:1-2" />
           <property ObjectType="LineEdit" />
           <property XPos="165" />
           <property YPos="0" />
           <property Visible="true" />
           <property StyleSheetClass="floatArrayLe" />
           <property Enable="true" />
           <property Moveable="false" />
           <property Sizeable="false" />
           <property RegularExpression=".*" />
           <property Bold="false" />
           <property Color="standard" />
           <property ToolTipEnable="true" />
           <property BGColor="standard" />
           <property Text="" />
           <property Alignment="right" />
           <property TabOrder="0" />
           <property Height="30" />
           <property Width="140" />
       </widget>
       <widget>
          <property ID="twi-tawMCFloatArrayDefVal:1-3" />
          <property ObjectType="Label" />
          <property XPos="305" />
          <property YPos="0" />
          <property Visible="true" />
          <property StyleSheetClass="popupDefaultValue" />
          <property Enable="true" />
          <property Moveable="true" />
          <property Sizeable="true" />
          <property FontSize="Big" />
          <property Bold="false" />
          <property Color="#666666" />
          <property ToolTipEnable="true" />
          <property BGColor="white" />
          <property PropScientific="false" />
          <property Text="Value" />
          <property Alignment="Left" />
          <property Height="30" />
          <property Width="80" />
      </widget>
      <widget>
         <property ID="twi-tawMCFloatArrayDefVal:1-4" />
         <property ObjectType="Label" />
         <property XPos="385" />
         <property YPos="0" />
         <property Visible="true" />
         <property StyleSheetClass="popupValue" />
         <property Enable="true" />
         <property Moveable="true" />
         <property Sizeable="true" />
         <property FontSize="Big" />
         <property Bold="false" />
         <property Color="#666666" />
         <property ToolTipEnable="true" />
         <property BGColor="white" />
         <property PropScientific="false" />
         <property Text="TXT" />
         <property Alignment="Left" />
         <property Height="30" />
         <property Width="10" />
    </widget>
    </widget>
    <widget>
        <property ID="tawFloatArrayParamaterPopupForXButton"/>
        <property ObjectType="TableWidget"/>
        <property XPos="195"/>
        <property YPos="79"/>
        <property Menu=""/>
        <property MenuItem=""/>
        <property Visible="true"/>
        <property StyleSheetClass="floatarrayparameter2"/>
        <property Enable="true"/>
        <property Moveable="true"/>
        <property Sizeable="true"/>
        <property ColumnCount="1"/>
        <property RowCount="1"/>
        <property ColumnWidths="0,30;"/>
        <property RowHeights="0,50"/>
        <property ListViewMode="false"/>
        <property BorderWidth="0"/>
        <property BorderOn="false"/>
        <property Bold="false"/>
        <property ToolTipEnable="true"/>
        <property ToolTip=""/>
        <property MultipleRowSelection="false"/>
        <property HeadersOn="false"/>
        <property HorizonHeaderTags=""/>
        <property VerticalHeaderTags=""/>
        <property UserControl=""/>
        <property TabOrder="0"/>
        <property Height="672"/>
        <property Width="21"/>
        <widget>
           <property ID="twi-tawMCFloatArrayParam:1-1" />
           <property ObjectType="Button" />
           <property XPos="0" />
           <property YPos="0" />
           <property Visible="true" />
           <property StyleSheetClass="floatarrayparameter2" />
           <property Enable="true" />
           <property Moveable="true" />
           <property Sizeable="true" />
           <property FontSize="small" />
           <property Bold="false" />
           <property Color="#666666" />
           <property ToolTipEnable="true" />
           <property BGColor="transparent" />
           <property PropScientific="false" />
           <property Text="" />
           <property Alignment="left" />
           <property Height="20" />
           <property Width="20" />
       </widget>
    </widget>
    <widget>
        <property ID="btnPopReset" />
        <property ObjectType="Button" />
        <property XPos="20" />
        <property YPos="175" />
        <property Visible="true" />
        <property Enable="true" />
        <property StyleSheetClass="floatArrayButton" />
        <property Moveable="true" />
        <property Sizeable="true" />
        <property Bold="false" />
        <property ToolTipEnable="true" />
        <property Text="Reset" />
        <property Alignment="center" />
        <property TabOrder="2" />
        <property Height="35" />
        <property Width="99" />
    </widget>
    <widget>
        <property ID="btnPopCancel" />
        <property ObjectType="Button" />
        <property XPos="221" />
        <property YPos="175" />
        <property Visible="true" />
        <property Enable="true" />
        <property StyleSheetClass="floatArrayButton" />
        <property Moveable="true" />
        <property Sizeable="true" />
        <property Bold="false" />
        <property ToolTipEnable="true" />
        <property Text="Cancel" />
        <property Alignment="center" />
        <property TabOrder="3" />
        <property Height="35" />
        <property Width="99" />
    </widget>
    <widget>
        <property ID="btnPopUpdate" />
        <property ObjectType="Button" />
        <property XPos="327" />
        <property YPos="175" />
        <property Menu="" />
        <property MenuItem="" />
        <property Visible="true" />
        <property StyleSheetClass="floatArrayUpdateButton" />
        <property Enable="true" />
        <property Moveable="true" />
        <property Sizeable="true" />
        <property Bold="false" />
        <property ToolTipEnable="true" />
        <property ToolTip="" />
        <property ImageData="" />
        <property ImageDataPressed="" />
        <property Text="Update" />
        <property Alignment="center" />
        <property UserControl="" />
        <property TabOrder="1" />
        <property Height="35" />
        <property Width="99" />
    </widget>
    <widget>
        <property ID="gbxUnrecommendedValue"/>
        <property ObjectType="GroupBox"/>
        <property XPos="0"/>
        <property YPos="0"/>
        <property Menu=""/>
        <property MenuItem=""/>
        <property Visible="false"/>
        <property StyleSheetClass="unrecommendedvalue"/>
        <property Enable="true"/>
        <property Moveable="true"/>
        <property HoverBGColor="standard"/>
        <property Sizeable="true"/>
        <property Bold="true"/>
        <property ToolTipEnable="true"/>
        <property ToolTip=""/>
        <property Hover="false"/>
        <property Text=""/>
        <property UserControl=""/>
        <property Height="70"/>
        <property Width="446"/>
        <widget>
            <property ID="lblUnrecommendedValueName" />
            <property ObjectType="Label" />
            <property XPos="15" />
            <property YPos="10" />
            <property Visible="true" />
            <property StyleSheetClass="unrecommendedvalueTitle" />
            <property Enable="true" />
            <property Moveable="true" />
            <property Sizeable="true" />
            <property FontSize="small" />
            <property Bold="true" />
            <property Color="white" />
            <property ToolTipEnable="true" />
            <property PropScientific="false" />
            <property Text="Incorrect value" />
            <property Alignment="center" />
            <property Height="15" />
            <property Width="380" />
        </widget>
        <widget>
            <property ID="lblUnrecommendedValueDesc" />
            <property ObjectType="Label" />
            <property XPos="0" />
            <property YPos="30" />
            <property Visible="true" />
            <property StyleSheetClass="unrecommendedvalueText" />
            <property Enable="true" />
            <property Moveable="true" />
            <property Sizeable="true" />
            <property FontSize="small" />
            <property Bold="false" />
            <property Color="white" />
            <property ToolTipEnable="true" />
            <property PropScientific="false" />
            <property Alignment="center" />
            <property Height="35" />
            <property Width="446" />
        </widget>
    </widget>
    <widget>
        <property ID="gbxResetValues"/>
        <property ObjectType="GroupBox"/>
        <property XPos="0"/>
        <property YPos="0"/>
        <property Menu=""/>
        <property MenuItem=""/>
        <property Visible="false"/>
        <property StyleSheetClass="floatArrayBlueWarning"/>
        <property Enable="true"/>
        <property Moveable="true"/>
        <property HoverBGColor="standard"/>
        <property Sizeable="true"/>
        <property Bold="true"/>
        <property ToolTipEnable="true"/>
        <property ToolTip=""/>
        <property Hover="false"/>
        <property Text=""/>
        <property UserControl=""/>
        <property Height="95"/>
        <property Width="446"/>
        <widget>
            <property ID="lblResetValuesTitle" />
            <property ObjectType="Label" />
            <property XPos="0" />
            <property YPos="15" />
            <property Visible="true" />
            <property StyleSheetClass="unrecommendedvalueTitle" />
            <property Enable="true" />
            <property Moveable="true" />
            <property Sizeable="true" />
            <property FontSize="small" />
            <property Bold="true" />
            <property Color="white" />
            <property ToolTipEnable="true" />
            <property PropScientific="false" />
            <property Text="Reset all parameters to default value?" />
            <property Alignment="center" />
            <property Height="20" />
            <property Width="446" />
        </widget>
        <widget>
            <property ID="btnResetYes" />
            <property ObjectType="Button" />
            <property XPos="115" />
            <property YPos="45" />
            <property Visible="true" />
            <property Enable="true" />
            <property StyleSheetClass="floatarraywarningbutton" />
            <property Moveable="true" />
            <property Sizeable="true" />
            <property Bold="false" />
            <property ToolTipEnable="true" />
            <property Text="Reset" />
            <property Alignment="center" />
            <property TabOrder="2" />
            <property Height="35" />
            <property Width="100" />
        </widget>
        <widget>
            <property ID="btnResetNo" />
            <property ObjectType="Button" />
            <property XPos="225" />
            <property YPos="45" />
            <property Visible="true" />
            <property Enable="true" />
            <property StyleSheetClass="floatarraywarningbutton" />
            <property Moveable="true" />
            <property Sizeable="true" />
            <property Bold="false" />
            <property ToolTipEnable="true" />
            <property Text="Cancel" />
            <property Alignment="center" />
            <property TabOrder="2" />
            <property Height="35" />
            <property Width="100" />
        </widget>
    </widget>
    <widget>
        <property ID="gbxCancelValuesConfirm"/>
        <property ObjectType="GroupBox"/>
        <property XPos="0"/>
        <property YPos="0"/>
        <property Menu=""/>
        <property MenuItem=""/>
        <property Visible="false"/>
        <property StyleSheetClass="floatArrayBlueWarning"/>
        <property Enable="true"/>
        <property Moveable="true"/>
        <property HoverBGColor="standard"/>
        <property Sizeable="true"/>
        <property Bold="true"/>
        <property ToolTipEnable="true"/>
        <property ToolTip=""/>
        <property Hover="false"/>
        <property Text=""/>
        <property UserControl=""/>
        <property Height="95"/>
        <property Width="446"/>
        <widget>
            <property ID="lblCancelValuesConfirmTitle" />
            <property ObjectType="Label" />
            <property XPos="0" />
            <property YPos="15" />
            <property Visible="true" />
            <property StyleSheetClass="unrecommendedvalueTitle" />
            <property Enable="true" />
            <property Moveable="true" />
            <property Sizeable="true" />
            <property FontSize="small" />
            <property Bold="true" />
            <property Color="white" />
            <property ToolTipEnable="true" />
            <property PropScientific="false" />
            <property Text="Cancel changing parameters?" />
            <property Alignment="center" />
            <property Height="20" />
            <property Width="446" />
        </widget>
        <widget>
            <property ID="btnCancelConfirmYes" />
            <property ObjectType="Button" />
            <property XPos="115" />
            <property YPos="45" />
            <property Visible="true" />
            <property Enable="true" />
            <property StyleSheetClass="floatarraywarningbutton" />
            <property Moveable="true" />
            <property Sizeable="true" />
            <property Bold="false" />
            <property ToolTipEnable="true" />
            <property Text="Yes" />
            <property Alignment="center" />
            <property TabOrder="2" />
            <property Height="35" />
            <property Width="100" />
        </widget>
        <widget>
            <property ID="btnCancelConfirmNo" />
            <property ObjectType="Button" />
            <property XPos="225" />
            <property YPos="45" />
            <property Visible="true" />
            <property Enable="true" />
            <property StyleSheetClass="floatarraywarningbutton" />
            <property Moveable="true" />
            <property Sizeable="true" />
            <property Bold="false" />
            <property ToolTipEnable="true" />
            <property Text="No" />
            <property Alignment="center" />
            <property TabOrder="2" />
            <property Height="35" />
            <property Width="100" />
        </widget>
    </widget>
</SUI>
