<?xml version="1.0" encoding="UTF-8"?>
<UserControl>
    <property ID="UCT-uctStateBox"/>
    <property ObjectType="UserControl"/>
    <property XPos="0"/>
    <property YPos="0"/>
    <property FileName="/home/adt/shared/onegui46/Trunk/IGS/internal/library/system/UCT-uctStateBox.xml"/>
    <property Visible="true"/>
    <property Enable="true"/>
    <property Moveable="true"/>
    <property Sizeable="false"/>
    <property ToolTipEnable="true"/>
    <property UserControl="UCT-uctStateBox"/>
    <property Height="129"/>
    <property Width="191"/>
    <widget>
        <property ID="gbxState"/>
        <property ObjectType="GroupBox"/>
        <property XPos="2"/>
        <property YPos="2"/>
        <property Visible="true"/>
        <property StyleSheetClass="SourceGUI"/>
        <property Enable="true"/>
        <property Moveable="false"/>
        <property HoverBGColor="standard"/>
        <property Sizeable="true"/>
        <property Bold="true"/>
        <property ToolTipEnable="true"/>
        <property BGColor="white"/>
        <property Hover="false"/>
        <property Text=""/>
        <property Height="125"/>
        <property Width="187"/>
        <widget>
            <property ID="btnState"/>
            <property ObjectType="Button"/>
            <property XPos="32"/>
            <property YPos="32"/>
            <property Visible="true"/>
            <property StyleSheetClass="StateButton"/>
            <property Enable="true"/>
            <property Moveable="false"/>
            <property Sizeable="true"/>
            <property Bold="false"/>
            <property ToolTipEnable="true"/>
            <property Text="SERVICE "/>
            <property Alignment="center"/>
            <property TabOrder="14"/>
            <property Height="60"/>
            <property Width="120"/>
        </widget>
        <widget>
            <property ID="bic"/>
            <property ObjectType="BusyIndicator"/>
            <property XPos="70"/>
            <property YPos="32"/>
            <property Menu=""/>
            <property MenuItem=""/>
            <property Visible="false"/>
            <property StyleSheetClass=""/>
            <property Enable="true"/>
            <property BusyIndicatorImage="RotatingWheel"/>
            <property Moveable="true"/>
            <property Sizeable="true"/>
            <property ToolTipEnable="true"/>
            <property ToolTip=""/>
            <property UserControl=""/>
            <property Height="60"/>
            <property Width="120"/>
        </widget>
        <widget>
            <property ID="lblOverlay"/>
            <property ObjectType="Label"/>
            <property XPos="32"/>
            <property YPos="32"/>
            <property Visible="false"/>
            <property Enable="true"/>
            <property Moveable="false"/>
            <property Sizeable="true"/>
            <property FontSize="small"/>
            <property Bold="false"/>
            <property ToolTipEnable="true"/>
            <property BGColor="transparent"/>
            <property PropScientific="false"/>
            <property StyleSheetClass="StateOverlayLabel"/>
            <property Alignment="Center"/>
            <property Text=""/>
            <property Height="60"/>
            <property Width="120"/>
        </widget>
    </widget>
</UserControl>
