<?xml version="1.0" encoding="UTF-8"?>
<SUI>
    <property SUICoreVersion="2.0.0"/>
    <property SUIEditorVersion="1.8.0"/>
    <property SUIObjectFactory="SUI Object factory"/>
    <property Height="768"/>
    <property Width="1050"/>
    <property SUIVersion="2.0"/>
    <property SUIName="StandAlone"/>
    <property SUIDescription="StandAlone"/>
    <property HasBottomButtonBar="false"/>
    <property HasRightButtonBar="false"/>
    <property HasStatusBar="false"/>
    <widget>
        <property ID="wpg1"/>
        <property ObjectType="WidgetPage"/>
        <property SUICoreVersion=""/>
        <property XPos="4"/>
        <property SUIEditorVersion=""/>
        <property YPos="4"/>
        <property SUIObjectFactory=""/>
        <property MenuItem=""/>
        <property Visible="true"/>
        <property Enable="true"/>
        <property SUIVersion=""/>
        <property SUIName=""/>
        <property SUIDescription=""/>
        <property HasBottomButtonBar=""/>
        <property HasRightButtonBar=""/>
        <property HasStatusBar=""/>
        <property ToolTipEnable="true"/>
        <property ToolTip=""/>
        <property UserControl=""/>
        <property Height="756"/>
        <property Width="1050"/>
        <widget>
            <property ID="containerStandAlone"/>
            <property ObjectType="Container"/>
            <property SUICoreVersion=""/>
            <property XPos="12"/>
            <property SUIEditorVersion=""/>
            <property YPos="7"/>
            <property SUIObjectFactory=""/>
            <property MenuItem=""/>
            <property Visible="true"/>
            <property Enable="true"/>
            <property SUIVersion=""/>
            <property SUIName=""/>
            <property SUIDescription=""/>
            <property HasBottomButtonBar=""/>
            <property HasRightButtonBar=""/>
            <property HasStatusBar=""/>
            <property ToolTipEnable="true"/>
            <property ToolTip=""/>
            <property UserControl=""/>
            <property TabOrder="0"/>
            <property Height="700"/>
            <property Width="1022"/>
        </widget>
    </widget>
</SUI>
