<?xml version="1.0" encoding="UTF-8"?>
<SUI>
    <property SUICoreVersion="2.0.0"/>
    <property SUIEditorVersion="1.8.0"/>
    <property SUIObjectFactory="SUI Object factory"/>
    <property Height="960"/>
    <property SUIStylesheet="SourceGUI"/>
    <property Width="1545"/>
    <property SUIVersion="2.0"/>
    <property SUIName="Example SUI"/>
    <property SUIDescription="Example SUI"/>
    <property HasBottomButtonBar="false"/>
    <property HasRightButtonBar="false"/>
    <property HasStatusBar="false"/>
    <property Include-UCT-SysFun="UCT-SysFun.xml"/>
    <property Include-UCT-Driver="UCT-Driver.xml"/>
    <widget>
        <property ID="wpg1"/>
        <property ObjectType="WidgetPage"/>
        <property UserControl=""/>
        <property XPos="0"/>
        <property YPos="0"/>
        <property Visible="true"/>
        <property Menu=""/>
        <property Enable="true"/>
        <property MenuItem=""/>
        <property Moveable="false"/>
        <property Sizeable="false"/>
        <property ToolTipEnable="true"/>
        <property ToolTip=""/>
        <property StyleSheetClass=""/>
        <property Height="960"/>
        <property Width="1545"/>
        <widget>
            <property ID="lblSystemFunctions"/>
            <property ObjectType="Label"/>
            <property XPos="0"/>
            <property YPos="160"/>
            <property Menu=""/>
            <property MenuItem=""/>
            <property Text="SYSTEM FUNCTIONS"/>
            <property StyleSheetClass=""/>
            <property Visible="true"/>
            <property Enable="true"/>
            <property Moveable="true"/>
            <property Sizeable="true"/>
            <property FontSize="Small"/>
            <property Bold="false"/>
            <property ToolTipEnable="true"/>
            <property Color="white"/>
            <property ToolTip=""/>
            <property BGColor="Transparent"/>
            <property PropScientific="false"/>
            <property Alignment="Left"/>
            <property UserControl=""/>
            <property Height="30"/>
            <property Width="460"/>
        </widget>
        <widget>
            <property ID="lblFunction"/>
            <property ObjectType="Label"/>
            <property XPos="480"/>
            <property YPos="160"/>
            <property Menu=""/>
            <property MenuItem=""/>
            <property Text="SOME FUNCTION"/>
            <property StyleSheetClass="SysfunStyle"/>
            <property Visible="False"/>
            <property Enable="true"/>
            <property Moveable="true"/>
            <property Sizeable="true"/>
            <property FontSize="Small"/>
            <property Bold="false"/>
            <property ToolTipEnable="true"/>
            <property Color="white"/>
            <property ToolTip=""/>
            <property BGColor="Transparent"/>
            <property PropScientific="false"/>
            <property Alignment="Left"/>
            <property UserControl=""/>
            <property Height="30"/>
            <property Width="500"/>
        </widget>
        <widget>
            <property ID="lblDriverInformation"/>
            <property ObjectType="Label"/>
            <property XPos="960"/>
            <property YPos="160"/>
            <property Menu=""/>
            <property MenuItem=""/>
            <property Text="DRIVER INFORMATION"/>
            <property StyleSheetClass="SysfunStyle"/>
            <property Visible="False"/>
            <property Enable="true"/>
            <property Moveable="true"/>
            <property Sizeable="true"/>
            <property FontSize="Small"/>
            <property Bold="false"/>
            <property ToolTipEnable="true"/>
            <property Color="white"/>
            <property ToolTip=""/>
            <property BGColor="Transparent"/>
            <property PropScientific="false"/>
            <property Alignment="Left"/>
            <property UserControl=""/>
            <property Height="30"/>
            <property Width="610"/>
        </widget>
        <widget>
            <property ID="txaErrorDescription"/>
            <property ObjectType="TextArea"/>
            <property XPos="960"/>
            <property YPos="230"/>
            <property Menu=""/>
            <property MenuItem=""/>
            <property Text=""/>
            <property StyleSheetClass=""/>
            <property Visible="False"/>
            <property Enable="false"/>
            <property Moveable="true"/>
            <property Sizeable="true"/>
            <property Bold="false"/>
            <property ToolTipEnable="true"/>
            <property Color="white"/>
            <property ToolTip=""/>
            <property AutoScroll="true"/>
            <property ReadOnly="false"/>
            <property Alignment="left"/>
            <property UserControl=""/>
            <property TabOrder="0"/>
            <property Height="130"/>
            <property Width="340"/>
        </widget>
        <widget>
            <property ID="btnAdvancedDashboard"/>
            <property ObjectType="Button"/>
            <property XPos="1145"/>
            <property YPos="380"/>
            <property Menu=""/>
            <property MenuItem=""/>
            <property Text="START ANALYSIS"/>
            <property StyleSheetClass=""/>
            <property Visible="False"/>
            <property Enable="False"/>
            <property Moveable="true"/>
            <property Sizeable="true"/>
            <property Bold="false"/>
            <property ToolTipEnable="true"/>
            <property ToolTip=""/>
            <property ImageData=""/>
            <property ImageDataPressed=""/>
            <property Alignment="Right"/>
            <property UserControl=""/>
            <property TabOrder="1"/>
            <property Height="30"/>
            <property Width="155"/>
        </widget>
        <widget>
            <property ID="uctSystemFunction3"/>
            <property ObjectType="UserControl"/>
            <property UserControl="UCT-SysFun"/>
            <property XPos="0"/>
            <property YPos="290"/>
            <property Visible="false"/>
            <property Menu=""/>
            <property Enable="true"/>
            <property MenuItem=""/>
            <property Moveable="true"/>
            <property Sizeable="true"/>
            <property ToolTipEnable="true"/>
            <property ToolTip=""/>
            <property FileName=""/>
            <property StyleSheetClass=""/>
            <property Height="40"/>
            <property Width="460"/>
        </widget>
        <widget>
            <property ID="uctSystemFunction4"/>
            <property ObjectType="UserControl"/>
            <property UserControl="UCT-SysFun"/>
            <property XPos="0"/>
            <property YPos="330"/>
            <property Visible="false"/>
            <property Menu=""/>
            <property Enable="true"/>
            <property MenuItem=""/>
            <property Moveable="true"/>
            <property Sizeable="true"/>
            <property ToolTipEnable="true"/>
            <property ToolTip=""/>
            <property FileName=""/>
            <property StyleSheetClass=""/>
            <property Height="40"/>
            <property Width="460"/>
        </widget>
        <widget>
            <property ID="uctSystemFunction5"/>
            <property ObjectType="UserControl"/>
            <property UserControl="UCT-SysFun"/>
            <property XPos="0"/>
            <property YPos="370"/>
            <property Visible="false"/>
            <property Menu=""/>
            <property Enable="true"/>
            <property MenuItem=""/>
            <property Moveable="true"/>
            <property Sizeable="true"/>
            <property ToolTipEnable="true"/>
            <property ToolTip=""/>
            <property FileName=""/>
            <property StyleSheetClass=""/>
            <property Height="40"/>
            <property Width="460"/>
        </widget>
        <widget>
            <property ID="uctSystemFunction6"/>
            <property ObjectType="UserControl"/>
            <property UserControl="UCT-SysFun"/>
            <property XPos="0"/>
            <property YPos="410"/>
            <property Visible="false"/>
            <property Menu=""/>
            <property Enable="true"/>
            <property MenuItem=""/>
            <property Moveable="true"/>
            <property Sizeable="true"/>
            <property ToolTipEnable="true"/>
            <property ToolTip=""/>
            <property FileName=""/>
            <property StyleSheetClass=""/>
            <property Height="40"/>
            <property Width="460"/>
        </widget>
        <widget>
            <property ID="uctSystemFunction7"/>
            <property ObjectType="UserControl"/>
            <property UserControl="UCT-SysFun"/>
            <property XPos="0"/>
            <property YPos="450"/>
            <property Visible="false"/>
            <property Menu=""/>
            <property Enable="true"/>
            <property MenuItem=""/>
            <property Moveable="true"/>
            <property Sizeable="true"/>
            <property ToolTipEnable="true"/>
            <property ToolTip=""/>
            <property FileName=""/>
            <property StyleSheetClass=""/>
            <property Height="40"/>
            <property Width="460"/>
        </widget>
        <widget>
            <property ID="uctSystemFunction2"/>
            <property ObjectType="UserControl"/>
            <property UserControl="UCT-SysFun"/>
            <property XPos="0"/>
            <property YPos="250"/>
            <property Visible="False"/>
            <property Menu=""/>
            <property Enable="true"/>
            <property MenuItem=""/>
            <property Moveable="true"/>
            <property Sizeable="true"/>
            <property ToolTipEnable="true"/>
            <property ToolTip=""/>
            <property FileName=""/>
            <property StyleSheetClass=""/>
            <property Height="40"/>
            <property Width="460"/>
        </widget>
        <widget>
            <property ID="uctSystemFunction1"/>
            <property ObjectType="UserControl"/>
            <property UserControl="UCT-SysFun"/>
            <property XPos="0"/>
            <property YPos="210"/>
            <property Visible="False"/>
            <property Menu=""/>
            <property Enable="true"/>
            <property MenuItem=""/>
            <property Moveable="true"/>
            <property Sizeable="true"/>
            <property ToolTipEnable="true"/>
            <property ToolTip=""/>
            <property FileName=""/>
            <property StyleSheetClass=""/>
            <property Height="40"/>
            <property Width="460"/>
        </widget>
        <widget>
            <property ID="uctSystemFunction8"/>
            <property ObjectType="UserControl"/>
            <property UserControl="UCT-SysFun"/>
            <property XPos="0"/>
            <property YPos="490"/>
            <property Visible="False"/>
            <property Menu=""/>
            <property Enable="true"/>
            <property MenuItem=""/>
            <property Moveable="true"/>
            <property Sizeable="true"/>
            <property ToolTipEnable="true"/>
            <property ToolTip=""/>
            <property FileName=""/>
            <property StyleSheetClass=""/>
            <property Height="40"/>
            <property Width="460"/>
        </widget>
        <widget>
            <property ID="gbxSystem"/>
            <property ObjectType="GroupBox"/>
            <property XPos="0"/>
            <property YPos="80"/>
            <property Menu=""/>
            <property MenuItem=""/>
            <property Text=""/>
            <property StyleSheetClass=""/>
            <property Visible="true"/>
            <property Enable="true"/>
            <property HoverBGColor="standard"/>
            <property Moveable="true"/>
            <property Sizeable="true"/>
            <property Bold="true"/>
            <property ToolTipEnable="true"/>
            <property ToolTip=""/>
            <property BGColor="standard"/>
            <property Hover="false"/>
            <property UserControl=""/>
            <property Height="60"/>
            <property Width="940"/>
            <widget>
                <property ID="btnTerminate"/>
                <property ObjectType="Button"/>
                <property XPos="790"/>
                <property YPos="10"/>
                <property Menu=""/>
                <property MenuItem=""/>
                <property Text="Terminate"/>
                <property StyleSheetClass=""/>
                <property Visible="False"/>
                <property Enable="true"/>
                <property Moveable="true"/>
                <property Sizeable="true"/>
                <property Bold="false"/>
                <property ToolTipEnable="true"/>
                <property ToolTip=""/>
                <property ImageData=""/>
                <property ImageDataPressed=""/>
                <property Alignment="Center"/>
                <property UserControl=""/>
                <property TabOrder="2"/>
                <property Height="40"/>
                <property Width="140"/>
            </widget>
            <widget>
                <property ID="btnInit"/>
                <property ObjectType="Button"/>
                <property XPos="790"/>
                <property YPos="10"/>
                <property Menu=""/>
                <property MenuItem=""/>
                <property Text="Initialize"/>
                <property StyleSheetClass=""/>
                <property Visible="False"/>
                <property Enable="true"/>
                <property Moveable="true"/>
                <property Sizeable="true"/>
                <property Bold="false"/>
                <property ToolTipEnable="true"/>
                <property ToolTip=""/>
                <property ImageData=""/>
                <property ImageDataPressed=""/>
                <property Alignment="Center"/>
                <property UserControl=""/>
                <property TabOrder="3"/>
                <property Height="40"/>
                <property Width="140"/>
            </widget>
            <widget>
                <property ID="btnResolve"/>
                <property ObjectType="Button"/>
                <property XPos="640"/>
                <property YPos="10"/>
                <property Menu=""/>
                <property MenuItem=""/>
                <property Text="Initialize"/>
                <property StyleSheetClass=""/>
                <property Visible="False"/>
                <property Enable="true"/>
                <property Moveable="true"/>
                <property Sizeable="true"/>
                <property Bold="false"/>
                <property ToolTipEnable="true"/>
                <property ToolTip=""/>
                <property ImageData=""/>
                <property ImageDataPressed=""/>
                <property Alignment="Center"/>
                <property UserControl=""/>
                <property TabOrder="4"/>
                <property Height="40"/>
                <property Width="140"/>
            </widget>
            <widget>
                <property ID="lblMainStatus"/>
                <property ObjectType="Label"/>
                <property XPos="50"/>
                <property YPos="10"/>
                <property Menu=""/>
                <property MenuItem=""/>
                <property Text="Terminated"/>
                <property StyleSheetClass=""/>
                <property Visible="true"/>
                <property Enable="true"/>
                <property Moveable="true"/>
                <property Sizeable="true"/>
                <property FontSize="Normal"/>
                <property Bold="false"/>
                <property ToolTipEnable="true"/>
                <property Color="White"/>
                <property ToolTip=""/>
                <property BGColor="standard"/>
                <property PropScientific="false"/>
                <property Alignment="Left"/>
                <property UserControl=""/>
                <property Height="40"/>
                <property Width="230"/>
            </widget>
            <widget>
                <property ID="lblTimer"/>
                <property ObjectType="Label"/>
                <property XPos="900"/>
                <property YPos="10"/>
                <property Menu=""/>
                <property MenuItem=""/>
                <property Text=""/>
                <property StyleSheetClass=""/>
                <property Visible="False"/>
                <property Enable="true"/>
                <property Moveable="true"/>
                <property Sizeable="true"/>
                <property FontSize="Small"/>
                <property Bold="false"/>
                <property ToolTipEnable="true"/>
                <property Color="White"/>
                <property ToolTip=""/>
                <property BGColor="transparent"/>
                <property PropScientific="false"/>
                <property Alignment="Right"/>
                <property UserControl=""/>
                <property Height="40"/>
                <property Width="30"/>
            </widget>
            <widget>
                <property ID="imvClock"/>
                <property ObjectType="GraphicsView"/>
                <property XPos="880"/>
                <property YPos="10"/>
                <property Menu=""/>
                <property MenuItem=""/>
                <property StyleSheetClass=""/>
                <property Visible="false"/>
                <property Enable="false"/>
                <property Moveable="false"/>
                <property Sizeable="true"/>
                <property ScrollBars="false"/>
                <property AutoFitBG="padding"/>
                <property ZoomStyle="Panning"/>
                <property ScrollZoom="true"/>
                <property BorderOn="false"/>
                <property ToolTipEnable="true"/>
                <property ToolTip=""/>
                <property ImageData=""/>
                <property UserControl=""/>
                <property Height="40"/>
                <property Width="20"/>
            </widget>
        </widget>
        <widget>
            <property ID="lblHeader"/>
            <property ObjectType="Label"/>
            <property XPos="0"/>
            <property YPos="40"/>
            <property Menu=""/>
            <property MenuItem=""/>
            <property Text="Source drivers"/>
            <property StyleSheetClass=""/>
            <property Visible="true"/>
            <property Enable="true"/>
            <property Moveable="true"/>
            <property Sizeable="true"/>
            <property FontSize="Big"/>
            <property Bold="False"/>
            <property ToolTipEnable="true"/>
            <property Color="white"/>
            <property ToolTip=""/>
            <property BGColor="Transparent"/>
            <property PropScientific="false"/>
            <property Alignment="Left"/>
            <property UserControl=""/>
            <property Height="30"/>
            <property Width="460"/>
        </widget>
        <widget>
            <property ID="tawDriver"/>
            <property ObjectType="TableWidget"/>
            <property XPos="480"/>
            <property YPos="210"/>
            <property Menu=""/>
            <property MenuItem=""/>
            <property StyleSheetClass=""/>
            <property Visible="false"/>
            <property Enable="true"/>
            <property Moveable="true"/>
            <property Sizeable="true"/>
            <property ColumnCount="1"/>
            <property RowCount="7"/>
            <property ListViewMode="false"/>
            <property ColumnWidths="0,460"/>
            <property BorderWidth="0"/>
            <property BorderOn="false"/>
            <property ToolTipEnable="true"/>
            <property ToolTip=""/>
            <property MultipleRowSelection="false"/>
            <property BGColor="Transparent"/>
            <property HeadersOn="false"/>
            <property HorizonHeaderTags=""/>
            <property VerticalHeaderTags=""/>
            <property UserControl=""/>
            <property TabOrder="0"/>
            <property Height="382"/>
            <property Width="462"/>
            <widget>
                <property ID="uct-tawDriver:1-1"/>
                <property ObjectType="UserControl"/>
                <property XPos="0"/>
                <property YPos="0"/>
                <property Menu=""/>
                <property CellName="1"/>
                <property MenuItem=""/>
                <property FileName="UCT-Driver.xml"/>
                <property StyleSheetClass=""/>
                <property Visible="false"/>
                <property Enable="true"/>
                <property Moveable="false"/>
                <property Sizeable="false"/>
                <property CellAlignment="stretch"/>
                <property ToolTipEnable="true"/>
                <property ToolTip=""/>
                <property UserControl="UCT-Driver"/>
                <property Height="40"/>
                <property Width="460"/>
            </widget>
            <widget>
                <property ID="uct-tawDriver:2-1"/>
                <property ObjectType="UserControl"/>
                <property XPos="0"/>
                <property YPos="0"/>
                <property Menu=""/>
                <property CellName="2"/>
                <property MenuItem=""/>
                <property FileName="UCT-Driver.xml"/>
                <property StyleSheetClass=""/>
                <property Visible="false"/>
                <property Enable="true"/>
                <property Moveable="false"/>
                <property Sizeable="false"/>
                <property CellAlignment="stretch"/>
                <property ToolTipEnable="true"/>
                <property ToolTip=""/>
                <property UserControl="UCT-Driver"/>
                <property Height="40"/>
                <property Width="460"/>
            </widget>
            <widget>
                <property ID="uct-tawDriver:3-1"/>
                <property ObjectType="UserControl"/>
                <property XPos="0"/>
                <property YPos="0"/>
                <property Menu=""/>
                <property CellName="3"/>
                <property MenuItem=""/>
                <property FileName="UCT-Driver.xml"/>
                <property StyleSheetClass=""/>
                <property Visible="false"/>
                <property Enable="true"/>
                <property Moveable="false"/>
                <property Sizeable="false"/>
                <property CellAlignment="stretch"/>
                <property ToolTipEnable="true"/>
                <property ToolTip=""/>
                <property UserControl="UCT-Driver"/>
                <property Height="40"/>
                <property Width="460"/>
            </widget>
            <widget>
                <property ID="uct-tawDriver:4-1"/>
                <property ObjectType="UserControl"/>
                <property XPos="0"/>
                <property YPos="0"/>
                <property Menu=""/>
                <property CellName="4"/>
                <property MenuItem=""/>
                <property FileName="UCT-Driver.xml"/>
                <property StyleSheetClass=""/>
                <property Visible="false"/>
                <property Enable="true"/>
                <property Moveable="false"/>
                <property Sizeable="false"/>
                <property CellAlignment="stretch"/>
                <property ToolTipEnable="true"/>
                <property ToolTip=""/>
                <property UserControl="UCT-Driver"/>
                <property Height="40"/>
                <property Width="460"/>
            </widget>
            <widget>
                <property ID="uct-tawDriver:5-1"/>
                <property ObjectType="UserControl"/>
                <property XPos="0"/>
                <property YPos="0"/>
                <property Menu=""/>
                <property CellName="5"/>
                <property MenuItem=""/>
                <property FileName="UCT-Driver.xml"/>
                <property StyleSheetClass=""/>
                <property Visible="false"/>
                <property Enable="true"/>
                <property Moveable="false"/>
                <property Sizeable="false"/>
                <property CellAlignment="stretch"/>
                <property ToolTipEnable="true"/>
                <property ToolTip=""/>
                <property UserControl="UCT-Driver"/>
                <property Height="40"/>
                <property Width="460"/>
            </widget>
            <widget>
                <property ID="uct-tawDriver:6-1"/>
                <property ObjectType="UserControl"/>
                <property XPos="0"/>
                <property YPos="0"/>
                <property Menu=""/>
                <property CellName="6"/>
                <property MenuItem=""/>
                <property FileName="UCT-Driver.xml"/>
                <property StyleSheetClass=""/>
                <property Visible="false"/>
                <property Enable="true"/>
                <property Moveable="false"/>
                <property Sizeable="false"/>
                <property CellAlignment="stretch"/>
                <property ToolTipEnable="true"/>
                <property ToolTip=""/>
                <property UserControl="UCT-Driver"/>
                <property Height="40"/>
                <property Width="460"/>
            </widget>
            <widget>
                <property ID="uct-tawDriver:7-1"/>
                <property ObjectType="UserControl"/>
                <property XPos="0"/>
                <property YPos="0"/>
                <property Menu=""/>
                <property CellName="7"/>
                <property MenuItem=""/>
                <property FileName="UCT-Driver.xml"/>
                <property StyleSheetClass=""/>
                <property Visible="false"/>
                <property Enable="true"/>
                <property Moveable="false"/>
                <property Sizeable="false"/>
                <property CellAlignment="stretch"/>
                <property ToolTipEnable="true"/>
                <property ToolTip=""/>
                <property UserControl="UCT-Driver"/>
                <property Height="40"/>
                <property Width="460"/>
            </widget>
        </widget>
        <widget>
            <property ID="imvLogo"/>
            <property ObjectType="GraphicsView"/>
            <property XPos="1440"/>
            <property YPos="10"/>
            <property Menu=""/>
            <property MenuItem=""/>
            <property Visible="true"/>
            <property StyleSheetClass=""/>
            <property Enable="false"/>
            <property Moveable="false"/>
            <property Sizeable="false"/>
            <property ScrollBars="false"/>
            <property HasBottomButtonBar="false"/>
            <property HasRightButtonBar="false"/>
            <property HasStatusBar="false"/>
            <property AutoFitBG="padding"/>
            <property ZoomStyle="Panning"/>
            <property ScrollZoom="false"/>
            <property BorderOn="false"/>
            <property ToolTipEnable="false"/>
            <property ToolTip=""/>
            <property ImageData=""/>
            <property UserControl=""/>
            <property Height="40"/>
            <property Width="90"/>
        </widget>
    </widget>
</SUI>
