<?xml version="1.0" encoding="UTF-8"?>
<SUI>
    <property SUICoreVersion="2.0.0"/>
    <property SUIEditorVersion="1.8.0"/>
    <property SUIObjectFactory="SUI Object factory"/>
    <property Height="960"/>
    <property SUIStylesheet="SourceGUI"/>
    <property Width="1545"/>
    <property SUIVersion="2.0"/>
    <property SUIName="Example SUI"/>
    <property SUIDescription="Example SUI"/>
    <property HasBottomButtonBar="false"/>
    <property HasRightButtonBar="false"/>
    <property HasStatusBar="false"/>
    <widget>
        <property ID="wpg1"/>
        <property ObjectType="WidgetPage"/>
        <property XPos="0"/>
        <property YPos="0"/>
        <property Menu=""/>
        <property MenuItem=""/>
        <property Visible="true"/>
        <property StyleSheetClass="page"/>
        <property Enable="true"/>
        <property Moveable="false"/>
        <property Sizeable="false"/>
        <property ToolTipEnable="true"/>
        <property BGColor="white"/>
        <property ToolTip=""/>
        <property UserControl=""/>
        <property Height="960"/>
        <property Width="1545"/>
        <widget>
            <property ID="lblHeader"/>
            <property ObjectType="Label"/>
            <property XPos="0"/>
            <property YPos="40"/>
            <property Menu=""/>
            <property MenuItem=""/>
            <property Text="Active alarms"/>
            <property StyleSheetClass=""/>
            <property Visible="true"/>
            <property Enable="true"/>
            <property Moveable="true"/>
            <property Sizeable="true"/>
            <property FontSize="Large"/>
            <property Bold="false"/>
            <property ToolTipEnable="true"/>
            <property Color="white"/>
            <property ToolTip=""/>
            <property BGColor="Transparent"/>
            <property PropScientific="false"/>
            <property Alignment="Left"/>
            <property UserControl=""/>
            <property Height="30"/>
            <property Width="460"/>
        </widget>
        <widget>
          <property ID="btnSeverity" />
          <property ObjectType="Button" />
          <property XPos="0" />
          <property YPos="80" />
          <property Menu="" />
          <property MenuItem="" />
          <property Visible="true" />
          <property StyleSheetClass="headingalerttable" />
          <property Enable="false" />
          <property Moveable="true" />
          <property Sizeable="true" />
          <property Bold="false" />
          <property ToolTipEnable="true" />
          <property ToolTip="" />
          <property ImageData="" />
          <property ImageDataPressed="" />
          <property Text="SEVERITY" />
          <property Alignment="Left" />
          <property UserControl="" />
          <property TabOrder="2" />
          <property Height="30" />
          <property Width="123" />
        </widget>
        <widget>
          <property ID="btnCode" />
          <property ObjectType="Button" />
          <property XPos="123" />
          <property YPos="80" />
          <property Menu="" />
          <property MenuItem="" />
          <property Visible="true" />
          <property StyleSheetClass="headingalerttable" />
          <property Enable="true" />
          <property Moveable="true" />
          <property Sizeable="true" />
          <property Bold="false" />
          <property ToolTipEnable="true" />
          <property ToolTip="" />
          <property ImageData="" />
          <property ImageDataPressed="" />
          <property Text="CODE" />
          <property Alignment="Left" />
          <property UserControl="" />
          <property TabOrder="3" />
          <property Height="30" />
          <property Width="96" />
        </widget>
        <widget>
          <property ID="btnMessage" />
          <property ObjectType="Button" />
          <property XPos="208" />
          <property YPos="80" />
          <property Menu="" />
          <property MenuItem="" />
          <property Visible="true" />
          <property StyleSheetClass="headingalerttable" />
          <property Enable="true" />
          <property Moveable="true" />
          <property Sizeable="true" />
          <property Bold="false" />
          <property ToolTipEnable="true" />
          <property ToolTip="" />
          <property ImageData="" />
          <property ImageDataPressed="" />
          <property Text="MESSAGE" />
          <property Alignment="Left" />
          <property UserControl="" />
          <property TabOrder="4" />
          <property Height="30" />
          <property Width="848" />
        </widget>
        <widget>
          <property ID="btnTimeReported" />
          <property ObjectType="Button" />
          <property XPos="1056" />
          <property YPos="80" />
          <property Menu="" />
          <property MenuItem="" />
          <property Visible="true" />
          <property StyleSheetClass="headingalerttable" />
          <property Enable="true" />
          <property Moveable="true" />
          <property Sizeable="true" />
          <property Bold="false" />
          <property ToolTipEnable="true" />
          <property ToolTip="" />
          <property ImageData="" />
          <property ImageDataPressed="" />
          <property Text="TIME REPORTED" />
          <property Alignment="Left" />
          <property UserControl="" />
          <property TabOrder="5" />
          <property Height="30" />
          <property Width="252" />
        </widget>
        <widget>
          <property ID="tawAlert" />
          <property ObjectType="TableWidget" />
          <property XPos="0" />
          <property YPos="110" />
          <property Menu="" />
          <property MenuItem="" />
          <property Visible="true" />
          <property StyleSheetClass="alerttable" />
          <property Enable="true" />
          <property Moveable="true" />
          <property Sizeable="true" />
          <property RowHeights="0,40" />
          <property ColumnCount="8" />
          <property RowCount="1" />
          <property ColumnWidths="0,30;1,90;2,88;3,850;4,170;5,80;6,0;7,0" />
          <property ListViewMode="true" />
          <property BorderWidth="0" />
          <property BorderOn="false" />
          <property ToolTipEnable="true" />
          <property ToolTip="" />
          <property MultipleRowSelection="false" />
          <property HeadersOn="false" />
          <property HorizonHeaderTags="" />
          <property VerticalHeaderTags="" />
          <property UserControl="" />
          <property TabOrder="0" />
          <property Height="720" />
          <property Width="1350" />
          <widget>
            <property ID="btn-tawAlert:1-1" />
            <property ObjectType="Button" />
            <property XPos="0" />
            <property YPos="0" />
            <property Menu="" />
            <property CellName="" />
            <property MenuItem="" />
            <property Visible="true" />
            <property StyleSheetClass="" />
            <property Enable="true" />
            <property Moveable="false" />
            <property Sizeable="false" />
            <property Bold="false" />
            <property CellAlignment="stretch" />
            <property ToolTipEnable="true" />
            <property ToolTip="" />
            <property ImageData="" />
            <property ImageDataPressed="" />
            <property Text="" />
            <property Alignment="Right" />
            <property UserControl="" />
            <property TabOrder="1" />
            <property Height="30" />
            <property Width="20" />
          </widget>
          <widget>
            <property ID="lbl-tawAlert:1-2" />
            <property ObjectType="Label" />
            <property XPos="0" />
            <property YPos="0" />
            <property Menu="" />
            <property CellName="" />
            <property MenuItem="" />
            <property Visible="true" />
            <property StyleSheetClass="" />
            <property Enable="true" />
            <property Moveable="false" />
            <property Sizeable="false" />
            <property Bold="false" />
            <property CellAlignment="stretch" />
            <property ToolTipEnable="true" />
            <property BGColor="" />
            <property ToolTip="" />
            <property ImageData="" />
            <property ImageDataPressed="" />
            <property Text="Alarm" />
            <property Alignment="Left" />
            <property UserControl="" />
            <property TabOrder="1" />
            <property Height="30" />
            <property Width="20" />
          </widget>
          <widget>
            <property ID="twi-tawAlert:1-3" />
            <property ObjectType="TableWidgetItem" />
            <property XPos="0" />
            <property YPos="0" />
            <property Menu="" />
            <property CellName="" />
            <property MenuItem="" />
            <property Visible="true" />
            <property StyleSheetClass="" />
            <property Enable="true" />
            <property Moveable="false" />
            <property Sizeable="false" />
            <property FontSize="Normal" />
            <property Bold="false" />
            <property CellAlignment="stretch" />
            <property BorderWidth="3" />
            <property BorderOn="false" />
            <property ToolTipEnable="true" />
            <property ToolTip="" />
            <property Text="ABC-1234" />
            <property Alignment="left" />
            <property UserControl="" />
            <property Height="0:200" />
            <property Width="0:200" />
          </widget>
          <widget>
            <property ID="twi-tawAlert:1-4" />
            <property ObjectType="TableWidgetItem" />
            <property XPos="0" />
            <property YPos="0" />
            <property Menu="" />
            <property CellName="" />
            <property MenuItem="" />
            <property Visible="true" />
            <property StyleSheetClass="" />
            <property Enable="true" />
            <property Moveable="false" />
            <property Sizeable="false" />
            <property FontSize="Normal" />
            <property Bold="false" />
            <property CellAlignment="stretch" />
            <property BorderWidth="3" />
            <property BorderOn="false" />
            <property ToolTipEnable="true" />
            <property ToolTip="" />
            <property Text="This is an alarm message" />
            <property Alignment="left" />
            <property UserControl="" />
            <property Height="0:200" />
            <property Width="90" />
          </widget>
          <widget>
            <property ID="twi-tawAlert:1-5" />
            <property ObjectType="TableWidgetItem" />
            <property XPos="0" />
            <property YPos="0" />
            <property Menu="" />
            <property CellName="" />
            <property MenuItem="" />
            <property Visible="true" />
            <property StyleSheetClass="" />
            <property Enable="true" />
            <property Moveable="false" />
            <property Sizeable="false" />
            <property FontSize="Normal" />
            <property Bold="false" />
            <property CellAlignment="stretch" />
            <property BorderWidth="3" />
            <property BorderOn="false" />
            <property ToolTipEnable="true" />
            <property ToolTip="" />
            <property Text="2017-04-24  09:01:00" />
            <property Alignment="left" />
            <property UserControl="" />
            <property Height="0:200" />
            <property Width="0:300" />
          </widget>
          <widget>
            <property ID="lbl-tawAlert:1-6" />
            <property ObjectType="Label" />
            <property XPos="0" />
            <property YPos="9" />
            <property Menu="" />
            <property CellName="" />
            <property MenuItem="" />
            <property Visible="true" />
            <property StyleSheetClass="" />
            <property Enable="true" />
            <property Moveable="false" />
            <property Sizeable="true" />
            <property Bold="false" />
            <property CellAlignment="center" />
            <property ToolTipEnable="true" />
            <property ToolTip="" />
            <property ImageData="" />
            <property ImageDataPressed="" />
            <property Text="" />
            <property Alignment="center" />
            <property UserControl="" />
            <property TabOrder="1" />
            <property Height="10" />
            <property Width="10" />
          </widget>
          <widget>
            <property ID="twi-tawAlert:1-7" />
            <property ObjectType="TableWidgetItem" />
            <property XPos="0" />
            <property YPos="0" />
            <property Menu="" />
            <property CellName="" />
            <property MenuItem="" />
            <property Visible="false" />
            <property StyleSheetClass="" />
            <property Enable="true" />
            <property Moveable="false" />
            <property Sizeable="false" />
            <property FontSize="Normal" />
            <property Bold="false" />
            <property CellAlignment="stretch" />
            <property BorderWidth="3" />
            <property BorderOn="false" />
            <property ToolTipEnable="true" />
            <property ToolTip="" />
            <property Text="" />
            <property Alignment="left" />
            <property UserControl="" />
            <property Height="0" />
            <property Width="0" />
          </widget>
          <widget>
            <property ID="twi-tawAlert:1-8" />
            <property ObjectType="TableWidgetItem" />
            <property XPos="0" />
            <property YPos="0" />
            <property Menu="" />
            <property CellName="" />
            <property MenuItem="" />
            <property Visible="false" />
            <property StyleSheetClass="" />
            <property Enable="true" />
            <property Moveable="false" />
            <property Sizeable="false" />
            <property FontSize="Normal" />
            <property Bold="false" />
            <property CellAlignment="stretch" />
            <property BorderWidth="3" />
            <property BorderOn="false" />
            <property ToolTipEnable="true" />
            <property ToolTip="" />
            <property Text="" />
            <property Alignment="left" />
            <property UserControl="" />
            <property Height="0" />
            <property Width="0" />
          </widget>
        </widget>
    </widget>
</SUI>
