<?xml version="1.0" encoding="UTF-8"?>
<SUI>
   <property SUICoreVersion="2.0.0" />
   <property SUIEditorVersion="1.8.0" />
   <property SUIObjectFactory="SUI Object factory" />
   <property Height="960" />
   <property SUIStylesheet="SourceGUI" />
   <property Width="1545" />
   <property SUIVersion="2.0" />
   <property SUIName="Example SUI" />
   <property SUIDescription="Example SUI" />
   <property HasBottomButtonBar="false" />
   <property HasRightButtonBar="false" />
   <property HasStatusBar="false" />
   <property Include-UCT-Parameter="UCT-Parameter.xml" />
   <property Include-UCT-SaveButton="UCT-SaveButton.xml" />
   <property Include-UCT-PendingParameter="UCT-PendingParameter.xml" />
   <widget>
      <property ID="wpg1" />
      <property ObjectType="WidgetPage" />
      <property XPos="0" />
      <property YPos="0" />
      <property Menu="" />
      <property MenuItem="" />
      <property Visible="true" />
      <property StyleSheetClass="page" />
      <property Enable="true" />
      <property Moveable="false" />
      <property Sizeable="false" />
      <property ToolTipEnable="true" />
      <property BGColor="white" />
      <property ToolTip="" />
      <property UserControl="" />
      <property Height="960" />
      <property Width="1545" />
      <widget>
         <property ID="imvLogo" />
         <property ObjectType="GraphicsView" />
         <property XPos="1440" />
         <property YPos="10" />
         <property Menu="" />
         <property MenuItem="" />
         <property Visible="true" />
         <property StyleSheetClass="" />
         <property Enable="false" />
         <property Moveable="false" />
         <property Sizeable="false" />
         <property ScrollBars="false" />
         <property HasBottomButtonBar="false" />
         <property HasRightButtonBar="false" />
         <property HasStatusBar="false" />
         <property AutoFitBG="padding" />
         <property ZoomStyle="Panning" />
         <property ScrollZoom="false" />
         <property BorderOn="false" />
         <property ToolTipEnable="false" />
         <property ToolTip="" />
         <property ImageData="" />
         <property UserControl="" />
         <property Height="40" />
         <property Width="90" />
      </widget>
      <widget>
         <property ID="gbxPageZero" />
         <property ObjectType="GroupBox" />
         <property XPos="0" />
         <property YPos="80" />
         <property Menu="" />
         <property MenuItem="" />
         <property Visible="true" />
         <property StyleSheetClass="pendingParameterTree" />
         <property Enable="true" />
         <property Moveable="true" />
         <property HoverBGColor="standard" />
         <property Sizeable="true" />
         <property Bold="true" />
         <property ToolTipEnable="true" />
         <property ToolTip="" />
         <property Hover="false" />
         <property Text="" />
         <property UserControl="" />
         <property Height="880" />
         <property Width="215" />
      </widget>
      <widget>
         <property ID="gbxPageOne" />
         <property ObjectType="GroupBox" />
         <property XPos="215" />
         <property YPos="80" />
         <property Menu="" />
         <property MenuItem="" />
         <property Visible="true" />
         <property StyleSheetClass="page" />
         <property Enable="true" />
         <property Moveable="true" />
         <property HoverBGColor="standard" />
         <property Sizeable="true" />
         <property Bold="true" />
         <property ToolTipEnable="true" />
         <property BGColor="white" />
         <property ToolTip="" />
         <property Hover="false" />
         <property Text="" />
         <property UserControl="" />
         <property Height="880" />
         <property Width="670" />
         <widget>
            <property ID="lneSearchParameterText" />
            <property ObjectType="LineEdit" />
            <property XPos="20" />
            <property YPos="23" />
            <property Visible="true" />
            <property StyleSheetClass="searchparameter" />
            <property Enable="true" />
            <property Moveable="true" />
            <property Sizeable="true" />
            <property RegularExpression=".*" />
            <property Bold="false" />
            <property Color="standard" />
            <property ToolTipEnable="true" />
            <property BGColor="" />
            <property Text="" />
            <property Alignment="Left" />
            <property TabOrder="0" />
            <property Height="40" />
            <property Width="600" />
         </widget>
         <widget>
            <property ID="btnSearchAndClearIcon" />
            <property ObjectType="Button" />
            <property XPos="585" />
            <property YPos="27" />
            <property Menu="" />
            <property MenuItem="" />
            <property Visible="true" />
            <property StyleSheetClass="searchBoxItemStyle" />
            <property Enable="true" />
            <property Moveable="true" />
            <property Sizeable="true" />
            <property Bold="false" />
            <property ToolTipEnable="true" />
            <property ToolTip="" />
            <property ImageData="" />
            <property ImageDataPressed="" />
            <property BGColor="blue" />
            <property Text="search" />
            <property Alignment="left" />
            <property UserControl="" />
            <property TabOrder="1" />
            <property Height="30" />
            <property Width="27" />
         </widget>
         <widget>
            <property ID="lblEntriesFound" />
            <property ObjectType="Label" />
            <property XPos="23" />
            <property YPos="65" />
            <property Menu="" />
            <property MenuItem="" />
            <property Visible="true" />
            <property StyleSheetClass="parametersfound" />
            <property Enable="true" />
            <property Moveable="true" />
            <property Sizeable="true" />
            <property FontSize="Small" />
            <property Bold="false" />
            <property Color="" />
            <property ToolTipEnable="true" />
            <property BGColor="white" />
            <property ToolTip="" />
            <property PropScientific="false" />
            <property Text="parameters found" />
            <property Alignment="Left" />
            <property UserControl="" />
            <property Height="20" />
            <property Width="160" />
         </widget>
         <widget>
            <property ID="gbxParamName" />
            <property ObjectType="GroupBox" />
            <property XPos="20" />
            <property YPos="90" />
            <property Menu="" />
            <property MenuItem="" />
            <property Visible="true" />
            <property StyleSheetClass="gbxparametername" />
            <property Enable="true" />
            <property Moveable="true" />
            <property HoverBGColor="standard" />
            <property Sizeable="true" />
            <property Bold="true" />
            <property ToolTipEnable="true" />
            <property BGColor="white" />
            <property ToolTip="" />
            <property Hover="false" />
            <property Text="" />
            <property UserControl="" />
            <property Height="30" />
            <property Width="460" />
            <widget>
               <property ID="btnParameterName" />
               <property ObjectType="Button" />
               <property XPos="0" />
               <property YPos="0" />
               <property Menu="" />
               <property MenuItem="" />
               <property Visible="true" />
               <property StyleSheetClass="parametername" />
               <property Enable="true" />
               <property Moveable="true" />
               <property Sizeable="true" />
               <property Bold="false" />
               <property ToolTipEnable="true" />
               <property ToolTip="" />
               <property ImageData="" />
               <property ImageDataPressed="" />
               <property Text="PARAMETER NAME" />
               <property Alignment="left" />
               <property UserControl="" />
               <property TabOrder="1" />
               <property Height="25" />
               <property Width="133" />
            </widget>
            <widget>
               <property ID="btnParameterNameUpArrow" />
               <property ObjectType="Button" />
               <property XPos="133" />
               <property YPos="0" />
               <property Menu="" />
               <property MenuItem="" />
               <property Visible="true" />
               <property StyleSheetClass="" />
               <property Enable="true" />
               <property Moveable="true" />
               <property Sizeable="true" />
               <property Bold="false" />
               <property ToolTipEnable="true" />
               <property ToolTip="" />
               <property ImageData="" />
               <property ImageDataPressed="" />
               <property Text="" />
               <property Alignment="center" />
               <property UserControl="" />
               <property TabOrder="1" />
               <property Height="28" />
               <property Width="30" />
            </widget>
            <widget>
               <property ID="btnParameterName2" />
               <property ObjectType="Button" />
               <property XPos="0" />
               <property YPos="0" />
               <property Menu="" />
               <property MenuItem="" />
               <property Visible="false" />
               <property StyleSheetClass="parametername" />
               <property Enable="true" />
               <property Moveable="true" />
               <property Sizeable="true" />
               <property Bold="false" />
               <property ToolTipEnable="true" />
               <property ToolTip="" />
               <property ImageData="" />
               <property ImageDataPressed="" />
               <property Text="PARAMETER NAME" />
               <property Alignment="left" />
               <property UserControl="" />
               <property TabOrder="1" />
               <property Height="25" />
               <property Width="133" />
            </widget>
            <widget>
               <property ID="btnParameterNameDownArrow" />
               <property ObjectType="Button" />
               <property XPos="133" />
               <property YPos="0" />
               <property Menu="" />
               <property MenuItem="" />
               <property Visible="false" />
               <property StyleSheetClass="" />
               <property Enable="true" />
               <property Moveable="true" />
               <property Sizeable="true" />
               <property Bold="false" />
               <property ToolTipEnable="true" />
               <property ToolTip="" />
               <property ImageData="" />
               <property ImageDataPressed="" />
               <property Text="" />
               <property Alignment="center" />
               <property UserControl="" />
               <property TabOrder="1" />
               <property Height="25" />
               <property Width="30" />
            </widget>
         </widget>
         <widget>
            <property ID="btnParameterValue" />
            <property ObjectType="Button" />
            <property XPos="480" />
            <property YPos="90" />
            <property Menu="" />
            <property MenuItem="" />
            <property Visible="true" />
            <property StyleSheetClass="parametervalue" />
            <property Enable="true" />
            <property Moveable="true" />
            <property Sizeable="true" />
            <property Bold="false" />
            <property ToolTipEnable="true" />
            <property ToolTip="" />
            <property ImageData="" />
            <property ImageDataPressed="" />
            <property Text="VALUE" />
            <property Alignment="left" />
            <property UserControl="" />
            <property TabOrder="1" />
            <property Height="30" />
            <property Width="140" />
         </widget>
         <widget>
            <property ID="tawParameters" />
            <property ObjectType="TableWidget" />
            <property XPos="20" />
            <property YPos="120" />
            <property StyleSheetClass="parameterlist" />
            <property Visible="true" />
            <property Enable="true" />
            <property Moveable="true" />
            <property Sizeable="true" />
            <property ColumnCount="1" />
            <property RowCount="1" />
            <property ColumnWidths="0,700" />
            <property ListViewMode="true" />
            <property BorderWidth="0" />
            <property BorderOn="false" />
            <property ToolTipEnable="true" />
            <property MultipleRowSelection="false" />
            <property HeadersOn="false" />
            <property TabOrder="0" />
            <property Height="720" />
            <property Width="600" />
            <widget>
               <property ID="uct-tawParameters:1-1" />
               <property ObjectType="UserControl" />
               <property XPos="0" />
               <property YPos="0" />
               <property FileName="UCT-Parameter.xml" />
               <property Visible="true" />
               <property StyleSheetClass="" />
               <property Enable="true" />
               <property Moveable="true" />
               <property Sizeable="true" />
               <property FontSize="Small" />
               <property Bold="false" />
               <property CellAlignment="stretch" />
               <property BorderWidth="" />
               <property BorderOn="false" />
               <property ToolTipEnable="true" />
               <property ToolTip="" />
               <property Text="TBD" />
               <property BGColor="green" />
               <property UserControl="UCT-Parameter" />
               <property Width="600" />
            </widget>
         </widget>
         <widget>
            <property ID="scbParametersTable" />
            <property ObjectType="ScrollBar" />
            <property XPos="625" />
            <property YPos="120" />
            <property StyleSheetClass="paramtablescrollbar" />
            <property Visible="true" />
            <property Enable="true" />
            <property Moveable="true" />
            <property Sizeable="true" />
            <property StepSize="0" />
            <property MinValue="0" />
            <property ToolTipEnable="false" />
            <property Orientation="Vertical" />
            <property Height="720" />
            <property Width="20" />
         </widget>
      </widget>
      <widget>
         <property ID="lblSeperator" />
         <property ObjectType="Label" />
         <property XPos="885" />
         <property YPos="80" />
         <property Menu="" />
         <property MenuItem="" />
         <property Visible="true" />
         <property StyleSheetClass="seperator" />
         <property Enable="true" />
         <property Moveable="true" />
         <property Sizeable="true" />
         <property Bold="false" />
         <property ToolTipEnable="false" />
         <property ToolTip="" />
         <property ImageData="" />
         <property Color="" />
         <property BGColor="" />
         <property ImageDataPressed="" />
         <property Text="" />
         <property Alignment="left" />
         <property UserControl="" />
         <property TabOrder="1" />
         <property Height="880" />
         <property Width="1" />
      </widget>
      <widget>
         <property ID="gbxPageTwo" />
         <property ObjectType="GroupBox" />
         <property XPos="886" />
         <property YPos="80" />
         <property Menu="" />
         <property MenuItem="" />
         <property Visible="true" />
         <property StyleSheetClass="page" />
         <property Enable="true" />
         <property Moveable="true" />
         <property HoverBGColor="standard" />
         <property Sizeable="true" />
         <property Bold="true" />
         <property ToolTipEnable="true" />
         <property BGColor="white" />
         <property ToolTip="" />
         <property Hover="false" />
         <property Text="" />
         <property UserControl="" />
         <property Height="880" />
         <property Width="649" />
         <widget>
            <property ID="lblPendingParameters" />
            <property ObjectType="Label" />
            <property XPos="20" />
            <property YPos="15" />
            <property Menu="" />
            <property MenuItem="" />
            <property Text="Pending parameters" />
            <property StyleSheetClass="pendingparameters" />
            <property Visible="true" />
            <property Enable="true" />
            <property Moveable="true" />
            <property Sizeable="true" />
            <property FontSize="Small" />
            <property Bold="false" />
            <property ToolTipEnable="true" />
            <property Color="" />
            <property ToolTip="" />
            <property BGColor="" />
            <property PropScientific="false" />
            <property Alignment="Left" />
            <property UserControl="" />
            <property Height="20" />
            <property Width="200" />
         </widget>
         <widget>
            <property ID="btnHistory" />
            <property ObjectType="Button" />
            <property XPos="553" />
            <property YPos="15" />
            <property Menu="" />
            <property MenuItem="" />
            <property Visible="true" />
            <property StyleSheetClass="history" />
            <property Enable="true" />
            <property Moveable="true" />
            <property Sizeable="true" />
            <property Bold="false" />
            <property ToolTipEnable="false" />
            <property ToolTip="" />
            <property ImageData="" />
            <property Color="" />
            <property BGColor="transperent" />
            <property ImageDataPressed="" />
            <property Text="History" />
            <property Alignment="left" />
            <property UserControl="" />
            <property TabOrder="1" />
            <property Height="20" />
            <property Width="67" />
         </widget>
         <widget>
            <property ID="btnNoPendingParameters" />
            <property ObjectType="Button" />
            <property XPos="20" />
            <property YPos="70" />
            <property Menu="" />
            <property MenuItem="" />
            <property Text="No pending parameters" />
            <property StyleSheetClass="nopendingparameters" />
            <property Visible="true" />
            <property Enable="true" />
            <property Moveable="true" />
            <property Sizeable="true" />
            <property FontSize="small" />
            <property Bold="false" />
            <property ToolTipEnable="true" />
            <property Color="white" />
            <property ToolTip="" />
            <property BGColor="" />
            <property PropScientific="false" />
            <property Alignment="center" />
            <property UserControl="" />
            <property Height="30" />
            <property Width="600" />
         </widget>
         <widget>
            <property ID="gbxPendingParamName" />
            <property ObjectType="GroupBox" />
            <property XPos="20" />
            <property YPos="50" />
            <property Menu="" />
            <property MenuItem="" />
            <property Visible="true" />
            <property StyleSheetClass="gbxparametername" />
            <property Enable="true" />
            <property Moveable="true" />
            <property HoverBGColor="standard" />
            <property Sizeable="true" />
            <property Bold="true" />
            <property ToolTipEnable="true" />
            <property BGColor="white" />
            <property ToolTip="" />
            <property Hover="false" />
            <property Text="" />
            <property UserControl="" />
            <property Height="25" />
            <property Width="430" />
            <widget>
               <property ID="btnPendingParameterName" />
               <property ObjectType="Button" />
               <property XPos="0" />
               <property YPos="0" />
               <property Menu="" />
               <property MenuItem="" />
               <property Visible="true" />
               <property StyleSheetClass="parametername" />
               <property Enable="true" />
               <property Moveable="true" />
               <property Sizeable="true" />
               <property Bold="false" />
               <property ToolTipEnable="true" />
               <property ToolTip="" />
               <property ImageData="" />
               <property ImageDataPressed="" />
               <property Text="PARAMETER NAME" />
               <property Alignment="left" />
               <property UserControl="" />
               <property TabOrder="1" />
               <property Height="20" />
               <property Width="135" />
            </widget>
            <widget>
               <property ID="btnPendingParameterNameUpDownArrow" />
               <property ObjectType="Button" />
               <property XPos="135" />
               <property YPos="0" />
               <property Menu="" />
               <property MenuItem="" />
               <property Visible="true" />
               <property StyleSheetClass="" />
               <property Enable="true" />
               <property Moveable="true" />
               <property Sizeable="true" />
               <property Bold="false" />
               <property ToolTipEnable="true" />
               <property ToolTip="" />
               <property ImageData="" />
               <property ImageDataPressed="" />
               <property Text="" />
               <property Alignment="center" />
               <property UserControl="" />
               <property TabOrder="1" />
               <property Height="20" />
               <property Width="20" />
            </widget>
            <widget>
               <property ID="btnPendingParameterNameUpArrow" />
               <property ObjectType="Button" />
               <property XPos="135" />
               <property YPos="0" />
               <property Menu="" />
               <property MenuItem="" />
               <property Visible="false" />
               <property StyleSheetClass="" />
               <property Enable="true" />
               <property Moveable="true" />
               <property Sizeable="true" />
               <property Bold="false" />
               <property ToolTipEnable="true" />
               <property ToolTip="" />
               <property ImageData="" />
               <property ImageDataPressed="" />
               <property Text="" />
               <property Alignment="center" />
               <property UserControl="" />
               <property TabOrder="1" />
               <property Height="20" />
               <property Width="20" />
            </widget>
            <widget>
               <property ID="btnPendingParameterNameDownArrow" />
               <property ObjectType="Button" />
               <property XPos="135" />
               <property YPos="1" />
               <property Menu="" />
               <property MenuItem="" />
               <property Visible="true" />
               <property StyleSheetClass="" />
               <property Enable="true" />
               <property Moveable="true" />
               <property Sizeable="true" />
               <property Bold="false" />
               <property ToolTipEnable="true" />
               <property ToolTip="" />
               <property ImageData="" />
               <property ImageDataPressed="" />
               <property Text="" />
               <property Alignment="center" />
               <property UserControl="" />
               <property TabOrder="1" />
               <property Height="20" />
               <property Width="20" />
            </widget>
         </widget>
         <widget>
            <property ID="btnPendingParameterValue" />
            <property ObjectType="Button" />
            <property XPos="450" />
            <property YPos="50" />
            <property Menu="" />
            <property MenuItem="" />
            <property Visible="true" />
            <property StyleSheetClass="parametervalue" />
            <property Enable="true" />
            <property Moveable="true" />
            <property Sizeable="true" />
            <property Bold="false" />
            <property ToolTipEnable="true" />
            <property ToolTip="" />
            <property ImageData="" />
            <property ImageDataPressed="" />
            <property Text="PENDING VALUE" />
            <property Alignment="left" />
            <property UserControl="" />
            <property TabOrder="1" />
            <property Height="25" />
            <property Width="170" />
         </widget>
         <widget>
            <property ID="tawMCPendingParam" />
            <property ObjectType="TableWidget" />
            <property XPos="20" />
            <property YPos="75" />
            <property Menu="" />
            <property MenuItem="" />
            <property Visible="true" />
            <property StyleSheetClass="diagnosticsTable" />
            <property Enable="true" />
            <property Moveable="true" />
            <property Sizeable="true" />
            <property ColumnCount="2" />
            <property RowCount="1" />
            <property ColumnWidths="0,560;1,40;" />
            <property ListViewMode="false" />
            <property BorderWidth="0" />
            <property BorderOn="false" />
            <property Bold="false" />
            <property ToolTipEnable="true" />
            <property ToolTip="" />
            <property MultipleRowSelection="false" />
            <property HeadersOn="false" />
            <property HorizonHeaderTags="" />
            <property VerticalHeaderTags="" />
            <property UserControl="" />
            <property TabOrder="0" />
            <property Height="670" />
            <property Width="620" />
            <widget>
               <property ID="twi-tawMCPendingParam:1-1" />
               <property ObjectType="UserControl" />
               <property XPos="0" />
               <property YPos="0" />
               <property FileName="UCT-PendingParameter.xml" />
               <property Visible="true" />
               <property StyleSheetClass="" />
               <property Enable="true" />
               <property Moveable="false" />
               <property Sizeable="true" />
               <property FontSize="Small" />
               <property Bold="false" />
               <property CellAlignment="stretch" />
               <property BorderWidth="" />
               <property BorderOn="false" />
               <property ToolTipEnable="true" />
               <property ToolTip="" />
               <property Text="" />
               <property BGColor="green" />
               <property UserControl="UCT-PendingParameter" />
               <property Width="560" />
            </widget>
            <widget>
               <property ID="btn-PPRB:1-2" />
               <property ObjectType="Button" />
               <property XPos="560" />
               <property YPos="0" />
               <property Visible="true" />
               <property Enable="true" />
               <property Moveable="true" />
               <property Sizeable="true" />
               <property Bold="false" />
               <property CellAlignment="stretch" />
               <property Alignment="center" />
               <property ToolTipEnable="true" />
               <property Text="TBD" />
            </widget>
         </widget>
         <widget>
            <property ID="btnCancel" />
            <property ObjectType="Button" />
            <property XPos="370" />
            <property YPos="165" />
            <property Menu="" />
            <property MenuItem="" />
            <property Visible="true" />
            <property StyleSheetClass="CancelButton" />
            <property Enable="true" />
            <property Moveable="true" />
            <property Sizeable="true" />
            <property Bold="false" />
            <property ToolTipEnable="false" />
            <property ToolTip="" />
            <property ImageData="" />
            <property ImageDataPressed="" />
            <property Text="Cancel" />
            <property Alignment="center" />
            <property UserControl="" />
            <property TabOrder="1" />
            <property Height="35" />
            <property Width="120" />
         </widget>
         <widget>
            <property ID="uctSaveButton" />
            <property ObjectType="UserControl" />
            <property XPos="500" />
            <property YPos="164" />
            <property FileName="UCT-SaveButton.xml" />
            <property Visible="true" />
            <property Enable="true" />
            <property Moveable="true" />
            <property Sizeable="false" />
            <property ToolTipEnable="true" />
            <property UserControl="UCT-SaveButton" />
            <property Height="37" />
            <property Width="120" />
         </widget>
         <widget>
            <property ID="lblPendingParamSaveName" />
            <property ObjectType="Label" />
            <property XPos="20" />
            <property YPos="50" />
            <property Menu="" />
            <property MenuItem="" />
            <property Text="Name" />
            <property StyleSheetClass="PendingParamSaveName" />
            <property Visible="true" />
            <property Enable="true" />
            <property Moveable="true" />
            <property Sizeable="true" />
            <property FontSize="Small" />
            <property Bold="false" />
            <property ToolTipEnable="true" />
            <property Color="" />
            <property ToolTip="" />
            <property BGColor="" />
            <property PropScientific="false" />
            <property Alignment="Left" />
            <property UserControl="" />
            <property Height="20" />
            <property Width="100" />
         </widget>
         <widget>
            <property ID="lblPendingParamSaveNameLnEdit" />
            <property ObjectType="Label" />
            <property XPos="25" />
            <property YPos="80" />
            <property Menu="" />
            <property MenuItem="" />
            <property Text="Your name" />
            <property StyleSheetClass="PendingParamSaveYourName" />
            <property Visible="true" />
            <property Enable="true" />
            <property Moveable="true" />
            <property Sizeable="true" />
            <property FontSize="Small" />
            <property Bold="false" />
            <property ToolTipEnable="true" />
            <property Color="" />
            <property ToolTip="" />
            <property BGColor="" />
            <property PropScientific="false" />
            <property Alignment="Left" />
            <property UserControl="" />
            <property Height="20" />
            <property Width="150" />
         </widget>
         <widget>
            <property ID="lnePendingParamSaveName" />
            <property ObjectType="LineEdit" />
            <property XPos="20" />
            <property YPos="75" />
            <property Visible="true" />
            <property StyleSheetClass="PendingParamSaveNameEdit" />
            <property Enable="true" />
            <property Moveable="true" />
            <property Sizeable="true" />
            <property RegularExpression=".*" />
            <property Bold="false" />
            <property Color="" />
            <property ToolTipEnable="true" />
            <property BGColor="" />
            <property Text="" />
            <property Alignment="Left" />
            <property TabOrder="1" />
            <property Height="30" />
            <property Width="200" />
         </widget>
         <widget>
            <property ID="btnPendingParamSaveNameLnEditCancel" />
            <property ObjectType="Button" />
            <property XPos="194" />
            <property YPos="80" />
            <property Visible="true" />
            <property Enable="true" />
            <property Moveable="false" />
            <property Sizeable="true" />
            <property FontSize="Normal" />
            <property Bold="false" />
            <property Color="transparent" />
            <property ToolTipEnable="true" />
            <property BGColor="transparent" />
            <property PropScientific="false" />
            <property Text="" />
            <property Alignment="Left" />
            <property Height="20" />
            <property Width="25" />
         </widget>
         <widget>
            <property ID="lblPendingParamSaveChangeReason" />
            <property ObjectType="Label" />
            <property XPos="20" />
            <property YPos="115" />
            <property Menu="" />
            <property MenuItem="" />
            <property Text="Change reason" />
            <property StyleSheetClass="PendingParamSaveChangeReason" />
            <property Visible="true" />
            <property Enable="true" />
            <property Moveable="true" />
            <property Sizeable="true" />
            <property FontSize="Small" />
            <property Bold="false" />
            <property ToolTipEnable="true" />
            <property Color="" />
            <property ToolTip="" />
            <property BGColor="" />
            <property PropScientific="false" />
            <property Alignment="Left" />
            <property UserControl="" />
            <property Height="20" />
            <property Width="200" />
         </widget>
         <widget>
            <property ID="lblPendingParamSaveChangeReasonTxtArea" />
            <property ObjectType="Label" />
            <property XPos="25" />
            <property YPos="139" />
            <property Menu="" />
            <property MenuItem="" />
            <property Text="Additional comments" />
            <property StyleSheetClass="PendingParamSaveChangeReasonComments" />
            <property Visible="true" />
            <property Enable="true" />
            <property Moveable="true" />
            <property Sizeable="true" />
            <property FontSize="Small" />
            <property Bold="false" />
            <property ToolTipEnable="true" />
            <property Color="" />
            <property ToolTip="" />
            <property BGColor="" />
            <property PropScientific="false" />
            <property Alignment="Left" />
            <property UserControl="" />
            <property Height="20" />
            <property Width="200" />
         </widget>
         <widget>
            <property ID="txaPendingParamSaveChangeReason" />
            <property ObjectType="TextArea" />
            <property XPos="20" />
            <property YPos="135" />
            <property Menu="" />
            <property MenuItem="" />
            <property Text="" />
            <property StyleSheetClass="PendingParamSaveChangeReasonEdit" />
            <property Visible="true" />
            <property Enable="true" />
            <property Moveable="true" />
            <property Sizeable="true" />
            <property Bold="false" />
            <property ToolTipEnable="false" />
            <property Color="" />
            <property ToolTip="" />
            <property AutoScroll="true" />
            <property ReadOnly="false" />
            <property Alignment="left" />
            <property UserControl="" />
            <property TabOrder="1" />
            <property Height="150" />
            <property Width="600" />
         </widget>
         <widget>
            <property ID="btnPendingParamCancelSave" />
            <property ObjectType="Button" />
            <property XPos="370" />
            <property YPos="295" />
            <property Menu="" />
            <property MenuItem="" />
            <property Visible="true" />
            <property StyleSheetClass="CancelButton" />
            <property Enable="true" />
            <property Moveable="true" />
            <property Sizeable="true" />
            <property Bold="false" />
            <property ToolTipEnable="false" />
            <property ToolTip="" />
            <property ImageData="" />
            <property ImageDataPressed="" />
            <property Text="Cancel" />
            <property Alignment="center" />
            <property UserControl="" />
            <property TabOrder="1" />
            <property Height="35" />
            <property Width="120" />
         </widget>
         <widget>
            <property ID="uctPendingParamFinalSave" />
            <property ObjectType="UserControl" />
            <property XPos="500" />
            <property YPos="294" />
            <property FileName="UCT-SaveButton.xml" />
            <property Visible="true" />
            <property Enable="true" />
            <property Moveable="true" />
            <property Sizeable="false" />
            <property ToolTipEnable="true" />
            <property UserControl="UCT-SaveButton" />
            <property Height="37" />
            <property Width="120" />
         </widget>
         <widget>
            <property ID="gbxBI" />
            <property ObjectType="GroupBox" />
            <property XPos="0" />
            <property YPos="40" />
            <property Menu="" />
            <property MenuItem="" />
            <property Visible="false" />
            <property StyleSheetClass="pendingParamBI" />
            <property Enable="true" />
            <property Moveable="false" />
            <property HoverBGColor="standard" />
            <property Sizeable="false" />
            <property Bold="true" />
            <property ToolTipEnable="true" />
            <property BGColor="standard" />
            <property ToolTip="" />
            <property Hover="false" />
            <property Text="" />
            <property UserControl="" />
            <property Height="875" />
            <property Width="700" />
            <widget>
               <property ID="bicPendingParamFinalSaveImage" />
               <property ObjectType="BusyIndicator" />
               <property XPos="350" />
               <property YPos="400" />
               <property Menu="" />
               <property MenuItem="" />
               <property Visible="true" />
               <property StyleSheetClass="" />
               <property Enable="true" />
               <property BusyIndicatorImage="RotatingWheel" />
               <property Moveable="false" />
               <property Sizeable="false" />
               <property ToolTipEnable="true" />
               <property ToolTip="" />
               <property UserControl="" />
               <property Height="35" />
               <property Width="35" />
            </widget>
         </widget>
         <widget>
            <property ID="gbxPendingParamSaveError" />
            <property ObjectType="GroupBox" />
            <property XPos="20" />
            <property YPos="45" />
            <property Menu="" />
            <property MenuItem="" />
            <property Visible="false" />
            <property StyleSheetClass="pendingParamSaveError" />
            <property Enable="true" />
            <property Moveable="false" />
            <property HoverBGColor="standard" />
            <property Sizeable="false" />
            <property Bold="true" />
            <property ToolTipEnable="true" />
            <property BGColor="standard" />
            <property ToolTip="" />
            <property Hover="false" />
            <property Text="" />
            <property UserControl="" />
            <property Height="130" />
            <property Width="600" />
            <widget>
               <property ID="lblPendingParamErrorCrossImage" />
               <property ObjectType="Label" />
               <property XPos="100" />
               <property YPos="5" />
               <property Visible="true" />
               <property Enable="true" />
               <property Moveable="false" />
               <property Sizeable="true" />
               <property FontSize="Normal" />
               <property Bold="false" />
               <property Color="transparent" />
               <property ToolTipEnable="true" />
               <property BGColor="transparent" />
               <property PropScientific="false" />
               <property Text="Label" />
               <property Alignment="Left" />
               <property Height="40" />
               <property Width="40" />
            </widget>
            <widget>
               <property ID="lblPendingParamSaveErrorTitle" />
               <property ObjectType="Label" />
               <property XPos="130" />
               <property YPos="10" />
               <property Menu="" />
               <property MenuItem="" />
               <property Visible="true" />
               <property StyleSheetClass="MessageDesc" />
               <property Enable="true" />
               <property Moveable="false" />
               <property Sizeable="false" />
               <property FontSize="Normal" />
               <property Bold="flase" />
               <property Color="transparent" />
               <property ToolTipEnable="true" />
               <property BGColor="transparent" />
               <property ToolTip="" />
               <property PropScientific="false" />
               <property Text="An error occured while saving parameter(s)" />
               <property Alignment="Left" />
               <property UserControl="" />
               <property Height="30" />
               <property Width="450" />
            </widget>
            <widget>
               <property ID="lblPendingParamErrorCloseImage" />
               <property ObjectType="Label" />
               <property XPos="570" />
               <property YPos="0" />
               <property Visible="true" />
               <property Enable="true" />
               <property Moveable="false" />
               <property Sizeable="true" />
               <property FontSize="Normal" />
               <property Bold="false" />
               <property Color="transparent" />
               <property ToolTipEnable="true" />
               <property BGColor="transparent" />
               <property PropScientific="false" />
               <property Text="Label" />
               <property Alignment="Left" />
               <property Height="40" />
               <property Width="40" />
            </widget>
            <widget>
               <property ID="lblPendingParamSaveErrorMessage" />
               <property ObjectType="Label" />
               <property XPos="210" />
               <property YPos="40" />
               <property Menu="" />
               <property MenuItem="" />
               <property Visible="true" />
               <property StyleSheetClass="MessageDesc" />
               <property Enable="true" />
               <property Moveable="false" />
               <property Sizeable="false" />
               <property FontSize="Normal" />
               <property Bold="false" />
               <property Color="transparent" />
               <property ToolTipEnable="true" />
               <property BGColor="transparent" />
               <property ToolTip="" />
               <property PropScientific="false" />
               <property Text="Please troubleshoot" />
               <property Alignment="Left" />
               <property UserControl="" />
               <property Height="30" />
               <property Width="600" />
            </widget>
            <widget>
               <property ID="btnCancelPendingParamSave" />
               <property ObjectType="Button" />
               <property XPos="170" />
               <property YPos="80" />
               <property Menu="" />
               <property MenuItem="" />
               <property Visible="true" />
               <property StyleSheetClass="" />
               <property Enable="true" />
               <property Moveable="false" />
               <property Sizeable="false" />
               <property Bold="false" />
               <property ToolTipEnable="true" />
               <property ToolTip="" />
               <property ImageData="" />
               <property ImageDataPressed="" />
               <property Text="Cancel" />
               <property Alignment="center" />
               <property UserControl="" />
               <property TabOrder="0" />
               <property Height="37" />
               <property Width="120" />
            </widget>
            <widget>
               <property ID="btnRetryPendingParamSave" />
               <property ObjectType="Button" />
               <property XPos="300" />
               <property YPos="80" />
               <property Menu="" />
               <property MenuItem="" />
               <property Visible="true" />
               <property StyleSheetClass="" />
               <property Enable="true" />
               <property Moveable="false" />
               <property Sizeable="false" />
               <property Bold="false" />
               <property ToolTipEnable="true" />
               <property ToolTip="" />
               <property ImageData="" />
               <property ImageDataPressed="" />
               <property Text="Retry" />
               <property Alignment="center" />
               <property UserControl="" />
               <property TabOrder="1" />
               <property Height="37" />
               <property Width="120" />
            </widget>
         </widget>
      </widget>
      <widget>
         <property ID="btnBC1" />
         <property ObjectType="Button" />
         <property XPos="0" />
         <property YPos="40" />
         <property Menu="" />
         <property MenuItem="" />
         <property Visible="true" />
         <property StyleSheetClass="breadcrump" />
         <property Enable="true" />
         <property Moveable="true" />
         <property Sizeable="true" />
         <property Bold="false" />
         <property ToolTipEnable="true" />
         <property ToolTip="" />
         <property ImageData="" />
         <property ImageDataPressed="" />
         <property BGColor="blue" />
         <property Text="search" />
         <property Alignment="left" />
         <property UserControl="" />
         <property TabOrder="1" />
         <property Height="30" />
         <property Width="80" />
      </widget>
      <widget>
         <property ID="lblBackSlash1" />
         <property ObjectType="Label" />
         <property XPos="82" />
         <property YPos="35" />
         <property Menu="" />
         <property MenuItem="" />
         <property Visible="true" />
         <property StyleSheetClass="GenericHeader" />
         <property Enable="true" />
         <property Moveable="true" />
         <property Sizeable="true" />
         <property FontSize="Small" />
         <property Bold="false" />
         <property Color="white" />
         <property ToolTipEnable="true" />
         <property BGColor="Transparent" />
         <property ToolTip="" />
         <property PropScientific="false" />
         <property Text="/" />
         <property Alignment="Left" />
         <property UserControl="" />
         <property Height="40" />
         <property Width="460" />
      </widget>
      <widget>
         <property ID="btnBC2" />
         <property ObjectType="Button" />
         <property XPos="81" />
         <property YPos="40" />
         <property Menu="" />
         <property MenuItem="" />
         <property Visible="true" />
         <property StyleSheetClass="breadcrump" />
         <property Enable="true" />
         <property Moveable="true" />
         <property Sizeable="true" />
         <property Bold="false" />
         <property ToolTipEnable="true" />
         <property ToolTip="" />
         <property ImageData="" />
         <property ImageDataPressed="" />
         <property BGColor="blue" />
         <property Text="search" />
         <property Alignment="center" />
         <property UserControl="" />
         <property TabOrder="1" />
         <property Height="30" />
         <property Width="80" />
      </widget>
      <widget>
         <property ID="lblBackSlash2" />
         <property ObjectType="Label" />
         <property XPos="162" />
         <property YPos="35" />
         <property Menu="" />
         <property MenuItem="" />
         <property Visible="true" />
         <property StyleSheetClass="GenericHeader" />
         <property Enable="true" />
         <property Moveable="true" />
         <property Sizeable="true" />
         <property FontSize="Small" />
         <property Bold="false" />
         <property Color="white" />
         <property ToolTipEnable="true" />
         <property BGColor="Transparent" />
         <property ToolTip="" />
         <property PropScientific="false" />
         <property Text="/" />
         <property Alignment="Left" />
         <property UserControl="" />
         <property Height="40" />
         <property Width="460" />
      </widget>
      <widget>
         <property ID="btnBC3" />
         <property ObjectType="Button" />
         <property XPos="161" />
         <property YPos="40" />
         <property Menu="" />
         <property MenuItem="" />
         <property Visible="true" />
         <property StyleSheetClass="breadcrump" />
         <property Enable="true" />
         <property Moveable="true" />
         <property Sizeable="true" />
         <property Bold="false" />
         <property ToolTipEnable="true" />
         <property ToolTip="" />
         <property ImageData="" />
         <property ImageDataPressed="" />
         <property BGColor="blue" />
         <property Text="search" />
         <property Alignment="center" />
         <property UserControl="" />
         <property TabOrder="1" />
         <property Height="30" />
         <property Width="80" />
      </widget>
      <widget>
         <property ID="lblBackSlash3" />
         <property ObjectType="Label" />
         <property XPos="24" />
         <property YPos="35" />
         <property Menu="" />
         <property MenuItem="" />
         <property Visible="true" />
         <property StyleSheetClass="GenericHeader" />
         <property Enable="true" />
         <property Moveable="true" />
         <property Sizeable="true" />
         <property FontSize="Small" />
         <property Bold="false" />
         <property Color="white" />
         <property ToolTipEnable="true" />
         <property BGColor="Transparent" />
         <property ToolTip="" />
         <property PropScientific="false" />
         <property Text="/" />
         <property Alignment="Left" />
         <property UserControl="" />
         <property Height="40" />
         <property Width="460" />
      </widget>
      <widget>
         <property ID="btnBC4" />
         <property ObjectType="Button" />
         <property XPos="241" />
         <property YPos="40" />
         <property Menu="" />
         <property MenuItem="" />
         <property Visible="true" />
         <property StyleSheetClass="breadcrump" />
         <property Enable="true" />
         <property Moveable="true" />
         <property Sizeable="true" />
         <property Bold="false" />
         <property ToolTipEnable="true" />
         <property ToolTip="" />
         <property ImageData="" />
         <property ImageDataPressed="" />
         <property BGColor="blue" />
         <property Text="search" />
         <property Alignment="center" />
         <property UserControl="" />
         <property TabOrder="1" />
         <property Height="30" />
         <property Width="80" />
      </widget>
      <widget>
         <property ID="lblBackSlash4" />
         <property ObjectType="Label" />
         <property XPos="322" />
         <property YPos="35" />
         <property Menu="" />
         <property MenuItem="" />
         <property Visible="true" />
         <property StyleSheetClass="GenericHeader" />
         <property Enable="true" />
         <property Moveable="true" />
         <property Sizeable="true" />
         <property FontSize="Small" />
         <property Bold="false" />
         <property Color="white" />
         <property ToolTipEnable="true" />
         <property BGColor="Transparent" />
         <property ToolTip="" />
         <property PropScientific="false" />
         <property Text="/" />
         <property Alignment="Left" />
         <property UserControl="" />
         <property Height="40" />
         <property Width="460" />
      </widget>
      <widget>
         <property ID="btnBC5" />
         <property ObjectType="Button" />
         <property XPos="321" />
         <property YPos="40" />
         <property Menu="" />
         <property MenuItem="" />
         <property Visible="true" />
         <property StyleSheetClass="breadcrump" />
         <property Enable="true" />
         <property Moveable="true" />
         <property Sizeable="true" />
         <property Bold="false" />
         <property ToolTipEnable="true" />
         <property ToolTip="" />
         <property ImageData="" />
         <property ImageDataPressed="" />
         <property BGColor="blue" />
         <property Text="search" />
         <property Alignment="left" />
         <property UserControl="" />
         <property TabOrder="1" />
         <property Height="30" />
         <property Width="80" />
      </widget>
      <widget>
         <property ID="lblBackSlash5" />
         <property ObjectType="Label" />
         <property XPos="402" />
         <property YPos="35" />
         <property Menu="" />
         <property MenuItem="" />
         <property Visible="true" />
         <property StyleSheetClass="GenericHeader" />
         <property Enable="true" />
         <property Moveable="true" />
         <property Sizeable="true" />
         <property FontSize="Small" />
         <property Bold="false" />
         <property Color="white" />
         <property ToolTipEnable="true" />
         <property BGColor="Transparent" />
         <property ToolTip="" />
         <property PropScientific="false" />
         <property Text="/" />
         <property Alignment="Left" />
         <property UserControl="" />
         <property Height="40" />
         <property Width="460" />
      </widget>
      <widget>
         <property ID="btnBC6" />
         <property ObjectType="Button" />
         <property XPos="401" />
         <property YPos="40" />
         <property Menu="" />
         <property MenuItem="" />
         <property Visible="true" />
         <property StyleSheetClass="breadcrump" />
         <property Enable="true" />
         <property Moveable="true" />
         <property Sizeable="true" />
         <property Bold="false" />
         <property ToolTipEnable="true" />
         <property ToolTip="" />
         <property ImageData="" />
         <property ImageDataPressed="" />
         <property BGColor="blue" />
         <property Text="search" />
         <property Alignment="left" />
         <property UserControl="" />
         <property TabOrder="1" />
         <property Height="30" />
         <property Width="80" />
      </widget>
      <widget>
         <property ID="lblAllCategories" />
         <property ObjectType="Label" />
         <property XPos="8" />
         <property YPos="80" />
         <property Menu="" />
         <property MenuItem="" />
         <property Visible="true" />
         <property StyleSheetClass="CategoryHeader" />
         <property Enable="true" />
         <property Moveable="true" />
         <property Sizeable="true" />
         <property FontSize="Small" />
         <property Bold="false" />
         <property Color="white" />
         <property ToolTipEnable="true" />
         <property BGColor="Transparent" />
         <property ToolTip="" />
         <property PropScientific="false" />
         <property Text="ALL CATEGORIES" />
         <property Alignment="Left" />
         <property UserControl="" />
         <property Height="40" />
         <property Width="160" />
      </widget>
      <widget>
         <property ID="lblBackImage" />
         <property ObjectType="Label" />
         <property XPos="20" />
         <property YPos="79" />
         <property Menu="" />
         <property MenuItem="" />
         <property Visible="true" />
         <property StyleSheetClass="GenericHeader" />
         <property Enable="true" />
         <property Moveable="true" />
         <property Sizeable="true" />
         <property FontSize="Small" />
         <property Bold="false" />
         <property Color="white" />
         <property ToolTipEnable="true" />
         <property BGColor="Transparent" />
         <property ToolTip="" />
         <property PropScientific="false" />
         <property Text="" />
         <property Alignment="Left" />
         <property UserControl="" />
         <property Height="40" />
         <property Width="20" />
      </widget>
      <widget>
         <property ID="btnBack" />
         <property ObjectType="Button" />
         <property XPos="40" />
         <property YPos="80" />
         <property Menu="" />
         <property MenuItem="" />
         <property Visible="true" />
         <property StyleSheetClass="breadcrump" />
         <property Enable="true" />
         <property Moveable="true" />
         <property Sizeable="true" />
         <property FontSize="Small" />
         <property Bold="false" />
         <property Color="white" />
         <property ToolTipEnable="true" />
         <property BGColor="Transparent" />
         <property ToolTip="" />
         <property PropScientific="false" />
         <property Text="BACK" />
         <property Alignment="Left" />
         <property UserControl="" />
         <property Height="40" />
         <property Width="60" />
      </widget>
      <widget>
         <property ID="tawParameterTree" />
         <property ObjectType="TableWidget" />
         <property XPos="5" />
         <property YPos="120" />
         <property Menu="" />
         <property MenuItem="" />
         <property Visible="true" />
         <property StyleSheetClass="parametertree" />
         <property Enable="true" />
         <property Moveable="true" />
         <property Sizeable="true" />
         <property ColumnCount="1" />
         <property RowCount="1" />
         <property RowHeights="0,41;" />
         <property ColumnWidths="0,215" />
         <property ListViewMode="false" />
         <property BorderWidth="0" />
         <property BorderOn="false" />
         <property ToolTipEnable="true" />
         <property ToolTip="" />
         <property MultipleRowSelection="false" />
         <property HeadersOn="false" />
         <property HorizonHeaderTags="" />
         <property VerticalHeaderTags="" />
         <property UserControl="" />
         <property TabOrder="0" />
         <property Height="800" />
         <property Width="205" />
         <widget>
            <property ID="twi-tawParameterTree:1-1" />
            <property ObjectType="TableWidgetItem" />
            <property XPos="5" />
            <property YPos="0" />
            <property Menu="" />
            <property CellName="" />
            <property MenuItem="" />
            <property Visible="true" />
            <property StyleSheetClass="parametertree" />
            <property Enable="false" />
            <property Moveable="false" />
            <property Sizeable="false" />
            <property Bold="false" />
            <property BorderWidth="0" />
            <property BorderOn="false" />
            <property ToolTipEnable="true" />
            <property ToolTip="" />
            <property Text="" />
            <property Alignment="Left" />
            <property UserControl="" />
            <property Height="0:40" />
            <property Width="0:205" />
         </widget>
      </widget>
   </widget>
</SUI>
