<?xml version="1.0" encoding="UTF-8"?>
<UserControl>
    <property ID="UCT-CPD"/>
    <property ObjectType="UserControl"/>
    <property XPos="0"/>
    <property YPos="0"/>
    <property Menu=""/>
    <property MenuItem=""/>
    <property Visible="true"/>
    <property StyleSheetClass=""/>
    <property Enable="true"/>
    <property Moveable="true"/>
    <property Sizeable="false"/>
    <property ToolTipEnable="true"/>
    <property ToolTip=""/>
    <property UserControl="UCT-CPD"/>
    <property Height="61"/>
    <property Width="550"/>
    <widget>
        <property ID="gbxCPDUCT"/>
        <property ObjectType="GroupBox"/>
        <property XPos="0"/>
        <property YPos="0"/>
        <property Menu=""/>
        <property MenuItem=""/>
        <property Visible="true"/>
        <property StyleSheetClass=""/>
        <property Enable="true"/>
        <property Moveable="false"/>
        <property HoverBGColor=""/>
        <property Sizeable="true"/>
        <property Bold="true"/>
        <property ToolTipEnable="true"/>
        <property BGColor=""/>
        <property ToolTip=""/>
        <property Hover=""/>
        <property Text=""/>
        <property UserControl="UCT-CPD"/>
        <property Height="61"/>
        <property Width="550"/>
        <widget>
            <property ID="lblCPDName"/>
            <property ObjectType="Label"/>
            <property XPos="1"/>
            <property YPos="10"/>
            <property Menu=""/>
            <property MenuItem=""/>
            <property Visible="true"/>
            <property StyleSheetClass=""/>
            <property Enable="true"/>
            <property Moveable="false"/>
            <property Sizeable="true"/>
            <property FontSize="Small"/>
            <property Bold="false"/>
            <property Color=""/>
            <property ToolTipEnable=""/>
            <property BGColor=""/>
            <property ToolTip=""/>
            <property PropScientific="false"/>
            <property Text=""/>
            <property Alignment="Left"/>
            <property UserControl="UCT-CPD"/>
            <property Height="20"/>
            <property Width="550"/>
        </widget>
        <widget>
            <property ID="lblCPDDescription"/>
            <property ObjectType="Label"/>
            <property XPos="3"/>
            <property YPos="28"/>
            <property Menu=""/>
            <property MenuItem=""/>
            <property Visible="true"/>
            <property StyleSheetClass=""/>
            <property Enable="true"/>
            <property Moveable="false"/>
            <property Sizeable="true"/>
            <property FontSize="Small"/>
            <property Bold="false"/>
            <property Color="grey"/>
            <property ToolTipEnable="true"/>
            <property BGColor=""/>
            <property ToolTip=""/>
            <property PropScientific="false"/>
            <property Text=""/>
            <property Alignment="Left"/>
            <property UserControl="UCT-CPD"/>
            <property Height="35"/>
            <property Width="550"/>
        </widget>
        <widget>
            <property ID="lblCPDTestTypeIcon"/>
            <property ObjectType="Label"/>
            <property XPos="302"/>
            <property YPos="5"/>
            <property Menu=""/>
            <property MenuItem=""/>
            <property Visible="true"/>
            <property StyleSheetClass=""/>
            <property Enable="true"/>
            <property Moveable="false"/>
            <property Sizeable="true"/>
            <property FontSize="Small"/>
            <property Bold="false"/>
            <property Color="grey"/>
            <property ToolTipEnable="true"/>
            <property BGColor=""/>
            <property ToolTip=""/>
            <property PropScientific="false"/>
            <property Text=""/>
            <property Alignment="Left"/>
            <property UserControl="UCT-CPD"/>
            <property Height="35"/>
            <property Width="20"/>
        </widget>
        <widget>
            <property ID="lblCPDTestType"/>
            <property ObjectType="Label"/>
            <property XPos="322"/>
            <property YPos="5"/>
            <property Menu=""/>
            <property MenuItem=""/>
            <property Visible="true"/>
            <property StyleSheetClass=""/>
            <property Enable="true"/>
            <property Moveable="false"/>
            <property Sizeable="true"/>
            <property FontSize="Small"/>
            <property Bold="false"/>
            <property Color="grey"/>
            <property ToolTipEnable="true"/>
            <property BGColor=""/>
            <property ToolTip=""/>
            <property PropScientific="false"/>
            <property Text=""/>
            <property Alignment="Left"/>
            <property UserControl="UCT-CPD"/>
            <property Height="35"/>
            <property Width="300"/>
        </widget>
        <widget>
            <property ID="lblArrow"/>
            <property ObjectType="Label"/>
            <property XPos="525"/>
            <property YPos="1"/>
            <property Menu=""/>
            <property MenuItem=""/>
            <property Visible="true"/>
            <property StyleSheetClass=""/>
            <property Enable="true"/>
            <property Moveable="false"/>
            <property Sizeable="true"/>
            <property FontSize="Small"/>
            <property Bold="false"/>
            <property Color=""/>
            <property ToolTipEnable="false"/>
            <property BGColor=""/>
            <property ToolTip=""/>
            <property PropScientific="false"/>
            <property Text=""/>
            <property Alignment="left"/>
            <property UserControl="UCT-CPD"/>
            <property Height="59"/>
            <property Width="40"/>
        </widget>
    </widget>
</UserControl>
