<?xml version="1.0" encoding="UTF-8"?>
<SUI>
    <property SUICoreVersion="2.0.0"/>
    <property SUIEditorVersion="1.8.0"/>
    <property SUIObjectFactory="SUI Object factory"/>
    <property Height="768"/>
    <property SUIStylesheet=""/>
    <property Width="1024"/>
    <property SUIVersion="2.0"/>
    <property SUIName="Example SUI"/>
    <property SUIDescription="Example SUI"/>
    <property HasBottomButtonBar="false"/>
    <property HasRightButtonBar="false"/>
    <property HasStatusBar="false"/>
    <widget>
        <property ID="wpg1"/>
        <property ObjectType="WidgetPage"/>
        <property UserControl=""/>
        <property XPos="4"/>
        <property YPos="4"/>
        <property Visible="true"/>
        <property Menu=""/>
        <property Enable="true"/>
        <property MenuItem=""/>
        <property Moveable="false"/>
        <property Sizeable="false"/>
        <property ToolTipEnable="true"/>
        <property ToolTip=""/>
        <property Height="756"/>
        <property Width="1008"/>
        <widget>
            <property ID="gbxSysFun"/>
            <property ObjectType="GroupBox"/>
            <property XPos="25"/>
            <property YPos="156"/>
            <property Menu=""/>
            <property MenuItem=""/>
            <property Text=""/>
            <property Visible="true"/>
            <property Enable="true"/>
            <property Moveable="true"/>
            <property Sizeable="true"/>
            <property Bold="true"/>
            <property ToolTipEnable="true"/>
            <property ToolTip=""/>
            <property BGColor="standard"/>
            <property UserControl=""/>
            <property Height="50"/>
            <property Width="325"/>
            <widget>
                <property ID="pgbFunction"/>
                <property ObjectType="ProgressBar"/>
                <property XPos="52"/>
                <property YPos="11"/>
                <property Menu=""/>
                <property MenuItem=""/>
                <property Text="35"/>
                <property Visible="true"/>
                <property Enable="true"/>
                <property Moveable="true"/>
                <property Sizeable="true"/>
                <property Bold="false"/>
                <property MaxValue="100"/>
                <property Percentage="true"/>
                <property MinValue="0"/>
                <property ToolTipEnable="true"/>
                <property Color="Standard"/>
                <property ToolTip=""/>
                <property Orientation="Horizontal"/>
                <property UserControl=""/>
                <property Height="30"/>
                <property Width="203"/>
            </widget>
            <widget>
                <property ID="imvSignal"/>
                <property ObjectType="GraphicsView"/>
                <property XPos="6"/>
                <property YPos="5"/>
                <property Menu=""/>
                <property MenuItem=""/>
                <property Visible="False"/>
                <property Enable="true"/>
                <property Moveable="true"/>
                <property Sizeable="true"/>
                <property ScrollBars="true"/>
                <property AutoFitBG="Padding"/>
                <property ZoomStyle="Panning"/>
                <property ScrollZoom="true"/>
                <property BorderOn="True"/>
                <property ToolTipEnable="true"/>
                <property ToolTip=""/>
                <property ImageData=""/>
                <property UserControl=""/>
                <property Height="40"/>
                <property Width="40"/>
            </widget>
            <widget>
                <property ID="lblStatus"/>
                <property ObjectType="Label"/>
                <property XPos="258"/>
                <property YPos="11"/>
                <property Menu=""/>
                <property MenuItem=""/>
                <property Text=""/>
                <property Visible="true"/>
                <property Enable="true"/>
                <property Moveable="true"/>
                <property Sizeable="true"/>
                <property FontSize="Small"/>
                <property Bold="false"/>
                <property ToolTipEnable="true"/>
                <property Color="Transparent"/>
                <property ToolTip=""/>
                <property BGColor="Transparent"/>
                <property PropScientific="false"/>
                <property Alignment="Right"/>
                <property UserControl=""/>
                <property Height="30"/>
                <property Width="62"/>
            </widget>
            <widget>
                <property ID="lblSysFunName"/>
                <property ObjectType="Label"/>
                <property XPos="52"/>
                <property YPos="11"/>
                <property Menu=""/>
                <property MenuItem=""/>
                <property Text=""/>
                <property Visible="true"/>
                <property Enable="true"/>
                <property Moveable="true"/>
                <property Sizeable="true"/>
                <property FontSize="Normal"/>
                <property Bold="false"/>
                <property ToolTipEnable="true"/>
                <property Color="Transparent"/>
                <property ToolTip=""/>
                <property BGColor="Transparent"/>
                <property PropScientific="false"/>
                <property Alignment="Center"/>
                <property UserControl=""/>
                <property Height="30"/>
                <property Width="203"/>
            </widget>
            <widget>
                <property ID="bicProgress"/>
                <property ObjectType="BusyIndicator"/>
                <property UserControl=""/>
                <property XPos="280"/>
                <property YPos="10"/>
                <property Visible="true"/>
                <property Menu=""/>
                <property Enable="true"/>
                <property MenuItem=""/>
                <property Moveable="true"/>
                <property Sizeable="true"/>
                <property ToolTipEnable="true"/>
                <property ToolTip=""/>
                <property StyleSheetText=""/>
                <property BusyIndicatorImage="RollingDots"/>
                <property Height="40"/>
                <property Width="40"/>
            </widget>
        </widget>
    </widget>
</SUI>
