<?xml version="1.0" encoding="UTF-8"?>
<SUI>
    <property SUICoreVersion="2.46.0" />
    <property SUIEditorVersion="2.46.0" />
    <property SUIObjectFactory="SUI Object factory" />
    <property Height="400" />
    <property SUIStylesheet="SourceGUI" />
    <property Width="600" />
    <property SUIVersion="2.46" />
    <property SUIName="Example SUI" />
    <property SUIDescription="Example SUI" />
    <property HasBottomButtonBar="false" />
    <property Namespace="NMSP" />
    <property HasRightButtonBar="false" />
    <property ClassName="CLNA" />
    <property HasStatusBar="false" />
    <widget>
        <property ID="lblHeaderName" />
        <property ObjectType="Label" />
        <property XPos="20" />
        <property YPos="20" />
        <property StyleSheetClass="topaligndialogtitle" />
        <property Visible="true" />
        <property Enable="true" />
        <property StyleSheetClass="machmodalHdrlbl" />
        <property Moveable="true" />
        <property Sizeable="true" />
        <property ToolTipEnable="true" />
        <property BGColor="" />
        <property PropScientific="false" />
        <property Text="EUV SOURCE" />
        <property Height="35" />
        <property Width="200" />
    </widget>
    <widget>
        <property ID="btnClose" />
        <property ObjectType="Button" />
        <property XPos="555" />
        <property YPos="20" />
        <property Visible="true" />
        <property Enable="true" />
        <property Moveable="true" />
        <property Sizeable="true" />
        <property Bold="false" />
        <property ToolTipEnable="true" />
        <property Text="Button" />
        <property TabOrder="1" />
        <property Height="30" />
        <property Width="30" />
        <property Alignment="top" />
    </widget>
    <widget>
        <property ID="machinelblValue" />
        <property ObjectType="Label" />
        <property XPos="20" />
        <property YPos="94" />
        <property Visible="true" />
        <property Enable="true" />
        <property StyleSheetClass="machmodalsublbls" />
        <property Moveable="true" />
        <property Sizeable="true" />
        <property Bold="false" />
        <property ToolTipEnable="true" />
        <property BGColor="white" />
        <property PropScientific="false" />
        <property Text="MACHINE:" />
        <property Alignment="Left" />
        <property Height="30" />
        <property Width="101" />
    </widget>
    <widget>
        <property ID="machinelblValueNumber" />
        <property ObjectType="Label" />
        <property XPos="150" />
        <property YPos="94" />
        <property Visible="true" />
        <property Enable="true" />
        <property StyleSheetClass="machmodalsublbls" />
        <property Moveable="true" />
        <property Sizeable="true" />
        <property ToolTipEnable="true" />
        <property BGColor="transparent" />
        <property PropScientific="false" />
        <property Text="Label" />
        <property Alignment="Left" />
        <property Height="30" />
        <property Width="150" />
    </widget>
    <widget>
        <property ID="versionlabel" />
        <property ObjectType="Label" />
        <property XPos="20" />
        <property YPos="134" />
        <property Visible="true" />
        <property StyleSheetClass="machmodalsublbls" />
        <property Enable="true" />
        <property Moveable="true" />
        <property Sizeable="true" />
        <property ToolTipEnable="true" />
        <property BGColor="white" />
        <property PropScientific="false" />
        <property Text="VERSION:" />
        <property Alignment="Left" />
        <property Height="30" />
        <property Width="101" />
    </widget>
    <widget>
        <property ID="versionlblNumber" />
        <property ObjectType="Label" />
        <property XPos="150" />
        <property YPos="134" />
        <property Visible="true" />
        <property Enable="true" />
        <property StyleSheetClass="machmodalsublbls" />
        <property Moveable="true" />
        <property Sizeable="true" />
        <property ToolTipEnable="true" />
        <property BGColor="transparent" />
        <property PropScientific="false" />
        <property Text="Label" />
        <property Alignment="Left" />
        <property Height="30" />
        <property Width="150" />
    </widget>
    <widget>
        <property ID="plcversionlabel" />
        <property ObjectType="Label" />
        <property XPos="20" />
        <property YPos="174" />
        <property Visible="true" />
        <property StyleSheetClass="machmodalsublbls" />
        <property Enable="true" />
        <property Moveable="true" />
        <property Sizeable="true" />
        <property ToolTipEnable="true" />
        <property BGColor="white" />
        <property PropScientific="false" />
        <property Text="PLC VERSION:" />
        <property Alignment="Left" />
        <property Height="30" />
        <property Width="150" />
    </widget>
    <widget>
        <property ID="plcversionlblNumber" />
        <property ObjectType="Label" />
        <property XPos="320" />
        <property YPos="174" />
        <property Visible="true" />
        <property Enable="true" />
        <property StyleSheetClass="machmodalsublbls" />
        <property Moveable="true" />
        <property Sizeable="true" />
        <property ToolTipEnable="true" />
        <property BGColor="transparent" />
        <property PropScientific="false" />
        <property Alignment="Left" />
        <property Height="30" />
        <property Width="150" />
    </widget>
    <widget>
        <property ID="patchlabel" />
        <property ObjectType="Label" />
        <property XPos="20" />
        <property YPos="224" />
        <property Visible="true" />
        <property StyleSheetClass="machmodalsublbls" />
        <property Enable="true" />
        <property Moveable="true" />
        <property Sizeable="true" />
        <property ToolTipEnable="true" />
        <property BGColor="white" />
        <property PropScientific="false" />
        <property Text="PATCH:" />
        <property Alignment="Left" />
        <property Height="30" />
        <property Width="70" />
    </widget>
    <widget>
        <property ID="patchlblNumber" />
        <property ObjectType="Label" />
        <property XPos="320" />
        <property YPos="194" />
        <property Visible="true" />
        <property Enable="true" />
        <property StyleSheetClass="machmodalsublbls" />
        <property Moveable="true" />
        <property Sizeable="true" />
        <property ToolTipEnable="true" />
        <property BGColor="transparent" />
        <property PropScientific="false" />
        <property Text="Label" />
        <property Alignment="Left" />
        <property Height="100" />
        <property Width="" />
    </widget>
    <widget>
        <property ID="closeButton" />
        <property ObjectType="Button" />
        <property XPos="505" />
        <property YPos="350" />
        <property Visible="true" />
        <property Enable="true" />
        <property StyleSheetClass="machmodalcloseButton" />
        <property Moveable="true" />
        <property Sizeable="true" />
        <property ToolTipEnable="true" />
        <property Text="Close" />
        <property Alignment="center" />
        <property TabOrder="3" />
        <property Height="30" />
        <property Width="75" />
    </widget>
</SUI>
