<?xml version="1.0" encoding="UTF-8"?>
<UserControl>
    <property SUIVersion="2.0"/>
    <property SUICoreVersion="2.0.0"/>
    <property SUIEditorVersion="1.8.0"/>
    <property ID="UCT-ServiceEvents"/>
    <property ObjectType="UserControl"/>
    <property XPos="0"/>
    <property YPos="0"/>
    <property Menu=""/>
    <property MenuItem=""/>
    <property FileName=""/>
    <property Visible="true"/>
    <property StyleSheetClass=""/>
    <property Enable="false"/>
    <property Moveable="true"/>
    <property Sizeable="false"/>
    <property ToolTipEnable="true"/>
    <property ToolTip=""/>
    <property UserControl="UCT-ServiceEvents"/>
    <property Height="45"/>
    <property Width="200"/>
    <widget>
        <property ID="gbxServiceEvents"/>
        <property ObjectType="GroupBox"/>
        <property SUICoreVersion="2.0.0"/>
        <property XPos="0"/>
        <property SUIEditorVersion="1.8.0"/>
        <property YPos="0"/>
        <property SUIObjectFactory="Object factory"/>
        <property Menu=""/>
        <property MenuItem=""/>
        <property Visible="true"/>
        <property StyleSheetClass="TopbarButton"/>
        <property Enable="true"/>
        <property Moveable="false"/>
        <property HoverBGColor="blue"/>
        <property Sizeable="true"/>
        <property SUIVersion="2.0.0"/>
        <property SUIName="System User Interface (SUI)"/>
        <property SUIDescription="SUI"/>
        <property Bold="true"/>
        <property ToolTipEnable="true"/>
        <property BorderOn="false"/>
        <property BGColor="standard"/>
        <property ToolTip=""/>
        <property Hover="false"/>
        <property Text=""/>
        <property UserControl="UCT-ServiceEvents"/>
        <property Height="45"/>
        <property Width="200"/>
        <widget>
            <property ID="lblServiceEventsIcon"/>
            <property ObjectType="Label"/>
            <property XPos="10"/>
            <property YPos="21"/>
            <property Menu=""/>
            <property MenuItem=""/>
            <property Visible="true"/>
            <property StyleSheetClass="TopbarStatusLabel"/>
            <property Enable="true"/>
            <property Moveable="true"/>
            <property Sizeable="true"/>
            <property FontSize="Normal"/>
            <property Bold="false"/>
            <property Color="transparent"/>
            <property ToolTipEnable="true"/>
            <property BGColor="standard"/>
            <property ToolTip=""/>
            <property PropScientific="false"/>
            <property Text="TBD"/>
            <property Alignment="Left"/>
            <property UserControl="UCT-ServiceEvents"/>
            <property Height="18"/>
            <property Width="18"/>
        </widget>
        <widget>
            <property ID="lblServiceEvents"/>
            <property ObjectType="Label"/>
            <property XPos="30"/>
            <property YPos="22"/>
            <property Menu=""/>
            <property MenuItem=""/>
            <property Visible="true"/>
            <property StyleSheetClass="TopbarStatusLabel"/>
            <property Enable="true"/>
            <property Moveable="true"/>
            <property Sizeable="true"/>
            <property FontSize="Normal"/>
            <property Bold="false"/>
            <property Color="transparent"/>
            <property ToolTipEnable="true"/>
            <property BGColor="standard"/>
            <property ToolTip=""/>
            <property PropScientific="false"/>
            <property Text="SERVICE EVENTS"/>
            <property Alignment="Left"/>
            <property UserControl="UCT-ServiceEvents"/>
            <property Height="18"/>
            <property Width="113"/>
        </widget>
        <widget>
            <property ID="lblServiceEventsCount"/>
            <property ObjectType="Label"/>
            <property XPos="143"/>
            <property YPos="22"/>
            <property Menu=""/>
            <property MenuItem=""/>
            <property Visible="true"/>
            <property StyleSheetClass="TopbarStatusLabel"/>
            <property Enable="true"/>
            <property Moveable="true"/>
            <property Sizeable="true"/>
            <property FontSize="Normal"/>
            <property Bold="false"/>
            <property Color="transparent"/>
            <property ToolTipEnable="true"/>
            <property BGColor="standard"/>
            <property ToolTip=""/>
            <property PropScientific="false"/>
            <property Text="(0)"/>
            <property Alignment="Left"/>
            <property UserControl="UCT-ServiceEvents"/>
            <property Height="18"/>
            <property Width="65"/>
        </widget>
    </widget>
</UserControl>

