<?xml version="1.0" encoding="UTF-8"?>
<UserControl>
    <property SUIVersion="2.0"/>
    <property SUICoreVersion="2.0.0"/>
    <property SUIEditorVersion="1.8.0"/>
    <property ID="UCT-TopBarItem"/>
    <property ObjectType="UserControl"/>
    <property XPos="0"/>
    <property YPos="0"/>
    <property Menu=""/>
    <property MenuItem=""/>
    <property FileName=""/>
    <property Visible="true"/>
    <property StyleSheetClass=""/>
    <property Enable="false"/>
    <property Moveable="true"/>
    <property Sizeable="false"/>
    <property ToolTipEnable="true"/>
    <property ToolTip=""/>
    <property UserControl="UCT-TopBarItem"/>
    <property Height="45"/>
    <property Width="180"/>
    <widget>
        <property ID="gbxTopControlMode"/>
        <property ObjectType="GroupBox"/>
        <property SUICoreVersion="2.0.0"/>
        <property XPos="0"/>
        <property SUIEditorVersion="1.8.0"/>
        <property YPos="0"/>
        <property SUIObjectFactory="Object factory"/>
        <property Menu=""/>
        <property MenuItem=""/>
        <property Visible="true"/>
        <property StyleSheetClass=""/>
        <property Enable="true"/>
        <property Moveable="false"/>
        <property HoverBGColor="blue"/>
        <property Sizeable="true"/>
        <property SUIVersion="2.0.0"/>
        <property SUIName="System User Interface (SUI)"/>
        <property SUIDescription="SUI"/>
        <property Bold="true"/>
        <property ToolTipEnable="true"/>
        <property BGColor="standard"/>
        <property ToolTip=""/>
        <property Hover="false"/>
        <property Text=""/>
        <property UserControl="UCT-TopBarItem"/>
        <property Height="45"/>
        <property Width="180"/>
        <widget>
            <property ID="lblInControlText"/>
            <property ObjectType="Label"/>
            <property XPos="10"/>
            <property YPos="5"/>
            <property Menu=""/>
            <property MenuItem=""/>
            <property Text="In Control:"/>
            <property StyleSheetClass="TopbarStatusLabelForHeader"/>
            <property Visible="true"/>
            <property Enable="true"/>
            <property Moveable="false"/>
            <property Sizeable="false"/>
            <property FontSize="Small"/>
            <property Bold="false"/>
            <property ToolTipEnable="true"/>
            <property Color="white"/>
            <property ToolTip=""/>
            <property BGColor="Transparent"/>
            <property PropScientific="false"/>
            <property Alignment="Left"/>
            <property UserControl="UCT-TopBarItem"/>
            <property Height="18"/>
            <property Width="180"/>
        </widget>
        <widget>
            <property ID="lblControlMode"/>
            <property ObjectType="Label"/>
            <property XPos="10"/>
            <property YPos="22"/>
            <property Menu=""/>
            <property MenuItem=""/>
            <property Text="Operator"/>
            <property StyleSheetClass="TopbarStatusLabel"/>
            <property Visible="true"/>
            <property Enable="true"/>
            <property Moveable="false"/>
            <property Sizeable="false"/>
            <property FontSize="Small"/>
            <property Bold="false"/>
            <property ToolTipEnable="true"/>
            <property Color="white"/>
            <property ToolTip=""/>
            <property BGColor="Transparent"/>
            <property PropScientific="false"/>
            <property Alignment="Left"/>
            <property UserControl="UCT-TopBarItem"/>
            <property Height="18"/>
            <property Width="180"/>
        </widget>
    </widget>
</UserControl>

