<?xml version="1.0" encoding="UTF-8"?>
<UserControl>
    <property SUIVersion="2.0"/>
    <property SUICoreVersion="2.0.0"/>
    <property SUIEditorVersion="1.8.0"/>
    <property ID="UCT-TopBarTimeItem"/>
    <property ObjectType="UserControl"/>
    <property XPos="0"/>
    <property YPos="0"/>
    <property Menu=""/>
    <property MenuItem=""/>
    <property FileName=""/>
    <property Visible="true"/>
    <property StyleSheetClass=""/>
    <property Enable="false"/>
    <property Moveable="true"/>
    <property Sizeable="false"/>
    <property ToolTipEnable="true"/>
    <property ToolTip=""/>
    <property UserControl="UCT-TopBarTimeItem"/>
    <property Height="45"/>
    <property Width="200"/>
    <widget>
            <property ID="gbxTitleInfo_DateTime"/>
            <property ObjectType="GroupBox"/>
            <property XPos="0"/>
            <property YPos="0"/>
            <property Menu=""/>
            <property MenuItem=""/>
            <property Visible="true"/>
            <property StyleSheetClass=""/>
            <property Enable="true"/>
            <property Moveable="true"/>
            <property HoverBGColor=""/>
            <property Sizeable="true"/>
            <property Bold="true"/>
            <property ToolTipEnable="true"/>
            <property BGColor="standard"/>
            <property ToolTip=""/>
            <property Hover="true"/>
            <property Text=""/>
            <property UserControl="UCT-TopBarTimeItem"/>
            <property Height="45"/>
            <property Width="200"/>
            <widget>
                <property ID="imv_TitleInfo_DateTime"/>
                <property ObjectType="GraphicsView"/>
                <property XPos="10"/>
                <property YPos="22"/>
                <property Menu=""/>
                <property MenuItem=""/>
                <property Visible="true"/>
                <property StyleSheetClass=""/>
                <property Enable="true"/>
                <property Moveable="true"/>
                <property Sizeable="true"/>
                <property ScrollBars="true"/>
                <property AutoFitBG="padding"/>
                <property ZoomStyle="None"/>
                <property ScrollZoom="false"/>
                <property BorderOn="false"/>
                <property ToolTipEnable="true"/>
                <property ToolTip=""/>
                <property ImageData=""/>
                <property UserControl="UCT-TopBarTimeItem"/>
                <property Height="18"/>
                <property Width="18"/>
            </widget>
            <widget>
                <property ID="lblTopbarTimeClock"/>
                <property ObjectType="Label"/>
                <property XPos="10"/>
                <property YPos="22"/>
                <property Menu=""/>
                <property MenuItem=""/>
                <property Visible="true"/>
                <property StyleSheetClass=""/>
                <property Enable="true"/>
                <property Moveable="true"/>
                <property Sizeable="true"/>
                <property FontSize="Normal"/>
                <property Bold="false"/>
                <property Color="transparent"/>
                <property ToolTipEnable="true"/>
                <property BGColor="standard"/>
                <property ToolTip=""/>
                <property PropScientific="false"/>
                <property Text=""/>
                <property Alignment="Left"/>
                <property UserControl="UCT-TopBarTimeItem"/>
                <property Height="18"/>
                <property Width="18"/>
            </widget>
            <widget>
                <property ID="lbl_tit_info_DateTime"/>
                <property ObjectType="Label"/>
                <property XPos="30"/>
                <property YPos="22"/>
                <property Menu=""/>
                <property MenuItem=""/>
                <property Visible="true"/>
                <property StyleSheetClass=""/>
                <property Enable="true"/>
                <property Moveable="true"/>
                <property Sizeable="true"/>
                <property FontSize="Normal"/>
                <property Bold="false"/>
                <property Color="transparent"/>
                <property ToolTipEnable="true"/>
                <property BGColor="standard"/>
                <property ToolTip=""/>
                <property PropScientific="false"/>
                <property Text="Raja"/>
                <property Alignment="Left"/>
                <property UserControl="UCT-TopBarTimeItem"/>
                <property Height="18"/>
                <property Width="200"/>
            </widget>
        </widget>
</UserControl>

