<?xml version="1.0" encoding="UTF-8"?>
<UserControl>
    <property SUIVersion="2.0"/>
    <property SUICoreVersion="2.0.0"/>
    <property SUIEditorVersion="1.8.0"/>
    <property ID="UCT-SystemState"/>
    <property ObjectType="UserControl"/>
    <property XPos="0"/>
    <property YPos="0"/>
    <property Menu=""/>
    <property MenuItem=""/>
    <property FileName=""/>
    <property Visible="true"/>
    <property StyleSheetClass=""/>
    <property Enable="false"/>
    <property Moveable="true"/>
    <property Sizeable="false"/>
    <property ToolTipEnable="true"/>
    <property ToolTip=""/>
    <property UserControl="UCT-SystemState"/>
    <property Height="45"/>
    <property Width="190"/>
    <widget>
        <property ID="gbxSystemState"/>
        <property ObjectType="GroupBox"/>
        <property SUICoreVersion="2.0.0"/>
        <property XPos="0"/>
        <property SUIEditorVersion="1.8.0"/>
        <property YPos="0"/>
        <property SUIObjectFactory="Object factory"/>
        <property Menu=""/>
        <property MenuItem=""/>
        <property Visible="true"/>
        <property StyleSheetClass="TopbarButton"/>
        <property Enable="true"/>
        <property Moveable="false"/>
        <property HoverBGColor="blue"/>
        <property Sizeable="true"/>
        <property SUIVersion="2.0.0"/>
        <property SUIName="System User Interface (SUI)"/>
        <property SUIDescription="SUI"/>
        <property Bold="true"/>
        <property ToolTipEnable="true"/>
        <property BorderOn="false"/>
        <property BGColor="standard"/>
        <property ToolTip=""/>
        <property Hover="false"/>
        <property Text=""/>
        <property UserControl="UCT-SystemState"/>
        <property Height="45"/>
        <property Width="190"/>
        <widget>
            <property ID="lblDriverState"/>
            <property ObjectType="Label"/>
            <property XPos="10"/>
            <property YPos="5"/>
            <property Menu=""/>
            <property MenuItem=""/>
            <property Text="Driver state:"/>
            <property StyleSheetClass="TopbarStatusLabelForHeader"/>
            <property Visible="true"/>
            <property Enable="true"/>
            <property Moveable="false"/>
            <property Sizeable="false"/>
            <property FontSize="Small"/>
            <property Bold="false"/>
            <property ToolTipEnable="true"/>
            <property Color="white"/>
            <property ToolTip=""/>
            <property BGColor="Transparent"/>
            <property PropScientific="false"/>
            <property Alignment="Left"/>
            <property UserControl="UCT-SystemState"/>
            <property Height="14"/>
            <property Width="80"/>
        </widget>
        <widget>
           <property ID="btnDriverStateSim" />
           <property ObjectType="Button" />
           <property XPos="80" />
           <property YPos="5" />
           <property Menu="" />
           <property MenuItem="" />
           <property Visible="false" />
           <property StyleSheetClass="sim" />
           <property Enable="true" />
           <property Moveable="true" />
           <property Sizeable="true" />
           <property Bold="false" />
           <property ToolTipEnable="true" />
           <property ToolTip="" />
           <property ImageData="" />
           <property ImageDataPressed="" />
           <property Text="SIM" />
           <property Alignment="center" />
           <property UserControl="UCT-SystemState" />
           <property TabOrder="1" />
           <property Height="14" />
           <property Width="47" />
       </widget>
        <widget>
            <property ID="lblSystemStateIcon"/>
            <property ObjectType="Label"/>
            <property XPos="10"/>
            <property YPos="22"/>
            <property Menu=""/>
            <property MenuItem=""/>
            <property Visible="false"/>
            <property StyleSheetClass=""/>
            <property Enable="true"/>
            <property Moveable="false"/>
            <property Sizeable="true"/>
            <property FontSize="Normal"/>
            <property Bold="false"/>
            <property Color="transparent"/>
            <property ToolTipEnable="true"/>
            <property BGColor=""/>
            <property ToolTip=""/>
            <property PropScientific="false"/>
            <property Text=""/>
            <property Alignment="Left"/>
            <property UserControl="UCT-SystemState"/>
            <property Height="18"/>
            <property Width="18"/>
        </widget>
        <widget>
            <property ID="lblSystemState"/>
            <property ObjectType="Label"/>
            <property XPos="10"/>
            <property YPos="22"/>
            <property Menu=""/>
            <property MenuItem=""/>
            <property Visible="true"/>
            <property StyleSheetClass="TopbarStatusLabel"/>
            <property Enable="true"/>
            <property Moveable="true"/>
            <property Sizeable="true"/>
            <property FontSize="Normal"/>
            <property Bold="false"/>
            <property Color="transparent"/>
            <property ToolTipEnable="true"/>
            <property BGColor="standard"/>
            <property ToolTip=""/>
            <property PropScientific="false"/>
            <property Text="Syetem State"/>
            <property Alignment="Left"/>
            <property UserControl="UCT-SystemState"/>
            <property Height="18"/>
            <property Width="180"/>
        </widget>
        <widget>
            <property ID="bicTopBarSystemStateProgressBlue"/>
            <property ObjectType="BusyIndicator"/>
            <property XPos="95"/>
            <property YPos="21"/>
            <property Menu=""/>
            <property MenuItem=""/>
            <property Visible="false"/>
            <property StyleSheetClass=""/>
            <property Enable="true"/>
            <property BusyIndicatorImage="RollingBlocksProgressBlue"/>
            <property Moveable="false"/>
            <property Sizeable="false"/>
            <property ToolTipEnable="true"/>
            <property ToolTip=""/>
            <property UserControl="UCT-SystemState"/>
            <property Height="18"/>
            <property Width="75"/>
        </widget>
        <widget>
            <property ID="bicTopBarSystemStateProgressWhite"/>
            <property ObjectType="BusyIndicator"/>
            <property XPos="95"/>
            <property YPos="21"/>
            <property Menu=""/>
            <property MenuItem=""/>
            <property Visible="false"/>
            <property StyleSheetClass=""/>
            <property Enable="true"/>
            <property BusyIndicatorImage="RollingBlocksProgressWhite"/>
            <property Moveable="false"/>
            <property Sizeable="false"/>
            <property ToolTipEnable="true"/>
            <property ToolTip=""/>
            <property UserControl="UCT-SystemState"/>
            <property Height="18"/>
            <property Width="75"/>
        </widget>
        <widget>
            <property ID="bicTopBarSystemStateRegressBlue"/>
            <property ObjectType="BusyIndicator"/>
            <property XPos="105"/>
            <property YPos="21"/>
            <property Menu=""/>
            <property MenuItem=""/>
            <property Visible="false"/>
            <property StyleSheetClass=""/>
            <property Enable="true"/>
            <property BusyIndicatorImage="RollingBlocksRegressBlue"/>
            <property Moveable="false"/>
            <property Sizeable="false"/>
            <property ToolTipEnable="true"/>
            <property ToolTip=""/>
            <property UserControl="UCT-SystemState"/>
            <property Height="18"/>
            <property Width="75"/>
        </widget>
        <widget>
            <property ID="bicTopBarSystemStateRegressWhite"/>
            <property ObjectType="BusyIndicator"/>
            <property XPos="105"/>
            <property YPos="21"/>
            <property Menu=""/>
            <property MenuItem=""/>
            <property Visible="false"/>
            <property StyleSheetClass=""/>
            <property Enable="true"/>
            <property BusyIndicatorImage="RollingBlocksRegressWhite"/>
            <property Moveable="false"/>
            <property Sizeable="false"/>
            <property ToolTipEnable="true"/>
            <property ToolTip=""/>
            <property UserControl="UCT-SystemState"/>
            <property Height="18"/>
            <property Width="75"/>
        </widget>
    </widget>
</UserControl>

