<?xml version="1.0" encoding="UTF-8"?>
<SUI>
    <property SUICoreVersion="2.0.0"/>
    <property SUIEditorVersion="1.8.0"/>
    <property SUIObjectFactory="SUI Object factory"/>
    <property Height="908"/>
    <property SUIStylesheet="SourceGUI"/>
    <property Width="1550"/>
    <property SUIVersion="2.0"/>
    <property SUIName="Example SUI"/>
    <property SUIDescription="Example SUI"/>
    <property HasBottomButtonBar="false"/>
    <property HasRightButtonBar="false"/>
    <property HasStatusBar="false"/>
    <property Include-UCT-PLOT="UCT-PLOT.xml"/>
    <property Include-UCT-NORMALKPI="UCT-NORMALKPI.xml"/>
    <property Include-UCT-SYSTEMKPI="UCT-SYSTEMKPI.xml"/>
    <property Include-UCT-CONSUMABLE="UCT-CONSUMABLE.xml"/>
    <widget>
        <property ID="wpg1"/>
        <property ObjectType="WidgetPage"/>
        <property XPos="0"/>
        <property YPos="4"/>
        <property Menu=""/>
        <property MenuItem=""/>
        <property Visible="true"/>
        <property StyleSheetClass=""/>
        <property Enable="true"/>
        <property Moveable="true"/>
        <property Sizeable="true"/>
        <property ToolTipEnable="true"/>
        <property ToolTip=""/>
        <property UserControl=""/>
        <property Height="1200"/>
        <property Width="1550"/>
        <widget>
            <property ID="timeDisplay1"/>
            <property ObjectType="Label"/>
            <property XPos="14"/>
            <property YPos="15"/>
            <property Menu=""/>
            <property MenuItem=""/>
            <property Visible="true"/>
            <property StyleSheetClass="scrollbartimedisplay"/>
            <property Enable="true"/>
            <property Moveable="true"/>
            <property Sizeable="true"/>
            <property FontSize="Normal"/>
            <property Bold="false"/>
            <property Color=""/>
            <property ToolTipEnable="true"/>
            <property BGColor="transparent"/>
            <property ToolTip=""/>
            <property PropScientific="false"/>
            <property Text=""/>
            <property Alignment="Left"/>
            <property UserControl=""/>
            <property Height="20"/>
            <property Width="40"/>
        </widget>
        <widget>
            <property ID="timeDisplay2"/>
            <property ObjectType="Label"/>
            <property XPos="269"/>
            <property YPos="15"/>
            <property Menu=""/>
            <property MenuItem=""/>
            <property Visible="true"/>
            <property StyleSheetClass="scrollbartimedisplay"/>
            <property Enable="true"/>
            <property Moveable="true"/>
            <property Sizeable="true"/>
            <property FontSize="Normal"/>
            <property Bold="false"/>
            <property Color=""/>
            <property ToolTipEnable="true"/>
            <property BGColor="transparent"/>
            <property ToolTip=""/>
            <property PropScientific="false"/>
            <property Text=""/>
            <property Alignment="Left"/>
            <property UserControl=""/>
            <property Height="20"/>
            <property Width="40"/>
        </widget>
        <widget>
            <property ID="timeDisplay3"/>
            <property ObjectType="Label"/>
            <property XPos="524"/>
            <property YPos="15"/>
            <property Menu=""/>
            <property MenuItem=""/>
            <property Visible="true"/>
            <property StyleSheetClass="scrollbartimedisplay"/>
            <property Enable="true"/>
            <property Moveable="true"/>
            <property Sizeable="true"/>
            <property FontSize="Normal"/>
            <property Bold="false"/>
            <property Color=""/>
            <property ToolTipEnable="true"/>
            <property BGColor="transparent"/>
            <property ToolTip=""/>
            <property PropScientific="false"/>
            <property Text=""/>
            <property Alignment="Left"/>
            <property UserControl=""/>
            <property Height="20"/>
            <property Width="40"/>
        </widget>
        <widget>
            <property ID="timeDisplay4"/>
            <property ObjectType="Label"/>
            <property XPos="779"/>
            <property YPos="15"/>
            <property Menu=""/>
            <property MenuItem=""/>
            <property Visible="true"/>
            <property StyleSheetClass="scrollbartimedisplay"/>
            <property Enable="true"/>
            <property Moveable="true"/>
            <property Sizeable="true"/>
            <property FontSize="Normal"/>
            <property Bold="false"/>
            <property Color=""/>
            <property ToolTipEnable="true"/>
            <property BGColor="transparent"/>
            <property ToolTip=""/>
            <property PropScientific="false"/>
            <property Text=""/>
            <property Alignment="Left"/>
            <property UserControl=""/>
            <property Height="20"/>
            <property Width="40"/>
        </widget>
        <widget>
            <property ID="timeDisplay5"/>
            <property ObjectType="Label"/>
            <property XPos="1029"/>
            <property YPos="15"/>
            <property Menu=""/>
            <property MenuItem=""/>
            <property Visible="true"/>
            <property StyleSheetClass="scrollbartimedisplay"/>
            <property Enable="true"/>
            <property Moveable="true"/>
            <property Sizeable="true"/>
            <property FontSize="Normal"/>
            <property Bold="false"/>
            <property Color=""/>
            <property ToolTipEnable="true"/>
            <property BGColor="transparent"/>
            <property ToolTip=""/>
            <property PropScientific="false"/>
            <property Text=""/>
            <property Alignment="Left"/>
            <property UserControl=""/>
            <property Height="20"/>
            <property Width="40"/>
        </widget>
        <widget>
            <property ID="timeDisplay6"/>
            <property ObjectType="Label"/>
            <property XPos="1279"/>
            <property YPos="15"/>
            <property Menu=""/>
            <property MenuItem=""/>
            <property Visible="true"/>
            <property StyleSheetClass="scrollbartimedisplay"/>
            <property Enable="true"/>
            <property Moveable="true"/>
            <property Sizeable="true"/>
            <property FontSize="Normal"/>
            <property Bold="false"/>
            <property Color=""/>
            <property ToolTipEnable="true"/>
            <property BGColor="transparent"/>
            <property ToolTip=""/>
            <property PropScientific="false"/>
            <property Text=""/>
            <property Alignment="Left"/>
            <property UserControl=""/>
            <property Height="20"/>
            <property Width="40"/>
        </widget>
        <widget>
            <property ID="timeDisplay7"/>
            <property ObjectType="Label"/>
            <property XPos="1486"/>
            <property YPos="15"/>
            <property Menu=""/>
            <property MenuItem=""/>
            <property Visible="true"/>
            <property StyleSheetClass="scrollbartimedisplay"/>
            <property Enable="true"/>
            <property Moveable="true"/>
            <property Sizeable="true"/>
            <property FontSize="Normal"/>
            <property Bold="false"/>
            <property Color=""/>
            <property ToolTipEnable="true"/>
            <property BGColor="transparent"/>
            <property ToolTip=""/>
            <property PropScientific="false"/>
            <property Text=""/>
            <property Alignment="Left"/>
            <property UserControl=""/>
            <property Height="20"/>
            <property Width="40"/>
        </widget>
        <widget>
            <property ID="scbTimeSlider"/>
            <property ObjectType="ScrollBar"/>
            <property XPos="0"/>
            <property YPos="35"/>
            <property Menu=""/>
            <property MenuItem=""/>
            <property Visible="true"/>
            <property StyleSheetClass="sliderdisplay"/>
            <property Enable="true"/>
            <property Moveable="true"/>
            <property Sizeable="true"/>
            <property StepSize="1"/>
            <property MaxValue=""/>
            <property MinValue=""/>
            <property ToolTipEnable="false"/>
            <property ToolTip=""/>
            <property Orientation="Horizontal"/>
            <property UserControl=""/>
            <property Height="30"/>
            <property Width="1540"/>
        </widget>
        <widget>
            <property ID="uctKPIGraph1"/>
            <property ObjectType="UserControl"/>
            <property XPos="0"/>
            <property YPos="50"/>
            <property Menu=""/>
            <property MenuItem=""/>
            <property FileName=""/>
            <property Visible="true"/>
            <property StyleSheetClass=""/>
            <property Enable="true"/>
            <property Moveable="true"/>
            <property Sizeable="true"/>
            <property ToolTipEnable="true"/>
            <property ToolTip=""/>
            <property UserControl="UCT-PLOT"/>
            <property Height="300"/>
            <property Width="300"/>
        </widget>
        <widget>
            <property ID="uctKPIGraph2"/>
            <property ObjectType="UserControl"/>
            <property XPos="310"/>
            <property YPos="50"/>
            <property Menu=""/>
            <property MenuItem=""/>
            <property FileName=""/>
            <property Visible="true"/>
            <property StyleSheetClass=""/>
            <property Enable="true"/>
            <property Moveable="true"/>
            <property Sizeable="true"/>
            <property ToolTipEnable="true"/>
            <property ToolTip=""/>
            <property UserControl="UCT-PLOT"/>
            <property Height="300"/>
            <property Width="300"/>
        </widget>
        <widget>
            <property ID="uctKPIGraph3"/>
            <property ObjectType="UserControl"/>
            <property XPos="620"/>
            <property YPos="50"/>
            <property Menu=""/>
            <property MenuItem=""/>
            <property FileName=""/>
            <property Visible="true"/>
            <property StyleSheetClass=""/>
            <property Enable="true"/>
            <property Moveable="true"/>
            <property Sizeable="true"/>
            <property ToolTipEnable="true"/>
            <property ToolTip=""/>
            <property UserControl="UCT-PLOT"/>
            <property Height="300"/>
            <property Width="300"/>
        </widget>
        <widget>
            <property ID="uctKPIGraph4"/>
            <property ObjectType="UserControl"/>
            <property XPos="930"/>
            <property YPos="50"/>
            <property Menu=""/>
            <property MenuItem=""/>
            <property FileName=""/>
            <property Visible="true"/>
            <property StyleSheetClass=""/>
            <property Enable="true"/>
            <property Moveable="true"/>
            <property Sizeable="true"/>
            <property ToolTipEnable="true"/>
            <property ToolTip=""/>
            <property UserControl="UCT-PLOT"/>
            <property Height="300"/>
            <property Width="300"/>
        </widget>
        <widget>
            <property ID="uctKPIGraph5"/>
            <property ObjectType="UserControl"/>
            <property XPos="1240"/>
            <property YPos="50"/>
            <property Menu=""/>
            <property MenuItem=""/>
            <property FileName=""/>
            <property Visible="true"/>
            <property StyleSheetClass=""/>
            <property Enable="true"/>
            <property Moveable="true"/>
            <property Sizeable="true"/>
            <property ToolTipEnable="true"/>
            <property ToolTip=""/>
            <property UserControl="UCT-PLOT"/>
            <property Height="300"/>
            <property Width="300"/>
        </widget>
        <widget>
            <property ID="lblHeadingNormalKPI1"/>
            <property ObjectType="Label"/>
            <property XPos="0"/>
            <property YPos="370"/>
            <property Menu=""/>
            <property MenuItem=""/>
            <property Visible="true"/>
            <property StyleSheetClass="headingkpitable"/>
            <property Enable="true"/>
            <property Moveable="true"/>
            <property Sizeable="true"/>
            <property FontSize="Normal"/>
            <property Bold="false"/>
            <property Color="transparent"/>
            <property ToolTipEnable="true"/>
            <property BGColor="green"/>
            <property ToolTip=""/>
            <property PropScientific="false"/>
            <property Text="NAME"/>
            <property Alignment="Left"/>
            <property UserControl=""/>
            <property Height="30"/>
            <property Width="260"/>
        </widget>
        <widget>
            <property ID="lblHeadingNormalKPI2"/>
            <property ObjectType="Label"/>
            <property XPos="261"/>
            <property YPos="370"/>
            <property Menu=""/>
            <property MenuItem=""/>
            <property Visible="true"/>
            <property StyleSheetClass="headingkpitable"/>
            <property Enable="true"/>
            <property Moveable="true"/>
            <property Sizeable="true"/>
            <property FontSize="Normal"/>
            <property Bold="false"/>
            <property Color="transparent"/>
            <property ToolTipEnable="true"/>
            <property BGColor="green"/>
            <property ToolTip=""/>
            <property PropScientific="false"/>
            <property Text="Last Update"/>
            <property Alignment="Left"/>
            <property UserControl=""/>
            <property Height="30"/>
            <property Width="160"/>
        </widget>
        <widget>
            <property ID="lblHeadingNormalKPI3"/>
            <property ObjectType="Label"/>
            <property XPos="422"/>
            <property YPos="370"/>
            <property Menu=""/>
            <property MenuItem=""/>
            <property Visible="true"/>
            <property StyleSheetClass="headingkpitable"/>
            <property Enable="true"/>
            <property Moveable="true"/>
            <property Sizeable="true"/>
            <property FontSize="Normal"/>
            <property Bold="false"/>
            <property Color="transparent"/>
            <property ToolTipEnable="true"/>
            <property BGColor="green"/>
            <property ToolTip=""/>
            <property PropScientific="false"/>
            <property Text="Value"/>
            <property Alignment="Left"/>
            <property UserControl=""/>
            <property Height="30"/>
            <property Width="78"/>
        </widget>
        <widget>
            <property ID="uctNormalKPI1"/>
            <property ObjectType="UserControl"/>
            <property XPos="0"/>
            <property YPos="400"/>
            <property Menu=""/>
            <property MenuItem=""/>
            <property FileName=""/>
            <property Visible="true"/>
            <property StyleSheetClass=""/>
            <property Enable="true"/>
            <property Moveable="true"/>
            <property Sizeable="true"/>
            <property ToolTipEnable="true"/>
            <property ToolTip=""/>
            <property UserControl="UCT-NORMALKPI"/>
            <property Height="40"/>
            <property Width="510"/>
        </widget>
        <widget>
            <property ID="uctNormalKPI2"/>
            <property ObjectType="UserControl"/>
            <property XPos="0"/>
            <property YPos="440"/>
            <property Menu=""/>
            <property MenuItem=""/>
            <property FileName=""/>
            <property Visible="true"/>
            <property StyleSheetClass=""/>
            <property Enable="true"/>
            <property Moveable="true"/>
            <property Sizeable="true"/>
            <property ToolTipEnable="true"/>
            <property ToolTip=""/>
            <property UserControl="UCT-NORMALKPI"/>
            <property Height="40"/>
            <property Width="510"/>
        </widget>
        <widget>
            <property ID="uctNormalKPI3"/>
            <property ObjectType="UserControl"/>
            <property XPos="0"/>
            <property YPos="480"/>
            <property Menu=""/>
            <property MenuItem=""/>
            <property FileName=""/>
            <property Visible="true"/>
            <property StyleSheetClass=""/>
            <property Enable="true"/>
            <property Moveable="true"/>
            <property Sizeable="true"/>
            <property ToolTipEnable="true"/>
            <property ToolTip=""/>
            <property UserControl="UCT-NORMALKPI"/>
            <property Height="40"/>
            <property Width="510"/>
        </widget>
        <widget>
            <property ID="uctNormalKPI4"/>
            <property ObjectType="UserControl"/>
            <property XPos="0"/>
            <property YPos="520"/>
            <property Menu=""/>
            <property MenuItem=""/>
            <property FileName=""/>
            <property Visible="true"/>
            <property StyleSheetClass=""/>
            <property Enable="true"/>
            <property Moveable="true"/>
            <property Sizeable="true"/>
            <property ToolTipEnable="true"/>
            <property ToolTip=""/>
            <property UserControl="UCT-NORMALKPI"/>
            <property Height="40"/>
            <property Width="510"/>
        </widget>
        <widget>
            <property ID="uctNormalKPI5"/>
            <property ObjectType="UserControl"/>
            <property XPos="0"/>
            <property YPos="560"/>
            <property Menu=""/>
            <property MenuItem=""/>
            <property FileName=""/>
            <property Visible="true"/>
            <property StyleSheetClass=""/>
            <property Enable="true"/>
            <property Moveable="true"/>
            <property Sizeable="true"/>
            <property ToolTipEnable="true"/>
            <property ToolTip=""/>
            <property UserControl="UCT-NORMALKPI"/>
            <property Height="40"/>
            <property Width="510"/>
        </widget>
        <widget>
            <property ID="uctNormalKPI6"/>
            <property ObjectType="UserControl"/>
            <property XPos="0"/>
            <property YPos="600"/>
            <property Menu=""/>
            <property MenuItem=""/>
            <property FileName=""/>
            <property Visible="true"/>
            <property StyleSheetClass=""/>
            <property Enable="true"/>
            <property Moveable="true"/>
            <property Sizeable="true"/>
            <property ToolTipEnable="true"/>
            <property ToolTip=""/>
            <property UserControl="UCT-NORMALKPI"/>
            <property Height="40"/>
            <property Width="510"/>
        </widget>
        <widget>
            <property ID="uctNormalKPI7"/>
            <property ObjectType="UserControl"/>
            <property XPos="0"/>
            <property YPos="640"/>
            <property Menu=""/>
            <property MenuItem=""/>
            <property FileName=""/>
            <property Visible="true"/>
            <property StyleSheetClass=""/>
            <property Enable="true"/>
            <property Moveable="true"/>
            <property Sizeable="true"/>
            <property ToolTipEnable="true"/>
            <property ToolTip=""/>
            <property UserControl="UCT-NORMALKPI"/>
            <property Height="40"/>
            <property Width="510"/>
        </widget>
        <widget>
            <property ID="uctNormalKPI8"/>
            <property ObjectType="UserControl"/>
            <property XPos="0"/>
            <property YPos="680"/>
            <property Menu=""/>
            <property MenuItem=""/>
            <property FileName=""/>
            <property Visible="true"/>
            <property StyleSheetClass=""/>
            <property Enable="true"/>
            <property Moveable="true"/>
            <property Sizeable="true"/>
            <property ToolTipEnable="true"/>
            <property ToolTip=""/>
            <property UserControl="UCT-NORMALKPI"/>
            <property Height="40"/>
            <property Width="510"/>
        </widget>
        <widget>
            <property ID="uctNormalKPI9"/>
            <property ObjectType="UserControl"/>
            <property XPos="0"/>
            <property YPos="720"/>
            <property Menu=""/>
            <property MenuItem=""/>
            <property FileName=""/>
            <property Visible="true"/>
            <property StyleSheetClass=""/>
            <property Enable="true"/>
            <property Moveable="true"/>
            <property Sizeable="true"/>
            <property ToolTipEnable="true"/>
            <property ToolTip=""/>
            <property UserControl="UCT-NORMALKPI"/>
            <property Height="40"/>
            <property Width="510"/>
        </widget>
        <widget>
            <property ID="uctNormalKPI10"/>
            <property ObjectType="UserControl"/>
            <property XPos="0"/>
            <property YPos="760"/>
            <property Menu=""/>
            <property MenuItem=""/>
            <property FileName=""/>
            <property Visible="true"/>
            <property StyleSheetClass=""/>
            <property Enable="true"/>
            <property Moveable="true"/>
            <property Sizeable="true"/>
            <property ToolTipEnable="true"/>
            <property ToolTip=""/>
            <property UserControl="UCT-NORMALKPI"/>
            <property Height="40"/>
            <property Width="510"/>
        </widget>
        <widget>
            <property ID="lblHeadingSystemKPI1"/>
            <property ObjectType="Label"/>
            <property XPos="510"/>
            <property YPos="370"/>
            <property Menu=""/>
            <property MenuItem=""/>
            <property Visible="true"/>
            <property StyleSheetClass="headingkpitable"/>
            <property Enable="true"/>
            <property Moveable="true"/>
            <property Sizeable="true"/>
            <property FontSize="Normal"/>
            <property Bold="false"/>
            <property Color="transparent"/>
            <property ToolTipEnable="true"/>
            <property BGColor="green"/>
            <property ToolTip=""/>
            <property PropScientific="false"/>
            <property Text="NAME"/>
            <property Alignment="Left"/>
            <property UserControl=""/>
            <property Height="30"/>
            <property Width="260"/>
        </widget>
        <widget>
            <property ID="lblHeadingSystemKPI2"/>
            <property ObjectType="Label"/>
            <property XPos="771"/>
            <property YPos="370"/>
            <property Menu=""/>
            <property MenuItem=""/>
            <property Visible="true"/>
            <property StyleSheetClass="headingkpitable"/>
            <property Enable="true"/>
            <property Moveable="true"/>
            <property Sizeable="true"/>
            <property FontSize="Normal"/>
            <property Bold="false"/>
            <property Color="transparent"/>
            <property ToolTipEnable="true"/>
            <property BGColor="green"/>
            <property ToolTip=""/>
            <property PropScientific="false"/>
            <property Text="Last Update"/>
            <property Alignment="Left"/>
            <property UserControl=""/>
            <property Height="30"/>
            <property Width="160"/>
        </widget>
        <widget>
            <property ID="lblHeadingSystemKPI3"/>
            <property ObjectType="Label"/>
            <property XPos="932"/>
            <property YPos="370"/>
            <property Menu=""/>
            <property MenuItem=""/>
            <property Visible="true"/>
            <property StyleSheetClass="headingkpitable"/>
            <property Enable="true"/>
            <property Moveable="true"/>
            <property Sizeable="true"/>
            <property FontSize="Normal"/>
            <property Bold="false"/>
            <property Color="transparent"/>
            <property ToolTipEnable="true"/>
            <property BGColor=""/>
            <property ToolTip=""/>
            <property PropScientific="false"/>
            <property Text="Value"/>
            <property Alignment="Left"/>
            <property UserControl=""/>
            <property Height="30"/>
            <property Width="78"/>
        </widget>
        <widget>
            <property ID="uctSystemKPI1"/>
            <property ObjectType="UserControl"/>
            <property XPos="510"/>
            <property YPos="400"/>
            <property Menu=""/>
            <property MenuItem=""/>
            <property FileName=""/>
            <property Visible="true"/>
            <property StyleSheetClass=""/>
            <property Enable="true"/>
            <property Moveable="true"/>
            <property Sizeable="true"/>
            <property ToolTipEnable="true"/>
            <property ToolTip=""/>
            <property UserControl="UCT-SYSTEMKPI"/>
            <property Height="40"/>
            <property Width="510"/>
        </widget>
        <widget>
            <property ID="uctSystemKPI2"/>
            <property ObjectType="UserControl"/>
            <property XPos="510"/>
            <property YPos="440"/>
            <property Menu=""/>
            <property MenuItem=""/>
            <property FileName=""/>
            <property Visible="true"/>
            <property StyleSheetClass=""/>
            <property Enable="true"/>
            <property Moveable="true"/>
            <property Sizeable="true"/>
            <property ToolTipEnable="true"/>
            <property ToolTip=""/>
            <property UserControl="UCT-SYSTEMKPI"/>
            <property Height="40"/>
            <property Width="510"/>
        </widget>
        <widget>
            <property ID="uctSystemKPI3"/>
            <property ObjectType="UserControl"/>
            <property XPos="510"/>
            <property YPos="480"/>
            <property Menu=""/>
            <property MenuItem=""/>
            <property FileName=""/>
            <property Visible="true"/>
            <property StyleSheetClass=""/>
            <property Enable="true"/>
            <property Moveable="true"/>
            <property Sizeable="true"/>
            <property ToolTipEnable="true"/>
            <property ToolTip=""/>
            <property UserControl="UCT-SYSTEMKPI"/>
            <property Height="40"/>
            <property Width="510"/>
        </widget>
        <widget>
            <property ID="uctSystemKPI4"/>
            <property ObjectType="UserControl"/>
            <property XPos="510"/>
            <property YPos="520"/>
            <property Menu=""/>
            <property MenuItem=""/>
            <property FileName=""/>
            <property Visible="true"/>
            <property StyleSheetClass=""/>
            <property Enable="true"/>
            <property Moveable="true"/>
            <property Sizeable="true"/>
            <property ToolTipEnable="true"/>
            <property ToolTip=""/>
            <property UserControl="UCT-SYSTEMKPI"/>
            <property Height="40"/>
            <property Width="510"/>
        </widget>
        <widget>
            <property ID="uctSystemKPI5"/>
            <property ObjectType="UserControl"/>
            <property XPos="510"/>
            <property YPos="560"/>
            <property Menu=""/>
            <property MenuItem=""/>
            <property FileName=""/>
            <property Visible="true"/>
            <property StyleSheetClass=""/>
            <property Enable="true"/>
            <property Moveable="true"/>
            <property Sizeable="true"/>
            <property ToolTipEnable="true"/>
            <property ToolTip=""/>
            <property UserControl="UCT-SYSTEMKPI"/>
            <property Height="50"/>
            <property Width="510"/>
        </widget>
        <widget>
            <property ID="uctSystemKPI6"/>
            <property ObjectType="UserControl"/>
            <property XPos="510"/>
            <property YPos="600"/>
            <property Menu=""/>
            <property MenuItem=""/>
            <property FileName=""/>
            <property Visible="true"/>
            <property StyleSheetClass=""/>
            <property Enable="true"/>
            <property Moveable="true"/>
            <property Sizeable="true"/>
            <property ToolTipEnable="true"/>
            <property ToolTip=""/>
            <property UserControl="UCT-SYSTEMKPI"/>
            <property Height="40"/>
            <property Width="510"/>
        </widget>
        <widget>
            <property ID="uctSystemKPI7"/>
            <property ObjectType="UserControl"/>
            <property XPos="510"/>
            <property YPos="640"/>
            <property Menu=""/>
            <property MenuItem=""/>
            <property FileName=""/>
            <property Visible="true"/>
            <property StyleSheetClass=""/>
            <property Enable="true"/>
            <property Moveable="true"/>
            <property Sizeable="true"/>
            <property ToolTipEnable="true"/>
            <property ToolTip=""/>
            <property UserControl="UCT-SYSTEMKPI"/>
            <property Height="40"/>
            <property Width="510"/>
        </widget>
        <widget>
            <property ID="uctSystemKPI8"/>
            <property ObjectType="UserControl"/>
            <property XPos="510"/>
            <property YPos="680"/>
            <property Menu=""/>
            <property MenuItem=""/>
            <property FileName=""/>
            <property Visible="true"/>
            <property StyleSheetClass=""/>
            <property Enable="true"/>
            <property Moveable="true"/>
            <property Sizeable="true"/>
            <property ToolTipEnable="true"/>
            <property ToolTip=""/>
            <property UserControl="UCT-SYSTEMKPI"/>
            <property Height="40"/>
            <property Width="510"/>
        </widget>
        <widget>
            <property ID="uctSystemKPI9"/>
            <property ObjectType="UserControl"/>
            <property XPos="510"/>
            <property YPos="720"/>
            <property Menu=""/>
            <property MenuItem=""/>
            <property FileName=""/>
            <property Visible="true"/>
            <property StyleSheetClass=""/>
            <property Enable="true"/>
            <property Moveable="true"/>
            <property Sizeable="true"/>
            <property ToolTipEnable="true"/>
            <property ToolTip=""/>
            <property UserControl="UCT-SYSTEMKPI"/>
            <property Height="50"/>
            <property Width="510"/>
        </widget>
        <widget>
            <property ID="uctSystemKPI10"/>
            <property ObjectType="UserControl"/>
            <property XPos="510"/>
            <property YPos="760"/>
            <property Menu=""/>
            <property MenuItem=""/>
            <property FileName=""/>
            <property Visible="true"/>
            <property StyleSheetClass=""/>
            <property Enable="true"/>
            <property Moveable="true"/>
            <property Sizeable="true"/>
            <property ToolTipEnable="true"/>
            <property ToolTip=""/>
            <property UserControl="UCT-SYSTEMKPI"/>
            <property Height="40"/>
            <property Width="510"/>
        </widget>
        <widget>
            <property ID="lblHeadingConsumable1"/>
            <property ObjectType="Label"/>
            <property XPos="1020"/>
            <property YPos="370"/>
            <property Menu=""/>
            <property MenuItem=""/>
            <property Visible="true"/>
            <property StyleSheetClass="headingkpitable"/>
            <property Enable="true"/>
            <property Moveable="true"/>
            <property Sizeable="true"/>
            <property FontSize="Normal"/>
            <property Bold="false"/>
            <property Color="transparent"/>
            <property ToolTipEnable="true"/>
            <property BGColor="green"/>
            <property ToolTip=""/>
            <property PropScientific="false"/>
            <property Text="NAME"/>
            <property Alignment="Left"/>
            <property UserControl=""/>
            <property Height="30"/>
            <property Width="260"/>
        </widget>
        <widget>
            <property ID="lblHeadingConsumable2"/>
            <property ObjectType="Label"/>
            <property XPos="1281"/>
            <property YPos="370"/>
            <property Menu=""/>
            <property MenuItem=""/>
            <property Visible="true"/>
            <property StyleSheetClass="headingkpitable"/>
            <property Enable="true"/>
            <property Moveable="true"/>
            <property Sizeable="true"/>
            <property FontSize="Normal"/>
            <property Bold="false"/>
            <property Color="transparent"/>
            <property ToolTipEnable="true"/>
            <property BGColor="green"/>
            <property ToolTip=""/>
            <property PropScientific="false"/>
            <property Text="Last Update"/>
            <property Alignment="Left"/>
            <property UserControl=""/>
            <property Height="30"/>
            <property Width="170"/>
        </widget>
        <widget>
            <property ID="lblHeadingConsumable3"/>
            <property ObjectType="Label"/>
            <property XPos="1452"/>
            <property YPos="370"/>
            <property Menu=""/>
            <property MenuItem=""/>
            <property Visible="true"/>
            <property StyleSheetClass="headingkpitable"/>
            <property Enable="true"/>
            <property Moveable="true"/>
            <property Sizeable="true"/>
            <property FontSize="Normal"/>
            <property Bold="false"/>
            <property Color="transparent"/>
            <property ToolTipEnable="true"/>
            <property BGColor=""/>
            <property ToolTip=""/>
            <property PropScientific="false"/>
            <property Text="Value"/>
            <property Alignment="Left"/>
            <property UserControl=""/>
            <property Height="30"/>
            <property Width="88"/>
        </widget>
        <widget>
            <property ID="uctConsumable1"/>
            <property ObjectType="UserControl"/>
            <property XPos="1020"/>
            <property YPos="400"/>
            <property Menu=""/>
            <property MenuItem=""/>
            <property FileName=""/>
            <property Visible="true"/>
            <property StyleSheetClass=""/>
            <property Enable="true"/>
            <property Moveable="true"/>
            <property Sizeable="true"/>
            <property ToolTipEnable="true"/>
            <property ToolTip=""/>
            <property UserControl="UCT-CONSUMABLE"/>
            <property Height="50"/>
            <property Width="530"/>
        </widget>
        <widget>
            <property ID="uctConsumable2"/>
            <property ObjectType="UserControl"/>
            <property XPos="1020"/>
            <property YPos="450"/>
            <property Menu=""/>
            <property MenuItem=""/>
            <property FileName=""/>
            <property Visible="true"/>
            <property StyleSheetClass=""/>
            <property Enable="true"/>
            <property Moveable="true"/>
            <property Sizeable="true"/>
            <property ToolTipEnable="true"/>
            <property ToolTip=""/>
            <property UserControl="UCT-CONSUMABLE"/>
            <property Height="50"/>
            <property Width="530"/>
        </widget>
        <widget>
            <property ID="uctConsumable3"/>
            <property ObjectType="UserControl"/>
            <property XPos="1020"/>
            <property YPos="500"/>
            <property Menu=""/>
            <property MenuItem=""/>
            <property FileName=""/>
            <property Visible="true"/>
            <property StyleSheetClass=""/>
            <property Enable="true"/>
            <property Moveable="true"/>
            <property Sizeable="true"/>
            <property ToolTipEnable="true"/>
            <property ToolTip=""/>
            <property UserControl="UCT-CONSUMABLE"/>
            <property Height="50"/>
            <property Width="530"/>
        </widget>
        <widget>
            <property ID="uctConsumable4"/>
            <property ObjectType="UserControl"/>
            <property XPos="1020"/>
            <property YPos="550"/>
            <property Menu=""/>
            <property MenuItem=""/>
            <property FileName=""/>
            <property Visible="true"/>
            <property StyleSheetClass=""/>
            <property Enable="true"/>
            <property Moveable="true"/>
            <property Sizeable="true"/>
            <property ToolTipEnable="true"/>
            <property ToolTip=""/>
            <property UserControl="UCT-CONSUMABLE"/>
            <property Height="50"/>
            <property Width="530"/>
        </widget>
        <widget>
            <property ID="uctConsumable5"/>
            <property ObjectType="UserControl"/>
            <property XPos="1020"/>
            <property YPos="600"/>
            <property Menu=""/>
            <property MenuItem=""/>
            <property FileName=""/>
            <property Visible="true"/>
            <property StyleSheetClass=""/>
            <property Enable="true"/>
            <property Moveable="true"/>
            <property Sizeable="true"/>
            <property ToolTipEnable="true"/>
            <property ToolTip=""/>
            <property UserControl="UCT-CONSUMABLE"/>
            <property Height="50"/>
            <property Width="530"/>
        </widget>
        <widget>
            <property ID="uctConsumable6"/>
            <property ObjectType="UserControl"/>
            <property XPos="1020"/>
            <property YPos="650"/>
            <property Menu=""/>
            <property MenuItem=""/>
            <property FileName=""/>
            <property Visible="true"/>
            <property StyleSheetClass=""/>
            <property Enable="true"/>
            <property Moveable="true"/>
            <property Sizeable="true"/>
            <property ToolTipEnable="true"/>
            <property ToolTip=""/>
            <property UserControl="UCT-CONSUMABLE"/>
            <property Height="50"/>
            <property Width="530"/>
        </widget>
        <widget>
            <property ID="uctConsumable7"/>
            <property ObjectType="UserControl"/>
            <property XPos="1020"/>
            <property YPos="700"/>
            <property Menu=""/>
            <property MenuItem=""/>
            <property FileName=""/>
            <property Visible="true"/>
            <property StyleSheetClass=""/>
            <property Enable="true"/>
            <property Moveable="true"/>
            <property Sizeable="true"/>
            <property ToolTipEnable="true"/>
            <property ToolTip=""/>
            <property UserControl="UCT-CONSUMABLE"/>
            <property Height="50"/>
            <property Width="530"/>
        </widget>
        <widget>
            <property ID="uctConsumable8"/>
            <property ObjectType="UserControl"/>
            <property XPos="1020"/>
            <property YPos="750"/>
            <property Menu=""/>
            <property MenuItem=""/>
            <property FileName=""/>
            <property Visible="true"/>
            <property StyleSheetClass=""/>
            <property Enable="true"/>
            <property Moveable="true"/>
            <property Sizeable="true"/>
            <property ToolTipEnable="true"/>
            <property ToolTip=""/>
            <property UserControl="UCT-CONSUMABLE"/>
            <property Height="50"/>
            <property Width="530"/>
        </widget>
        <widget>
            <property ID="uctConsumable9"/>
            <property ObjectType="UserControl"/>
            <property XPos="1020"/>
            <property YPos="800"/>
            <property Menu=""/>
            <property MenuItem=""/>
            <property FileName=""/>
            <property Visible="true"/>
            <property StyleSheetClass=""/>
            <property Enable="true"/>
            <property Moveable="true"/>
            <property Sizeable="true"/>
            <property ToolTipEnable="true"/>
            <property ToolTip=""/>
            <property UserControl="UCT-CONSUMABLE"/>
            <property Height="50"/>
            <property Width="530"/>
        </widget>
        <widget>
            <property ID="uctConsumable10"/>
            <property ObjectType="UserControl"/>
            <property XPos="1020"/>
            <property YPos="850"/>
            <property Menu=""/>
            <property MenuItem=""/>
            <property FileName=""/>
            <property Visible="true"/>
            <property StyleSheetClass=""/>
            <property Enable="true"/>
            <property Moveable="true"/>
            <property Sizeable="true"/>
            <property ToolTipEnable="true"/>
            <property ToolTip=""/>
            <property UserControl="UCT-CONSUMABLE"/>
            <property Height="50"/>
            <property Width="530"/>
        </widget>
    </widget>
</SUI>
