<?xml version="1.0" encoding="UTF-8"?>
<UserControl>
    <property ID="UCT-CONSUMABLE"/>
    <property ObjectType="UserControl"/>
    <property XPos="0"/>
    <property YPos="0"/>
    <property Menu=""/>
    <property MenuItem=""/>
    <property FileName="/home/adt/Test/UCT-CONSUMABLE.xml"/>
    <property Visible="true"/>
    <property StyleSheetClass=""/>
    <property Enable="true"/>
    <property Moveable="true"/>
    <property Sizeable="false"/>
    <property ToolTipEnable="true"/>
    <property ToolTip=""/>
    <property UserControl="UCT-CONSUMABLE"/>
    <property Height="50"/>
    <property Width="510"/>
    <widget>
        <property ID="gbxConsumable"/>
        <property ObjectType="GroupBox"/>
        <property XPos="0"/>
        <property YPos="0"/>
        <property Menu=""/>
        <property MenuItem=""/>
        <property Visible="true"/>
        <property StyleSheetClass="uctconsumabletable"/>
        <property Enable="true"/>
        <property Moveable="true"/>
        <property HoverBGColor=""/>
        <property Sizeable="true"/>
        <property Bold="false"/>
        <property ToolTipEnable="true"/>
        <property Color="transparent"/>
        <property BGColor="standard"/>
        <property ToolTip=""/>
        <property Hover="true"/>
        <property Text=""/>
        <property UserControl="UCT-CONSUMABLE"/>
        <property Height="50"/>
        <property Width="520"/>
        <widget>
            <property ID="lblConsumableName"/>
            <property ObjectType="Label"/>
            <property XPos="10"/>
            <property YPos="5"/>
            <property Menu=""/>
            <property MenuItem=""/>
            <property Visible="true"/>
            <property StyleSheetClass="uctconsumablekpiplaintext"/>
            <property Enable="true"/>
            <property Moveable="true"/>
            <property Sizeable="true"/>
            <property FontSize="Normal"/>
            <property Bold="false"/>
            <property Color="transparent"/>
            <property ToolTipEnable="true"/>
            <property BGColor="transparent"/>
            <property ToolTip=""/>
            <property PropScientific="false"/>
            <property Text=""/>
            <property Alignment="Left"/>
            <property UserControl="UCT-CONSUMABLE"/>
            <property Height="25"/>
            <property Width="250"/>
        </widget>
        <widget>
            <property ID="lblTime"/>
            <property ObjectType="Label"/>
            <property XPos="310"/>
            <property YPos="5"/>
            <property Menu=""/>
            <property MenuItem=""/>
            <property Visible="true"/>
            <property StyleSheetClass="uctconsumablekpigraytext"/>
            <property Enable="true"/>
            <property Moveable="true"/>
            <property Sizeable="true"/>
            <property FontSize="Normal"/>
            <property Bold="false"/>
            <property Color="transparent"/>
            <property ToolTipEnable="true"/>
            <property BGColor="transparent"/>
            <property ToolTip=""/>
            <property PropScientific="false"/>
            <property Text=""/>
            <property Alignment="Left"/>
            <property UserControl="UCT-CONSUMABLE"/>
            <property Height="25"/>
            <property Width="50"/>
        </widget>
        <widget>
            <property ID="lblValue"/>
            <property ObjectType="Label"/>
            <property XPos="440"/>
            <property YPos="5"/>
            <property Menu=""/>
            <property MenuItem=""/>
            <property Visible="true"/>
            <property StyleSheetClass="uctconsumablekpiplaintext"/>
            <property Enable="true"/>
            <property Moveable="true"/>
            <property Sizeable="true"/>
            <property FontSize="Normal"/>
            <property Bold="true"/>
            <property Color="transparent"/>
            <property ToolTipEnable="true"/>
            <property BGColor="transparent"/>
            <property ToolTip=""/>
            <property PropScientific="false"/>
            <property Text=""/>
            <property Alignment="right"/>
            <property UserControl="UCT-CONSUMABLE"/>
            <property Height="25"/>
            <property Width="40"/>
        </widget>
        <widget>
            <property ID="lblUnit"/>
            <property ObjectType="Label"/>
            <property XPos="482"/>
            <property YPos="0"/>
            <property Menu=""/>
            <property MenuItem=""/>
            <property Visible="true"/>
            <property StyleSheetClass="uctconsumablekpigraytext"/>
            <property Enable="true"/>
            <property Moveable="true"/>
            <property Sizeable="true"/>
            <property FontSize="Normal"/>
            <property Bold="false"/>
            <property Color="transparent"/>
            <property ToolTipEnable="true"/>
            <property BGColor="transparent"/>
            <property ToolTip=""/>
            <property PropScientific="false"/>
            <property Text=""/>
            <property Alignment="left"/>
            <property UserControl="UCT-CONSUMABLE"/>
            <property Height="40"/>
            <property Width="40"/>
        </widget>
        <widget>
            <property ID="pgbConsumable"/>
            <property ObjectType="ProgressBar"/>
            <property XPos="10"/>
            <property YPos="30"/>
            <property Menu=""/>
            <property MenuItem=""/>
            <property Text=""/>
            <property StyleSheetClass="pgbconsumable"/>
            <property Visible="true"/>
            <property Enable="true"/>
            <property Moveable="true"/>
            <property Sizeable="true"/>
            <property Bold="false"/>
            <property MaxValue="100"/>
            <property Percentage="false"/>
            <property Value="0"/>
            <property Text=""/>
            <property MinValue="0"/>
            <property ToolTipEnable="true"/>
            <property BGColor="transparent"/>
            <property Color=""/>
            <property ToolTip=""/>
            <property Orientation="Horizontal"/>
            <property UserControl="UCT-CONSUMABLE"/>
            <property Height="13"/>
            <property Width="500"/>
        </widget>
     </widget>
 </UserControl>
