<?xml version="1.0" encoding="UTF-8"?>
<SUI>
    <property SUICoreVersion="2.0.0"/>
    <property SUIEditorVersion="1.8.0"/>
    <property SUIObjectFactory="SUI Object factory"/>
    <property Height="768"/>
    <property SUIStylesheet=""/>
    <property Width="1024"/>
    <property SUIVersion="2.0"/>
    <property SUIName="Example SUI"/>
    <property SUIDescription="Example SUI"/>
    <property HasBottomButtonBar="false"/>
    <property HasRightButtonBar="false"/>
    <property HasStatusBar="false"/>
    <property Include-UCT-DbConsumables="UCT-DbConsumables.xml"/>
    <widget>
        <property ID="wpg1"/>
        <property ObjectType="WidgetPage"/>
        <property UserControl=""/>
        <property XPos="4"/>
        <property YPos="4"/>
        <property Visible="true"/>
        <property Menu=""/>
        <property Enable="true"/>
        <property MenuItem=""/>
        <property Moveable="false"/>
        <property Sizeable="false"/>
        <property ToolTipEnable="true"/>
        <property ToolTip=""/>
        <property StyleSheetClass=""/>
        <property Height="756"/>
        <property Width="1008"/>
        <widget>
            <property ID="uct8"/>
            <property ObjectType="UserControl"/>
            <property UserControl="UCT-DbConsumables"/>
            <property XPos="23"/>
            <property YPos="154"/>
            <property Visible="true"/>
            <property Menu=""/>
            <property Enable="true"/>
            <property MenuItem=""/>
            <property Moveable="true"/>
            <property Sizeable="false"/>
            <property ToolTipEnable="true"/>
            <property ToolTip=""/>
            <property FileName="/tmp/VENU/XML/DbConsumables/UCT-DbConsumables.xml"/>
            <property StyleSheetClass=""/>
            <property Height="54"/>
            <property Width="474"/>
        </widget>
    </widget>
</SUI>
