<?xml version="1.0" encoding="UTF-8"?>
<SUI>
    <property SUICoreVersion="2.0.0"/>
    <property SUIEditorVersion="1.8.0"/>
    <property SUIObjectFactory="SUI Object factory"/>
    <property Height="768"/>
    <property SUIStylesheet="ADT"/>
    <property Width="1024"/>
    <property SUIVersion="2.0"/>
    <property SUIName="Example SUI"/>
    <property SUIDescription="Example SUI"/>
    <property HasBottomButtonBar="false"/>
    <property HasRightButtonBar="false"/>
    <property HasStatusBar="false"/>
    <widget>
        <property ID="wpg1"/>
        <property ObjectType="WidgetPage"/>
        <property UserControl=""/>
        <property XPos="4"/>
        <property YPos="4"/>
        <property Visible="true"/>
        <property Menu=""/>
        <property Enable="true"/>
        <property MenuItem=""/>
        <property Moveable="false"/>
        <property Sizeable="false"/>
        <property ToolTipEnable="true"/>
        <property ToolTip=""/>
        <property StyleSheetClass=""/>
        <property Height="756"/>
        <property Width="1008"/>
        <widget>
            <property ID="gbxSmall"/>
            <property ObjectType="GroupBox"/>
            <property XPos="180"/>
            <property YPos="170"/>
            <property Menu=""/>
            <property MenuItem=""/>
            <property Text=""/>
            <property StyleSheetClass="Default"/>
            <property Visible="true"/>
            <property Enable="true"/>
            <property HoverBGColor="standard"/>
            <property Moveable="true"/>
            <property Sizeable="true"/>
            <property Bold="true"/>
            <property ToolTipEnable="true"/>
            <property ToolTip=""/>
            <property BGColor="standard"/>
            <property Hover="false"/>
            <property UserControl=""/>
            <property Height="100"/>
            <property Width="210"/>
            <widget>
                <property ID="lblSmall"/>
                <property ObjectType="Label"/>
                <property XPos="10"/>
                <property YPos="10"/>
                <property Menu=""/>
                <property MenuItem=""/>
                <property Text=""/>
                <property StyleSheetClass=""/>
                <property Visible="true"/>
                <property Enable="true"/>
                <property Moveable="true"/>
                <property Sizeable="true"/>
                <property FontSize="Normal"/>
                <property Bold="false"/>
                <property ToolTipEnable="true"/>
                <property Color="transparent"/>
                <property ToolTip=""/>
                <property BGColor="transparent"/>
                <property PropScientific="false"/>
                <property Alignment="Left"/>
                <property UserControl=""/>
                <property Height="30"/>
                <property Width="50"/>
            </widget>
            <widget>
                <property ID="lblBig"/>
                <property ObjectType="Label"/>
                <property XPos="10"/>
                <property YPos="50"/>
                <property Menu=""/>
                <property MenuItem=""/>
                <property Text=""/>
                <property StyleSheetClass=""/>
                <property Visible="true"/>
                <property Enable="true"/>
                <property Moveable="true"/>
                <property Sizeable="true"/>
                <property FontSize="Normal"/>
                <property Bold="false"/>
                <property ToolTipEnable="true"/>
                <property Color="transparent"/>
                <property ToolTip=""/>
                <property BGColor="transparent"/>
                <property PropScientific="false"/>
                <property Alignment="Left"/>
                <property UserControl=""/>
                <property Height="30"/>
                <property Width="40"/>
            </widget>
            <widget>
                <property ID="plwSmall"/>
                <property ObjectType="PlotWidget"/>
                <property XPos="70"/>
                <property YPos="10"/>
                <property Menu=""/>
                <property MenuItem=""/>
                <property StyleSheetClass=""/>
                <property Visible="true"/>
                <property Enable="true"/>
                <property Moveable="true"/>
                <property Sizeable="true"/>
                <property ToolTipEnable="true"/>
                <property ToolTip=""/>
                <property Hover="false"/>
                <property Zoom="false"/>
                <property UserControl=""/>
                <property xAxisScale="Normal"/>
                <property Height="80"/>
                <property Width="130"/>
            </widget>
        </widget>
    </widget>
</SUI>
