<?xml version="1.0" encoding="UTF-8"?>
<UserControl>
    <property SUIVersion="2.0"/>
    <property SUICoreVersion="2.0.0"/>
    <property SUIEditorVersion="1.8.0"/>
    <property ID="UCT-DbPlot"/>
    <property ObjectType="UserControl"/>
    <property UserControl="UCT-DbPlot"/>
    <property XPos="0"/>
    <property YPos="0"/>
    <property Visible="true"/>
    <property Menu=""/>
    <property Enable="true"/>
    <property MenuItem=""/>
    <property Moveable="true"/>
    <property Sizeable="false"/>
    <property ToolTipEnable="true"/>
    <property ToolTip=""/>
    <property FileName="/tmp/VENU/XML/UCT-DbPlot.xml"/>
    <property StyleSheetClass=""/>
    <property Height="104"/>
    <property Width="214"/>
    <widget>
        <property ID="gbxSmall"/>
        <property ObjectType="GroupBox"/>
        <property XPos="2"/>
        <property YPos="2"/>
        <property Menu=""/>
        <property MenuItem=""/>
        <property Text=""/>
        <property StyleSheetClass="Default"/>
        <property Visible="true"/>
        <property Enable="true"/>
        <property HoverBGColor="standard"/>
        <property Moveable="false"/>
        <property Sizeable="true"/>
        <property Bold="true"/>
        <property ToolTipEnable="true"/>
        <property ToolTip=""/>
        <property BGColor="standard"/>
        <property Hover="false"/>
        <property UserControl="UCT-DbPlot"/>
        <property Height="75"/>
        <property Width="210"/>
        <widget>
            <property ID="lblName"/>
            <property ObjectType="Label"/>
            <property XPos="10"/>
            <property YPos="10"/>
            <property Menu=""/>
            <property MenuItem=""/>
            <property Text="EUV"/>
            <property StyleSheetClass=""/>
            <property Visible="true"/>
            <property Enable="true"/>
            <property Moveable="false"/>
            <property Sizeable="true"/>
            <property FontSize="Small"/>
            <property Bold="false"/>
            <property ToolTipEnable="true"/>
            <property Color="White"/>
            <property ToolTip=""/>
            <property BGColor="transparent"/>
            <property PropScientific="false"/>
            <property Alignment="Left"/>
            <property UserControl="UCT-DbPlot"/>
            <property Height="30"/>
            <property Width="110"/>
        </widget>
        <widget>
            <property ID="lblValue"/>
            <property ObjectType="Label"/>
            <property XPos="10"/>
            <property YPos="30"/>
            <property Menu=""/>
            <property MenuItem=""/>
            <property Text="80w"/>
            <property StyleSheetClass=""/>
            <property Visible="true"/>
            <property Enable="true"/>
            <property Moveable="false"/>
            <property Sizeable="true"/>
            <property FontSize="Big"/>
            <property Bold="True"/>
            <property ToolTipEnable="true"/>
            <property Color="White"/>
            <property ToolTip=""/>
            <property BGColor="transparent"/>
            <property PropScientific="false"/>
            <property Alignment="Left"/>
            <property UserControl="UCT-DbPlot"/>
            <property Height="30"/>
            <property Width="50"/>
        </widget>
        <widget>
            <property ID="plwSmall"/>
            <property ObjectType="PlotWidget"/>
            <property XPos="70"/>
            <property YPos="0"/>
            <property Menu=""/>
            <property MenuItem=""/>
            <property StyleSheetClass=""/>
            <property Visible="true"/>
            <property Enable="true"/>
            <property Moveable="false"/>
            <property Sizeable="true"/>
            <property ToolTipEnable="true"/>
            <property ToolTip=""/>
            <property Hover="false"/>
            <property Zoom="false"/>
            <property UserControl="UCT-DbPlot"/>
            <property xAxisScale="Normal"/>
            <property Height="75"/>
            <property Width="140"/>
        </widget>
    </widget>
</UserControl>

