<?xml version="1.0" encoding="UTF-8"?>
<SUI>
    <property SUICoreVersion="2.0.0"/>
    <property SUIEditorVersion="1.8.0"/>
    <property SUIObjectFactory="SUI Object factory"/>
    <property Height="950"/>
    <property SUIStylesheet="SourceGUI"/>
    <property Width="1545"/>
    <property SUIVersion="2.0"/>
    <property SUIName="Example SUI"/>
    <property SUIDescription="Example SUI"/>
    <property HasBottomButtonBar="false"/>
    <property HasRightButtonBar="false"/>
    <property HasStatusBar="false"/>
    <property Include-UCT-SystemTool="UCT-SystemTool.xml"/>
    <widget>
        <property ID="wpg1"/>
        <property ObjectType="WidgetPage"/>
        <property XPos="0"/>
        <property YPos="0"/>
        <property Menu=""/>
        <property MenuItem=""/>
        <property Visible="true"/>
        <property StyleSheetClass="page"/>
        <property Enable="true"/>
        <property Moveable="false"/>
        <property Sizeable="false"/>
        <property ToolTipEnable="true"/>
        <property BGColor="white"/>
        <property ToolTip=""/>
        <property UserControl=""/>
        <property Height="950"/>
        <property Width="1545"/>
        <widget>
            <property ID="lblSystemToolsHeader"/>
            <property ObjectType="Label"/>
            <property XPos="0"/>
            <property YPos="40"/>
            <property Menu=""/>
            <property MenuItem=""/>
            <property Visible="true"/>
            <property StyleSheetClass="GenericHeader"/>
            <property Enable="true"/>
            <property Moveable="true"/>
            <property Sizeable="true"/>
            <property FontSize="Small"/>
            <property Bold="false"/>
            <property Color="white"/>
            <property ToolTipEnable="true"/>
            <property BGColor="Transparent"/>
            <property ToolTip=""/>
            <property PropScientific="false"/>
            <property Text="System tools"/>
            <property Alignment="Left"/>
            <property UserControl=""/>
            <property Height="30"/>
            <property Width="460"/>
        </widget>        
        <widget>
            <property ID="gbxRightPane"/>
            <property ObjectType="GroupBox"/>
            <property XPos="0"/>
            <property YPos="80"/>
            <property Menu=""/>
            <property MenuItem=""/>
            <property Visible="true"/>
            <property StyleSheetClass="uctnormalKPItable"/>
            <property Enable="true"/>
            <property Moveable="true"/>
            <property HoverBGColor="standard"/>
            <property Sizeable="true"/>
            <property Bold="true"/>
            <property ToolTipEnable="true"/>
            <property BGColor=""/>
            <property ToolTip=""/>
            <property Hover="false"/>
            <property Text=""/>
            <property UserControl=""/>
            <property Height="938"/>
            <property Width="1520"/>
            <widget>
                <property ID="lblAllSystemTools"/>
                <property ObjectType="Label"/>
                <property XPos="20"/>
                <property YPos="10"/>
                <property Menu=""/>
                <property MenuItem=""/>
                <property Visible="true"/>
                <property StyleSheetClass="GreyLabel16PxRoboRegular"/>
                <property Enable="true"/>
                <property Moveable="true"/>
                <property Sizeable="true"/>
                <property FontSize="Small"/>
                <property Bold="false"/>
                <property Color="black"/>
                <property ToolTipEnable="true"/>
                <property BGColor="Transparent"/>
                <property ToolTip=""/>
                <property PropScientific="false"/>
                <property Text="ALL SYSTEM TOOLS"/>
                <property Alignment="Left"/>
                <property UserControl=""/>
                <property Height="30"/>
                <property Width="500"/>
            </widget>
            <widget>
              <property ID="lblLine" />
              <property ObjectType="Label" />
              <property XPos="20" />
              <property YPos="50" />
              <property Menu="" />
              <property MenuItem="" />
              <property Visible="true" />
              <property StyleSheetClass="greyLine1Px" />
              <property Enable="true" />
              <property Moveable="true" />
              <property Sizeable="true" />
              <property Bold="false" />
              <property ToolTipEnable="true" />
              <property ToolTip="" />
              <property ImageData="" />
              <property ImageDataPressed="" />
              <property Text="" />
              <property Alignment="Left" />
              <property UserControl="" />
              <property TabOrder="4" />
              <property Height="1" />
              <property Width="550" />
            </widget>
            <widget>
                <property ID="tawSystemTool" />
                <property ObjectType="TableWidget" />
                <property XPos="20" />
                <property YPos="52" />
                <property Menu="" />
                <property MenuItem="" />
                <property Visible="true" />
                <property StyleSheetClass="diagnosticsTable" />
                <property Enable="true" />
                <property Moveable="true" />
                <property Sizeable="true" />
                <property RowHeights="0,40" />
                <property ColumnCount="1" />
                <property RowCount="1" />
                <property ColumnWidths="0,550;" />
                <property ListViewMode="true" />
                <property BorderWidth="0" />
                <property BorderOn="false" />
                <property Bold="false" />
                <property ToolTipEnable="true" />
                <property ToolTip="" />
                <property MultipleRowSelection="false" />
                <property HeadersOn="false" />
                <property HorizonHeaderTags="" />
                <property VerticalHeaderTags="" />
                <property UserControl="" />
                <property TabOrder="0" />
                <property Height="40" />
                <property Width="550" />
                <widget>
                    <property ID="uct-tawSystemTool:1-1"/>
                    <property ObjectType="UserControl"/>
                    <property XPos="0"/>
                    <property YPos="0"/>
                    <property Visible="true" />
                    <property StyleSheetClass="" />
                    <property Enable="true" />
                    <property Moveable="false" />
                    <property Sizeable="false" />
                    <property FontSize="Small" />
                    <property Bold="false" />
                    <property CellAlignment="stretch" />
                    <property BorderWidth="" />
                    <property BorderOn="false" />
                    <property ToolTipEnable="true" />
                    <property ToolTip="" />
                    <property Text="" />
                    <property Alignment="left" />
                    <property UserControl="UCT-SystemTool"/>
                    <property Height="40" />
                    <property Width="0" />
                </widget>
            </widget>
            <widget>
                <property ID="btnOpenSystemTool"/>
                <property ObjectType="Button"/>
                <property XPos="600"/>
                <property YPos="54"/>
                <property Menu=""/>
                <property MenuItem=""/>
                <property Visible="true"/>
                <property StyleSheetClass="SystemToolOpenButton"/>
                <property Enable="true"/>
                <property Moveable="true"/>
                <property Sizeable="true"/>
                <property Bold="false"/>
                <property ToolTipEnable="true"/>
                <property ToolTip=""/>
                <property ImageData=""/>
                <property ImageDataPressed=""/>
                <property Text="Open"/>
                <property Alignment="center"/>
                <property UserControl=""/>
                <property TabOrder="1"/>
                <property Height="35"/>
                <property Width="100"/>
            </widget>
            <widget>
                <property ID="lblMessage"/>
                <property ObjectType="Label"/>
                <property XPos="710"/>
                <property YPos="60"/>
                <property Menu=""/>
                <property MenuItem=""/>
                <property Visible="false"/>
                <property StyleSheetClass="DarkGrey14PxRobotoRegular"/>
                <property Enable="true"/>
                <property Moveable="true"/>
                <property Sizeable="true"/>
                <property FontSize="Small"/>
                <property Bold="false"/>
                <property Color="black"/>
                <property ToolTipEnable="true"/>
                <property BGColor="Transparent"/>
                <property ToolTip=""/>
                <property PropScientific="false"/>
                <property Text=""/>
                <property Alignment="Left"/>
                <property UserControl=""/>
                <property Height="20"/>
                <property Width="600"/>
            </widget>
        </widget>
    </widget>
</SUI>
