<?xml version="1.0" encoding="UTF-8"?>
<SUI>
    <property SUICoreVersion="2.0.0" />
    <property SUIEditorVersion="1.8.0" />
    <property SUIObjectFactory="SUI Object factory" />
    <property Height="960" />
    <property SUIStylesheet="SourceGUI" />
    <property Width="1545" />
    <property SUIVersion="2.0" />
    <property SUIName="Example SUI" />
    <property SUIDescription="Example SUI" />
    <property HasBottomButtonBar="false" />
    <property HasRightButtonBar="false" />
    <property HasStatusBar="false" />
    <property Include-UCT-Parameter="UCT-Parameter.xml" />
    <property Include-UCT-SaveButton="UCT-SaveButton.xml" />
    <widget>
        <property ID="wpg1" />
        <property ObjectType="WidgetPage" />
        <property XPos="0" />
        <property YPos="0" />
        <property Menu="" />
        <property MenuItem="" />
        <property Visible="true" />
        <property StyleSheetClass="page" />
        <property Enable="true" />
        <property Moveable="false" />
        <property Sizeable="false" />
        <property ToolTipEnable="true" />
        <property BGColor="white" />
        <property ToolTip="" />
        <property UserControl="" />
        <property Height="960" />
        <property Width="1545" />
        <widget>
            <property ID="imvLogo" />
            <property ObjectType="GraphicsView" />
            <property XPos="1440" />
            <property YPos="10" />
            <property Menu="" />
            <property MenuItem="" />
            <property Visible="true" />
            <property StyleSheetClass="" />
            <property Enable="false" />
            <property Moveable="false" />
            <property Sizeable="false" />
            <property ScrollBars="false" />
            <property HasBottomButtonBar="false" />
            <property HasRightButtonBar="false" />
            <property HasStatusBar="false" />
            <property AutoFitBG="padding" />
            <property ZoomStyle="Panning" />
            <property ScrollZoom="false" />
            <property BorderOn="false" />
            <property ToolTipEnable="false" />
            <property ToolTip="" />
            <property ImageData="" />
            <property UserControl="" />
            <property Height="40" />
            <property Width="90" />
        </widget>
        <widget>
            <property ID="lblMachineConstantHeader" />
            <property ObjectType="Label" />
            <property XPos="0" />
            <property YPos="40" />
            <property Menu="" />
            <property MenuItem="" />
            <property Visible="true" />
            <property StyleSheetClass="GenericHeader" />
            <property Enable="true" />
            <property Moveable="true" />
            <property Sizeable="true" />
            <property FontSize="Small" />
            <property Bold="false" />
            <property Color="white" />
            <property ToolTipEnable="true" />
            <property BGColor="Transparent" />
            <property ToolTip="" />
            <property PropScientific="false" />
            <property Text="Parameters" />
            <property Alignment="Left" />
            <property UserControl="" />
            <property Height="30" />
            <property Width="460" />
        </widget>
        <widget>
            <property ID="gbxPageZero" />
            <property ObjectType="GroupBox" />
            <property XPos="0" />
            <property YPos="80" />
            <property Menu="" />
            <property MenuItem="" />
            <property Visible="true" />
            <property StyleSheetClass="pendingParameterTree" />
            <property Enable="true" />
            <property Moveable="true" />
            <property HoverBGColor="standard" />
            <property Sizeable="true" />
            <property Bold="true" />
            <property ToolTipEnable="true" />
            <property ToolTip="" />
            <property Hover="false" />
            <property Text="" />
            <property UserControl="" />
            <property Height="880" />
            <property Width="215" />
        </widget>
        <widget>
            <property ID="gbxPageOne" />
            <property ObjectType="GroupBox" />
            <property XPos="215" />
            <property YPos="80" />
            <property Menu="" />
            <property MenuItem="" />
            <property Visible="true" />
            <property StyleSheetClass="page" />
            <property Enable="true" />
            <property Moveable="true" />
            <property HoverBGColor="standard" />
            <property Sizeable="true" />
            <property Bold="true" />
            <property ToolTipEnable="true" />
            <property BGColor="white" />
            <property ToolTip="" />
            <property Hover="false" />
            <property Text="" />
            <property UserControl="" />
            <property Height="880" />
            <property Width="670" />
            <widget>
                <property ID="lneSearchParameterText" />
                <property ObjectType="LineEdit" />
                <property XPos="20" />
                <property YPos="23" />
                <property Visible="true" />
                <property StyleSheetClass="searchparameter" />
                <property Enable="true" />
                <property Moveable="true" />
                <property Sizeable="true" />
                <property RegularExpression=".*" />
                <property Bold="false" />
                <property Color="standard" />
                <property ToolTipEnable="true" />
                <property BGColor="" />
                <property Text="" />
                <property Alignment="Left" />
                <property TabOrder="0" />
                <property Height="40" />
                <property Width="600" />
            </widget>
            <widget>
                <property ID="btnSearchParameter" />
                <property ObjectType="Button" />
                <property XPos="585" />
                <property YPos="27" />
                <property Menu="" />
                <property MenuItem="" />
                <property Visible="true" />
                <property StyleSheetClass="searchparameter" />
                <property Enable="true" />
                <property Moveable="true" />
                <property Sizeable="true" />
                <property Bold="false" />
                <property ToolTipEnable="true" />
                <property ToolTip="" />
                <property ImageData="" />
                <property ImageDataPressed="" />
                <property BGColor="blue" />
                <property Text="search" />
                <property Alignment="left" />
                <property UserControl="" />
                <property TabOrder="1" />
                <property Height="30" />
                <property Width="27" />
            </widget>
            <widget>
                <property ID="btnSearchClear" />
                <property ObjectType="Button" />
                <property XPos="585" />
                <property YPos="27" />
                <property Menu="" />
                <property MenuItem="" />
                <property Visible="true" />
                <property StyleSheetClass="searchparameter" />
                <property Enable="true" />
                <property Moveable="true" />
                <property Sizeable="true" />
                <property Bold="false" />
                <property ToolTipEnable="true" />
                <property ToolTip="" />
                <property ImageData="" />
                <property ImageDataPressed="" />
                <property BGColor="blue" />
                <property Text="search" />
                <property Alignment="left" />
                <property UserControl="" />
                <property TabOrder="1" />
                <property Height="30" />
                <property Width="27" />
            </widget>
            <widget>
                <property ID="lblEntriesFound" />
                <property ObjectType="Label" />
                <property XPos="20" />
                <property YPos="65" />
                <property Menu="" />
                <property MenuItem="" />
                <property Visible="true" />
                <property StyleSheetClass="parametersfound" />
                <property Enable="true" />
                <property Moveable="true" />
                <property Sizeable="true" />
                <property FontSize="Small" />
                <property Bold="false" />
                <property Color="" />
                <property ToolTipEnable="true" />
                <property BGColor="white" />
                <property ToolTip="" />
                <property PropScientific="false" />
                <property Text="parameters found" />
                <property Alignment="Left" />
                <property UserControl="" />
                <property Height="20" />
                <property Width="360" />
            </widget>
            <widget>
                <property ID="btnParameterName" />
                <property ObjectType="Button" />
                <property XPos="20" />
                <property YPos="100" />
                <property Menu="" />
                <property MenuItem="" />
                <property Visible="true" />
                <property StyleSheetClass="parametername" />
                <property Enable="true" />
                <property Moveable="true" />
                <property Sizeable="true" />
                <property Bold="false" />
                <property ToolTipEnable="true" />
                <property ToolTip="" />
                <property ImageData="" />
                <property ImageDataPressed="" />
                <property Text="Parameter name" />
                <property Alignment="left" />
                <property UserControl="" />
                <property TabOrder="1" />
                <property Height="30" />
                <property Width="450" />
            </widget>
            <widget>
                <property ID="lblParameterNameTooltip" />
                <property ObjectType="Label" />
                <property XPos="30" />
                <property YPos="50" />
                <property Menu="" />
                <property MenuItem="" />
                <property Visible="true" />
                <property StyleSheetClass="parametertooltip" />
                <property Enable="true" />
                <property Moveable="true" />
                <property Sizeable="true" />
                <property FontSize="Small" />
                <property Bold="false" />
                <property Color="" />
                <property ToolTipEnable="false" />
                <property BGColor="white" />
                <property ToolTip="" />
                <property PropScientific="false" />
                <property Text="Signal name" />
                <property Alignment="Left" />
                <property UserControl="" />
                <property Height="30" />
                <property Width="100" />
            </widget>
            <widget>
                <property ID="btnParameterValue" />
                <property ObjectType="Button" />
                <property XPos="470" />
                <property YPos="100" />
                <property Menu="" />
                <property MenuItem="" />
                <property Visible="true" />
                <property StyleSheetClass="parametervalue" />
                <property Enable="true" />
                <property Moveable="true" />
                <property Sizeable="true" />
                <property Bold="false" />
                <property ToolTipEnable="true" />
                <property ToolTip="" />
                <property ImageData="" />
                <property ImageDataPressed="" />
                <property Text="Value" />
                <property Alignment="left" />
                <property UserControl="" />
                <property TabOrder="1" />
                <property Height="30" />
                <property Width="150" />
            </widget>
            <widget>
                <property ID="lblParameterValueTooltip" />
                <property ObjectType="Label" />
                <property XPos="460" />
                <property YPos="50" />
                <property Menu="" />
                <property MenuItem="" />
                <property Visible="true" />
                <property StyleSheetClass="parametertooltip" />
                <property Enable="true" />
                <property Moveable="true" />
                <property Sizeable="true" />
                <property FontSize="Small" />
                <property Bold="false" />
                <property Color="" />
                <property ToolTipEnable="false" />
                <property BGColor="white" />
                <property ToolTip="" />
                <property PropScientific="false" />
                <property Text="Select signals for streaming" />
                <property Alignment="Left" />
                <property UserControl="" />
                <property Height="30" />
                <property Width="200" />
            </widget>
            <widget>
                <property ID="tawParameters" />
                <property ObjectType="TableWidget" />
                <property XPos="20" />
                <property YPos="130" />
                <property StyleSheetClass="parameterlist" />
                <property Visible="true" />
                <property Enable="true" />
                <property Moveable="true" />
                <property Sizeable="true" />
                <property RowHeights="0,40;" />
                <property ColumnCount="1" />
                <property RowCount="1" />
                <property ColumnWidths="0,700" />
                <property ListViewMode="true" />
                <property BorderWidth="0" />
                <property BorderOn="false" />
                <property ToolTipEnable="true" />
                <property MultipleRowSelection="false" />
                <property HeadersOn="false" />
                <property TabOrder="0" />
                <property Height="720" />
                <property Width="600" />
                <widget>
                    <property ID="uct-tawParameters:1-1" />
                    <property ObjectType="UserControl" />
                    <property XPos="0" />
                    <property YPos="0" />
                    <property FileName="UCT-Parameter.xml" />
                    <property Visible="true" />
                    <property StyleSheetClass="" />
                    <property Enable="true" />
                    <property Moveable="false" />
                    <property Sizeable="false" />
                    <property FontSize="Small" />
                    <property Bold="false" />
                    <property CellAlignment="stretch" />
                    <property BorderWidth="" />
                    <property BorderOn="false" />
                    <property ToolTipEnable="true" />
                    <property ToolTip="" />
                    <property Text="Amplification Chain" />
                    <property BGColor="green" />
                    <property Alignment="left" />
                    <property UserControl="UCT-Parameter" />
                    <property Height="60" />
                    <property Width="0" />
                </widget>
            </widget>
            <widget>
                <property ID="scbParametersTable" />
                <property ObjectType="ScrollBar" />
                <property XPos="630" />
                <property YPos="128" />
                <property Visible="true" />
                <property Enable="true" />
                <property Moveable="true" />
                <property Sizeable="true" />
                <property StepSize="0" />
                <property MaxValue="19982" />
                <property MinValue="0" />
                <property ToolTipEnable="false" />
                <property Orientation="Vertical" />
                <property Height="720" />
                <property Width="20" />
            </widget>
        </widget>
        <widget>
           <property ID="gbxPageTwo" />
           <property ObjectType="GroupBox" />
           <property XPos="886" />
           <property YPos="80" />
           <property Menu="" />
           <property MenuItem="" />
           <property Visible="true" />
           <property StyleSheetClass="page" />
           <property Enable="true" />
           <property Moveable="true" />
           <property HoverBGColor="standard" />
           <property Sizeable="true" />
           <property Bold="true" />
           <property ToolTipEnable="true" />
           <property BGColor="white" />
           <property ToolTip="" />
           <property Hover="false" />
           <property Text="" />
           <property UserControl="" />
           <property Height="880" />
           <property Width="649" />
           <widget>
                   <property ID="lblPendingParameters"/>
                   <property ObjectType="Label"/>
                   <property XPos="20"/>
                   <property YPos="20"/>
                   <property Menu=""/>
                   <property MenuItem=""/>
                   <property Text="Pending parameters"/>
                   <property StyleSheetClass="pendingparameters"/>
                   <property Visible="true"/>
                   <property Enable="true"/>
                   <property Moveable="true"/>
                   <property Sizeable="true"/>
                   <property FontSize="Small"/>
                   <property Bold="false"/>
                   <property ToolTipEnable="true"/>
                   <property Color=""/>
                   <property ToolTip=""/>
                   <property BGColor=""/>
                   <property PropScientific="false"/>
                   <property Alignment="Left"/>
                   <property UserControl=""/>
                   <property Height="20"/>
                   <property Width="200"/>
           </widget>
           <widget>
                   <property ID="btnHistory" />
                   <property ObjectType="Button" />
                   <property XPos="553" />
                   <property YPos="20" />
                   <property Menu="" />
                   <property MenuItem="" />
                   <property Visible="true" />
                   <property StyleSheetClass="history" />
                   <property Enable="true" />
                   <property Moveable="true" />
                   <property Sizeable="true" />
                   <property Bold="false" />
                   <property ToolTipEnable="false" />
                   <property ToolTip="" />
                   <property ImageData="" />
                   <property Color=""/>
                   <property BGColor="transperent"/>
                   <property ImageDataPressed="" />
                   <property Text="History" />
                   <property Alignment="left" />
                   <property UserControl="" />
                   <property TabOrder="1" />
                   <property Height="20" />
                   <property Width="67" />
           </widget>
           <widget>
               <property ID="btnNoPendingParameters"/>
               <property ObjectType="Button"/>
               <property XPos="20"/>
               <property YPos="100"/>
               <property Menu=""/>
               <property MenuItem=""/>
               <property Text="No pending parameters"/>
               <property StyleSheetClass="nopendingparameters"/>
               <property Visible="true"/>
               <property Enable="true"/>
               <property Moveable="true"/>
               <property Sizeable="true"/>
               <property FontSize="small"/>
               <property Bold="false"/>
               <property ToolTipEnable="true"/>
               <property Color="white"/>
               <property ToolTip=""/>
               <property BGColor=""/>
               <property PropScientific="false"/>
               <property Alignment="center"/>
               <property UserControl=""/>
               <property Height="30"/>
               <property Width="600"/>
           </widget>
           <widget>
               <property ID="btnPendingParameterName" />
               <property ObjectType="Button" />
               <property XPos="20" />
               <property YPos="50" />
               <property Menu="" />
               <property MenuItem="" />
               <property Visible="true" />
               <property StyleSheetClass="parametername" />
               <property Enable="true" />
               <property Moveable="true" />
               <property Sizeable="true" />
               <property Bold="false" />
               <property ToolTipEnable="true" />
               <property ToolTip="" />
               <property ImageData="" />
               <property ImageDataPressed="" />
               <property Text="Parameter name" />
               <property Alignment="left" />
               <property UserControl="" />
               <property TabOrder="1" />
               <property Height="25" />
               <property Width="450" />
           </widget>
           <widget>
               <property ID="lblPendingParameterNameTooltip" />
               <property ObjectType="Label" />
               <property XPos="125" />
               <property YPos="45" />
               <property Menu="" />
               <property MenuItem="" />
               <property Visible="false" />
               <property StyleSheetClass="parametertooltip" />
               <property Enable="true" />
               <property Moveable="true" />
               <property Sizeable="true" />
               <property FontSize="Small" />
               <property Bold="false" />
               <property Color="" />
               <property ToolTipEnable="false" />
               <property BGColor="white" />
               <property ToolTip="" />
               <property PropScientific="false" />
               <property Text="Signal name" />
               <property Alignment="Left" />
               <property UserControl="" />
               <property Height="25" />
               <property Width="100" />
           </widget>
           <widget>
               <property ID="btnPendingParameterValue" />
               <property ObjectType="Button" />
               <property XPos="470" />
               <property YPos="50" />
               <property Menu="" />
               <property MenuItem="" />
               <property Visible="true" />
               <property StyleSheetClass="parametervalue" />
               <property Enable="true" />
               <property Moveable="true" />
               <property Sizeable="true" />
               <property Bold="false" />
               <property ToolTipEnable="true" />
               <property ToolTip="" />
               <property ImageData="" />
               <property ImageDataPressed="" />
               <property Text="Pending value" />
               <property Alignment="left" />
               <property UserControl="" />
               <property TabOrder="1" />
               <property Height="25" />
               <property Width="150" />
           </widget>
           <widget>
               <property ID="lblPendingParameterValueTooltip" />
               <property ObjectType="Label" />
               <property XPos="265" />
               <property YPos="45" />
               <property Menu="" />
               <property MenuItem="" />
               <property Visible="false" />
               <property StyleSheetClass="parametertooltip" />
               <property Enable="true" />
               <property Moveable="true" />
               <property Sizeable="true" />
               <property FontSize="Small" />
               <property Bold="false" />
               <property Color="" />
               <property ToolTipEnable="false" />
               <property BGColor="white" />
               <property ToolTip="" />
               <property PropScientific="false" />
               <property Text="Select signals for streaming" />
               <property Alignment="Left" />
               <property UserControl="" />
               <property Height="25" />
               <property Width="200" />
           </widget>
           <widget>
               <property ID="tawMCPendingParam"/>
               <property ObjectType="TableWidget"/>
               <property XPos="20"/>
               <property YPos="80"/>
               <property Menu=""/>
               <property MenuItem=""/>
               <property Visible="true"/>
               <property StyleSheetClass="pendingParameter"/>
               <property Enable="true"/>
               <property Moveable="true"/>
               <property Sizeable="true"/>
               <property ColumnCount="4"/>
               <property RowCount="1"/>
               <property RowHeights="0,40;"/>
               <property ColumnWidths="0,3;1,447;2,120;3,30;"/>
               <property ListViewMode="true"/>
               <property BorderWidth="0"/>
               <property BorderOn="false"/>
               <property Bold="false"/>
               <property ToolTipEnable="true"/>
               <property ToolTip=""/>
               <property MultipleRowSelection="false"/>
               <property HeadersOn="false"/>
               <property HorizonHeaderTags=""/>
               <property VerticalHeaderTags=""/>
               <property UserControl=""/>
               <property TabOrder="0"/>
               <property Height="840"/>
               <property Width="600"/>
               <widget>
                   <property ID="twi-tawMCPendingParam:1-1"/>
                   <property ObjectType="TableWidgetItem"/>
                   <property XPos="0"/>
                   <property YPos="0"/>
                   <property Menu=""/>
                   <property CellName=""/>
                   <property MenuItem=""/>
                   <property Visible="true"/>
                   <property StyleSheetClass=""/>
                   <property Enable="false"/>
                   <property Moveable="false"/>
                   <property Sizeable="false"/>
                   <property Bold="false"/>
                   <property BorderWidth="3"/>
                   <property BorderOn="false"/>
                   <property ToolTipEnable="true"/>
                   <property ToolTip=""/>
                   <property Text=""/>
                   <property Alignment="Left"/>
                   <property UserControl=""/>
                   <property Height="0:40"/>
                   <property Width="0:20"/>
               </widget>
               <widget>
                   <property ID="twi-tawMCPendingParam:1-2"/>
                   <property ObjectType="TableWidgetItem"/>
                   <property XPos="0"/>
                   <property YPos="0"/>
                   <property Menu=""/>
                   <property CellName=""/>
                   <property MenuItem=""/>
                   <property Visible="true"/>
                   <property StyleSheetClass=""/>
                   <property Enable="false"/>
                   <property Moveable="false"/>
                   <property Sizeable="false"/>
                   <property Bold="false"/>
                   <property BorderWidth="3"/>
                   <property BorderOn="false"/>
                   <property ToolTipEnable="true"/>
                   <property ToolTip=""/>
                   <property FontSize="Normal" />
                   <property Text=""/>
                   <property Alignment="Left"/>
                   <property UserControl=""/>
                   <property Height="0:40"/>
                   <property Width="0:20"/>
               </widget>
               <widget>
                   <property ID="twi-tawMCPendingParam:1-3"/>
                   <property ObjectType="TableWidgetItem"/>
                   <property XPos="0"/>
                   <property YPos="0"/>
                   <property Menu=""/>
                   <property CellName=""/>
                   <property MenuItem=""/>
                   <property Visible="true"/>
                   <property StyleSheetClass=""/>
                   <property Enable="false"/>
                   <property Moveable="false"/>
                   <property Sizeable="false"/>
                   <property Bold="false"/>
                   <property CellAlignment="stretch" />
                   <property BorderWidth="3"/>
                   <property BorderOn="false"/>
                   <property ToolTipEnable="true"/>
                   <property ToolTip=""/>
                   <property FontSize="Normal" />
                   <property Text=""/>
                   <property Alignment="left"/>
                   <property UserControl=""/>
                   <property Height="0:40"/>
                   <property Width="0:20"/>
               </widget>
               <widget>
                   <property ID="twi-tawMCPendingParam:1-4"/>
                   <property ObjectType="TableWidgetItem"/>
                   <property XPos="0"/>
                   <property YPos="0"/>
                   <property Menu=""/>
                   <property CellName=""/>
                   <property MenuItem=""/>
                   <property Visible="true"/>
                   <property StyleSheetClass=""/>
                   <property Enable="false"/>
                   <property Moveable="false"/>
                   <property Sizeable="false"/>
                   <property Bold="false"/>
                   <property BorderWidth="3"/>
                   <property BorderOn="false"/>
                   <property ToolTipEnable="true"/>
                   <property ToolTip=""/>
                   <property Text=""/>
                   <property Alignment="left"/>
                   <property UserControl=""/>
                   <property Height="0:40"/>
                   <property Width="0:20"/>
               </widget>
           </widget>
           <widget>
               <property ID="btnPendingParametersLine"/>
               <property ObjectType="Button"/>
               <property XPos="20"/>
               <property YPos="120"/>
               <property Menu=""/>
               <property MenuItem=""/>
               <property Text=""/>
               <property StyleSheetClass="pendingparametersline"/>
               <property Visible="true"/>
               <property Enable="true"/>
               <property Moveable="true"/>
               <property Sizeable="true"/>
               <property FontSize="small"/>
               <property Bold="false"/>
               <property ToolTipEnable="true"/>
               <property Color="white"/>
               <property ToolTip=""/>
               <property BGColor=""/>
               <property PropScientific="false"/>
               <property Alignment="center"/>
               <property UserControl=""/>
               <property Height="1"/>
               <property Width="600"/>
           </widget>
           <widget>
               <property ID="btnCancel"/>
               <property ObjectType="Button"/>
               <property XPos="310"/>
               <property YPos="171"/>
               <property Menu=""/>
               <property MenuItem=""/>
               <property Visible="true"/>
               <property StyleSheetClass="CancelButton"/>
               <property Enable="true"/>
               <property Moveable="true"/>
               <property Sizeable="true"/>
               <property Bold="false"/>
               <property ToolTipEnable="false"/>
               <property ToolTip=""/>
               <property ImageData=""/>
               <property ImageDataPressed=""/>
               <property Text="Cancel"/>
               <property Alignment="center"/>
               <property UserControl=""/>
               <property TabOrder="1"/>
               <property Height="35"/>
               <property Width="150"/>
           </widget>
           <widget>
               <property ID="uctSaveButton"/>
               <property ObjectType="UserControl"/>
               <property XPos="469"/>
               <property YPos="170"/>
               <property FileName="UCT-SaveButton.xml"/>
               <property Visible="true"/>
               <property Enable="true"/>
               <property Moveable="true"/>
               <property Sizeable="false"/>
               <property ToolTipEnable="true"/>
               <property UserControl="UCT-SaveButton"/>
               <property Height="37"/>
               <property Width="152"/>
           </widget>
           <widget>
                   <property ID="lblPendingParamSaveName"/>
                   <property ObjectType="Label"/>
                   <property XPos="20"/>
                   <property YPos="50"/>
                   <property Menu=""/>
                   <property MenuItem=""/>
                   <property Text="Name"/>
                   <property StyleSheetClass="PendingParamSaveName"/>
                   <property Visible="true"/>
                   <property Enable="true"/>
                   <property Moveable="true"/>
                   <property Sizeable="true"/>
                   <property FontSize="Small"/>
                   <property Bold="false"/>
                   <property ToolTipEnable="true"/>
                   <property Color=""/>
                   <property ToolTip=""/>
                   <property BGColor=""/>
                   <property PropScientific="false"/>
                   <property Alignment="Left"/>
                   <property UserControl=""/>
                   <property Height="20"/>
                   <property Width="100"/>
           </widget>
           <widget>
                   <property ID="lblPendingParamSaveNameLnEdit"/>
                   <property ObjectType="Label"/>
                   <property XPos="25"/>
                   <property YPos="80"/>
                   <property Menu=""/>
                   <property MenuItem=""/>
                   <property Text="Your name"/>
                   <property StyleSheetClass="PendingParamSaveYourName"/>
                   <property Visible="true"/>
                   <property Enable="true"/>
                   <property Moveable="true"/>
                   <property Sizeable="true"/>
                   <property FontSize="Small"/>
                   <property Bold="false"/>
                   <property ToolTipEnable="true"/>
                   <property Color=""/>
                   <property ToolTip=""/>
                   <property BGColor=""/>
                   <property PropScientific="false"/>
                   <property Alignment="Left"/>
                   <property UserControl=""/>
                   <property Height="20"/>
                   <property Width="150"/>
           </widget>
           <widget>
               <property ID="lnePendingParamSaveName" />
               <property ObjectType="LineEdit" />
               <property XPos="20" />
               <property YPos="75" />
               <property Visible="true" />
               <property StyleSheetClass="PendingParamSaveNameEdit" />
               <property Enable="true" />
               <property Moveable="true" />
               <property Sizeable="true" />
               <property RegularExpression=".*" />
               <property Bold="false" />
               <property Color="" />
               <property ToolTipEnable="true" />
               <property BGColor="" />
               <property Text="" />
               <property Alignment="Left" />
               <property TabOrder="1" />
               <property Height="30" />
               <property Width="200" />
           </widget>
           <widget>
               <property ID="btnPendingParamSaveNameLnEditCancel"/>
               <property ObjectType="Button"/>
               <property XPos="194"/>
               <property YPos="80"/>
               <property Visible="true"/>
               <property Enable="true"/>
               <property Moveable="false"/>
               <property Sizeable="true"/>
               <property FontSize="Normal"/>
               <property Bold="false"/>
               <property Color="transparent"/>
               <property ToolTipEnable="true"/>
               <property BGColor="transparent"/>
               <property PropScientific="false"/>
               <property Text=""/>
               <property Alignment="Left"/>
               <property Height="20"/>
               <property Width="25"/>
           </widget>
           <widget>
                   <property ID="lblPendingParamSaveChangeReason"/>
                   <property ObjectType="Label"/>
                   <property XPos="20"/>
                   <property YPos="115"/>
                   <property Menu=""/>
                   <property MenuItem=""/>
                   <property Text="Change reason"/>
                   <property StyleSheetClass="PendingParamSaveChangeReason"/>
                   <property Visible="true"/>
                   <property Enable="true"/>
                   <property Moveable="true"/>
                   <property Sizeable="true"/>
                   <property FontSize="Small"/>
                   <property Bold="false"/>
                   <property ToolTipEnable="true"/>
                   <property Color=""/>
                   <property ToolTip=""/>
                   <property BGColor=""/>
                   <property PropScientific="false"/>
                   <property Alignment="Left"/>
                   <property UserControl=""/>
                   <property Height="20"/>
                   <property Width="200"/>
           </widget>
           <widget>
                   <property ID="lblPendingParamSaveChangeReasonTxtArea"/>
                   <property ObjectType="Label"/>
                   <property XPos="25"/>
                   <property YPos="139"/>
                   <property Menu=""/>
                   <property MenuItem=""/>
                   <property Text="Additional comments"/>
                   <property StyleSheetClass="PendingParamSaveChangeReasonComments"/>
                   <property Visible="true"/>
                   <property Enable="true"/>
                   <property Moveable="true"/>
                   <property Sizeable="true"/>
                   <property FontSize="Small"/>
                   <property Bold="false"/>
                   <property ToolTipEnable="true"/>
                   <property Color=""/>
                   <property ToolTip=""/>
                   <property BGColor=""/>
                   <property PropScientific="false"/>
                   <property Alignment="Left"/>
                   <property UserControl=""/>
                   <property Height="20"/>
                   <property Width="200"/>
           </widget>
           <widget>
               <property ID="txaPendingParamSaveChangeReason"/>
               <property ObjectType="TextArea"/>
               <property XPos="20"/>
               <property YPos="135"/>
               <property Menu=""/>
               <property MenuItem=""/>
               <property Text=""/>
               <property StyleSheetClass="PendingParamSaveChangeReasonEdit"/>
               <property Visible="true"/>
               <property Enable="true"/>
               <property Moveable="true"/>
               <property Sizeable="true"/>
               <property Bold="false"/>
               <property ToolTipEnable="false"/>
               <property Color=""/>
               <property ToolTip=""/>
               <property AutoScroll="true"/>
               <property ReadOnly="false"/>
               <property Alignment="left"/>
               <property UserControl=""/>
               <property TabOrder="1"/>
               <property Height="150"/>
               <property Width="600"/>
           </widget>
           <widget>
               <property ID="btnPendingParamCancelSave"/>
               <property ObjectType="Button"/>
               <property XPos="310"/>
               <property YPos="295"/>
               <property Menu=""/>
               <property MenuItem=""/>
               <property Visible="true"/>
               <property StyleSheetClass="CancelButton"/>
               <property Enable="true"/>
               <property Moveable="true"/>
               <property Sizeable="true"/>
               <property Bold="false"/>
               <property ToolTipEnable="false"/>
               <property ToolTip=""/>
               <property ImageData=""/>
               <property ImageDataPressed=""/>
               <property Text="Cancel"/>
               <property Alignment="center"/>
               <property UserControl=""/>
               <property TabOrder="1"/>
               <property Height="35"/>
               <property Width="150"/>
           </widget>
           <widget>
               <property ID="uctPendingParamFinalSave"/>
               <property ObjectType="UserControl"/>
               <property XPos="469"/>
               <property YPos="294"/>
               <property FileName="UCT-SaveButton.xml"/>
               <property Visible="true"/>
               <property Enable="true"/>
               <property Moveable="true"/>
               <property Sizeable="false"/>
               <property ToolTipEnable="true"/>
               <property UserControl="UCT-SaveButton"/>
               <property Height="37"/>
               <property Width="152"/>
           </widget>          
        </widget>       
    </widget>
    <widget>
        <property ID="lblAllCategories" />
        <property ObjectType="Label" />
        <property XPos="10" />
        <property YPos="80" />
        <property Menu="" />
        <property MenuItem="" />
        <property Visible="true" />
        <property StyleSheetClass="GenericHeader" />
        <property Enable="true" />
        <property Moveable="true" />
        <property Sizeable="true" />
        <property FontSize="Small" />
        <property Bold="false" />
        <property Color="white" />
        <property ToolTipEnable="true" />
        <property BGColor="Transparent" />
        <property ToolTip="" />
        <property PropScientific="false" />
        <property Text="ALL CATEGORIES" />
        <property Alignment="Left" />
        <property UserControl="" />
        <property Height="40" />
        <property Width="460" />
    </widget>
    <widget>
        <property ID="tawParameterTree"/>
        <property ObjectType="TableWidget"/>
        <property XPos="0"/>
        <property YPos="120"/>
        <property Menu=""/>
        <property MenuItem=""/>
        <property Visible="true"/>
        <property StyleSheetClass="parametertree"/>
        <property Enable="true"/>
        <property Moveable="true"/>
        <property Sizeable="true"/>
        <property ColumnCount="1"/>
        <property RowCount="1"/>
        <property RowHeights="0,41;"/>
        <property ColumnWidths="0,215"/>
        <property ListViewMode="false"/>
        <property BorderWidth="0"/>
        <property BorderOn="false"/>
        <property ToolTipEnable="true"/>
        <property ToolTip=""/>
        <property MultipleRowSelection="false"/>
        <property HeadersOn="false"/>
        <property HorizonHeaderTags=""/>
        <property VerticalHeaderTags=""/>
        <property UserControl=""/>
        <property TabOrder="0"/>
        <property Height="800"/>
        <property Width="205"/>
        <widget>
            <property ID="twi-tawParameterTree:1-1"/>
            <property ObjectType="TableWidgetItem"/>
            <property XPos="0"/>
            <property YPos="0"/>
            <property Menu=""/>
            <property CellName=""/>
            <property MenuItem=""/>
            <property Visible="true"/>
            <property StyleSheetClass="parametertree"/>
            <property Enable="false"/>
            <property Moveable="false"/>
            <property Sizeable="false"/>
            <property Bold="false"/>
            <property BorderWidth="0"/>
            <property BorderOn="false"/>
            <property ToolTipEnable="true"/>
            <property ToolTip=""/>
            <property Text=""/>
            <property Alignment="Left"/>
            <property UserControl=""/>
            <property Height="0:40"/>
            <property Width="0:205"/>
        </widget>
        </widget>
        </widget>
    </widget>
</SUI>
