<?xml version="1.0" encoding="UTF-8"?>
<UserControl>
    <property ID="UCT-PLOT"/>
    <property ObjectType="UserControl"/>
    <property XPos="0"/>
    <property YPos="0"/>
    <property Menu=""/>
    <property MenuItem=""/>
    <property FileName="/home/adt/Test/UCT-PLOT.xml"/>
    <property Visible="true"/>
    <property StyleSheetClass=""/>
    <property Enable="true"/>
    <property Moveable="true"/>
    <property Sizeable="false"/>
    <property ToolTipEnable="true"/>
    <property ToolTip=""/>
    <property UserControl="UCT-PLOT"/>
    <property Height="300"/>
    <property Width="300"/>
    <widget>
                    <property ID="gbxGraph"/>
                    <property ObjectType="GroupBox"/>
                    <property XPos="0"/>
                    <property YPos="18"/>
                    <property Menu=""/>
                    <property MenuItem=""/>
                    <property Visible="true"/>
                    <property StyleSheetClass="plots"/>
                    <property Enable="true"/>
                    <property Moveable="true"/>
                    <property HoverBGColor="standard"/>
                    <property Sizeable="true"/>
                    <property Bold="true"/>
                    <property ToolTipEnable="true"/>
                    <property BGColor="transparent"/>
                    <property ToolTip=""/>
                    <property Hover="false"/>
                    <property Text=""/>
                    <property UserControl=""/>
                    <property Height="300"/>
                    <property Width="300"/>
                    <widget>
                        <property ID="lblkpiname"/>
                        <property ObjectType="Label"/>
                        <property XPos="3"/>
                        <property YPos="5"/>
                        <property Menu=""/>
                        <property MenuItem=""/>
                        <property Visible="true"/>
                        <property StyleSheetClass="uctPKIGraphText"/>
                        <property Enable="true"/>
                        <property Moveable="true"/>
                        <property Sizeable="true"/>
                        <property FontSize="Normal"/>
                        <property Bold="true"/>
                        <property Color="transparent"/>
                        <property ToolTipEnable="true"/>
                        <property BGColor="transparent"/>
                        <property ToolTip=""/>
                        <property PropScientific="false"/>
                        <property Text="KPI Name"/>
                        <property Alignment="Left"/>
                        <property UserControl=""/>
                        <property Height="30"/>
                        <property Width="226"/>
                    </widget>
                    <widget>
                        <property ID="lblkpivalue"/>
                        <property ObjectType="Label"/>
                        <property XPos="230"/>
                        <property YPos="5"/>
                        <property Menu=""/>
                        <property MenuItem=""/>
                        <property Visible="true"/>
                        <property StyleSheetClass="uctPKIGraphValueText"/>
                        <property Enable="true"/>
                        <property Moveable="true"/>
                        <property Sizeable="true"/>
                        <property FontSize="Normal"/>
                        <property Bold="true"/>
                        <property Color="transparent"/>
                        <property ToolTipEnable="true"/>
                        <property BGColor="transparent"/>
                        <property ToolTip=""/>
                        <property PropScientific="false"/>
                        <property Text="00"/>
                        <property Alignment="Right"/>
                        <property UserControl=""/>
                        <property Height="30"/>
                        <property Width="32"/>
                    </widget>
                    <widget>
                        <property ID="lblkpiunit"/>
                        <property ObjectType="Label"/>
                        <property XPos="262"/>
                        <property YPos="7"/>
                        <property Menu=""/>
                        <property MenuItem=""/>
                        <property Visible="true"/>
                        <property StyleSheetClass="uctPKIGraphUnitText"/>
                        <property Enable="true"/>
                        <property Moveable="true"/>
                        <property Sizeable="true"/>
                        <property FontSize="Normal"/>
                        <property Bold="true"/>
                        <property Color="transparent"/>
                        <property ToolTipEnable="true"/>
                        <property BGColor="transparent"/>
                        <property ToolTip=""/>
                        <property PropScientific="false"/>
                        <property Text="k"/>
                        <property Alignment="Left"/>
                        <property UserControl=""/>
                        <property Height="30"/>
                        <property Width="36"/>
                    </widget>
                    <widget>
                        <property ID="plwgraph"/>
                        <property ObjectType="PlotWidget"/>
                        <property XPos="0"/>
                        <property YPos="80"/>
                        <property Menu=""/>
                        <property MenuItem=""/>
                        <property Visible="true"/>
                        <property StyleSheetClass="plotbackground"/>
                        <property Enable="true"/>
                        <property Moveable="true"/>
                        <property Sizeable="true"/>
                        <property ToolTipEnable="true"/>
                        <property ToolTip=""/>
                        <property Hover="false"/>
                        <property Zoom="false"/>
                        <property UserControl=""/>
                        <property xAxisScale=""/>
                        <property Height="200"/>
                        <property Width="300"/>
                    </widget>
                </widget>

</UserControl>
