<?xml version="1.0" encoding="UTF-8"?>
<SUI>
    <property SUICoreVersion="2.0.0"/>
    <property SUIEditorVersion="1.8.0"/>
    <property SUIObjectFactory="SUI Object factory"/>
    <property Height="960"/>
    <property SUIStylesheet="ADT"/>
    <property Width="1545"/>
    <property SUIVersion="2.0"/>
    <property SUIName="SUI"/>
    <property SUIDescription="SUI"/>
    <property HasBottomButtonBar="false"/>
    <property HasRightButtonBar="false"/>
    <property HasStatusBar="false"/>
    <widget>
        <property ID="wpg1"/>
        <property ObjectType="WidgetPage"/>
        <property UserControl=""/>
        <property XPos="0"/>
        <property YPos="0"/>
        <property Visible="true"/>
        <property Menu=""/>
        <property Enable="true"/>
        <property MenuItem=""/>
        <property Moveable="false"/>
        <property Sizeable="false"/>
        <property ToolTipEnable="true"/>
        <property ToolTip=""/>
        <property StyleSheetClass=""/>
        <property BGColor="white"/>
        <property Height="960"/>
        <property Width="1545"/>
        <widget>
            <property ID="lblEventViewHeader"/>
            <property ObjectType="Label"/>
            <property XPos="0"/>
            <property YPos="40"/>
            <property Menu=""/>
            <property MenuItem=""/>
            <property Text="Event Log (XER)"/>
            <property StyleSheetClass="GenericHeader"/>
            <property Visible="true"/>
            <property Enable="true"/>
            <property Moveable="true"/>
            <property Sizeable="true"/>
            <property FontSize="Large"/>
            <property Bold="false"/>
            <property ToolTipEnable="true"/>
            <property Color="white"/>
            <property ToolTip=""/>
            <property BGColor="Transparent"/>
            <property PropScientific="false"/>
            <property Alignment="Left"/>
            <property UserControl=""/>
            <property Height="30"/>
            <property Width="460"/>
        </widget>
        <widget>
            <property ID="gbxTable"/>
            <property ObjectType="GroupBox"/>
            <property XPos="0"/>
            <property YPos="80"/>
            <property Menu=""/>
            <property MenuItem=""/>
            <property Visible="true"/>
            <property StyleSheetClass="EventLog"/>
            <property Enable="true"/>
            <property Moveable="true"/>
            <property HoverBGColor="standard"/>
            <property Sizeable="true"/>
            <property Bold="true"/>
            <property ToolTipEnable="true"/>
            <property BGColor=""/>
            <property Color=""/>
            <property ToolTip=""/>
            <property Hover="false"/>
            <property Text=""/>
            <property UserControl=""/>
            <property Height="960"/>
            <property Width="1530"/>
            <widget>
                <property ID="textAreaEventViewerLog"/>
                <property ObjectType="TextArea"/>
                <property XPos="25"/>
                <property YPos="85"/>
                <property Menu=""/>
                <property MenuItem=""/>
                <property Visible="true"/>
                <property StyleSheetClass="descriptionDisplaytextEdit"/>
                <property Enable="true"/>
                <property Moveable="true"/>
                <property Sizeable="true"/>
                <property Bold="false"/>
                <property Color="standard"/>
                <property ToolTipEnable="true"/>
                <property ToolTip=""/>
                <property AutoScroll=""/>
                <property ReadOnly="true"/>
                <property Text=""/>
                <property BorderOn="false"/>
                <property Alignment="left"/>
                <property UserControl=""/>
                <property TabOrder="0"/>
                <property Height="790"/>
                <property Width="1000"/>
            </widget>
            <widget>
                <property ID="buttonUpdateLog"/>
                <property ObjectType="Button"/>
                <property XPos="25"/>
                <property YPos="25"/>
                <property Menu=""/>
                <property MenuItem=""/>
                <property Visible="true"/>
                <property StyleSheetClass="Updatelogbutton"/>
                <property Enable="true"/>
                <property Moveable="true"/>
                <property Sizeable="true"/>
                <property Bold="false"/>
                <property ToolTipEnable="true"/>
                <property ToolTip=""/>
                <property ImageData=""/>
                <property ImageDataPressed=""/>
                <property Text="Update Log"/>
                <property Alignment="center"/>
                <property UserControl=""/>
                <property TabOrder="1"/>
                <property Height="40"/>
                <property Width="160"/>
            </widget>
            <widget>
                <property ID="lblLastUpdatedDate"/>
                <property ObjectType="Label"/>
                <property XPos="220"/>
                <property YPos="30"/>
                <property Menu=""/>
                <property MenuItem=""/>
                <property Text="Last updated: "/>
                <property StyleSheetClass="LastUpdatedText"/>
                <property Visible="true"/>
                <property Enable="true"/>
                <property Moveable="true"/>
                <property Sizeable="true"/>
                <property FontSize="Small"/>
                <property Bold="false"/>
                <property ToolTipEnable="true"/>
                <property Color=""/>
                <property ToolTip=""/>
                <property BGColor=""/>
                <property PropScientific="false"/>
                <property Alignment="Left"/>
                <property UserControl=""/>
                <property Height="30"/>
                <property Width="300"/>
            </widget>
        </widget>
        <widget>
            <property ID="imvLogo"/>
            <property ObjectType="GraphicsView"/>
            <property XPos="1440"/>
            <property YPos="10"/>
            <property Menu=""/>
            <property MenuItem=""/>
            <property Visible="true"/>
            <property StyleSheetClass=""/>
            <property Enable="false"/>
            <property Moveable="false"/>
            <property Sizeable="false"/>
            <property ScrollBars="false"/>
            <property HasBottomButtonBar="false"/>
            <property HasRightButtonBar="false"/>
            <property HasStatusBar="false"/>
            <property AutoFitBG="padding"/>
            <property ZoomStyle="Panning"/>
            <property ScrollZoom="false"/>
            <property BorderOn="false"/>
            <property ToolTipEnable="false"/>
            <property ToolTip=""/>
            <property ImageData=""/>
            <property UserControl=""/>
            <property Height="40"/>
            <property Width="90"/>
        </widget>
    </widget>
</SUI>
